{"type":"FeatureCollection","features":[{"type":"Feature","id":"1979","properties":{"year":1979,"source":"SIG/Delimitacion_glaciar/Mocho19790406.shp","sourceCrs":"EPSG:32718","geometryAreaKm2":22.00260731832491,"area":null,"error":null},"geometry":{"type":"MultiPolygon","coordinates":[[[[-72.04613446563296,-39.90810197702845],[-72.04526064462388,-39.908457507684815],[-72.04486930275144,-39.90852623769913],[-72.04424591061218,-39.9087622104219],[-72.04397350030675,-39.9087785406308],[-72.04371499399356,-39.90893873956476],[-72.04272240014033,-39.90901594815972],[-72.04251438191034,-39.90881686812145],[-72.0423681652288,-39.908513893266644],[-72.04228375004335,-39.90810702382126],[-72.04117752436973,-39.908335818707265],[-72.04033678952294,-39.90823360806973],[-72.03882118474604,-39.90779886053439],[-72.03738578539313,-39.908514373406746],[-72.03656868250187,-39.90861487752158],[-72.03631519999009,-39.90918641473686],[-72.03566675587723,-39.90945196042574],[-72.03521836937797,-39.908932708031244],[-72.03516543586223,-39.90873073298589],[-72.03533599127019,-39.90827434959475],[-72.03493237350345,-39.90810415725008],[-72.03463781027573,-39.90807797949083],[-72.0345541747876,-39.90850948954486],[-72.0341600253591,-39.90855370622209],[-72.03422435835722,-39.907674923672154],[-72.03377826652537,-39.907645605755604],[-72.03340564161155,-39.90775413138132],[-72.03326174485586,-39.9082463237498],[-72.0335232995247,-39.91000039628678],[-72.03382555575847,-39.910456785262305],[-72.0337005338461,-39.910866815079885],[-72.03319875381004,-39.91112551866587],[-72.03294040571829,-39.9107174789097],[-72.0329408788638,-39.910351486801645],[-72.03264783162422,-39.910037010491585],[-72.03235889530646,-39.90998238368471],[-72.03224402096366,-39.90980234242308],[-72.03230524524224,-39.90944971302318],[-72.03209848643719,-39.90926731801869],[-72.03179627743205,-39.90916512349423],[-72.03164786836278,-39.9091391724221],[-72.03148591730624,-39.90925162474055],[-72.03145022249421,-39.90972297364821],[-72.03131293105433,-39.91006184689794],[-72.03115098600624,-39.91018028087176],[-72.03079889213856,-39.91024938644224],[-72.03054470083082,-39.91007186492468],[-72.03080393783661,-39.90942305480895],[-72.03036186349082,-39.90936449842804],[-72.03032458580265,-39.90916283100909],[-72.03081514953965,-39.90916359724894],[-72.03097236822553,-39.9090731735298],[-72.03084218484348,-39.908892738603654],[-72.03060072630356,-39.90880390440544],[-72.03001980982798,-39.90876540145868],[-72.02948332570176,-39.90911765205782],[-72.02899633216826,-39.90903432564228],[-72.02876305032659,-39.90911098945306],[-72.02884832118419,-39.90962085920941],[-72.0287232717126,-39.91003088266903],[-72.0287937385117,-39.9105285661768],[-72.0291291435093,-39.91092678427499],[-72.02958909038276,-39.91092677077285],[-72.02966056473076,-39.911046669027144],[-72.02923738215372,-39.91126014392874],[-72.02895699759681,-39.91127361570805],[-72.02840935940124,-39.910908325276864],[-72.02811940326147,-39.91087727487577],[-72.02780239903699,-39.91111708115609],[-72.02804131088251,-39.911264888784544],[-72.02788408338574,-39.91135530816796],[-72.02749559714353,-39.91112101675949],[-72.02762627703085,-39.91093546420623],[-72.02722094211077,-39.91038196206406],[-72.02568720801196,-39.9093331364214],[-72.0251165033177,-39.90905873946811],[-72.02459480303804,-39.909068956014664],[-72.0240843214737,-39.90952810813295],[-72.02365656885921,-39.90878511282887],[-72.0232298203639,-39.90872692298646],[-72.0230899647753,-39.90841635875416],[-72.02277492753068,-39.90820168075394],[-72.02211155931326,-39.90791009780329],[-72.02084316826628,-39.90764197823277],[-72.02082320736491,-39.90721580916772],[-72.0206668682504,-39.90696870049348],[-72.02026379118848,-39.9066819343319],[-72.01945339143175,-39.90672918211458],[-72.0183638708411,-39.90630565505343],[-72.01813310478124,-39.906729689500956],[-72.01842759866831,-39.90742248801834],[-72.01952150425645,-39.90928073410894],[-72.01930973798214,-39.90962846809699],[-72.01922596045857,-39.9099886030423],[-72.02008197892597,-39.9105799233],[-72.0203641260755,-39.91095608760091],[-72.02050628176615,-39.911923964216314],[-72.0206512890626,-39.912201431174076],[-72.02139886953935,-39.91259102463554],[-72.02153938909723,-39.91276633560741],[-72.02276926284884,-39.913552427770625],[-72.02255845878666,-39.91404371877312],[-72.02219701479879,-39.914129851963224],[-72.02175912960519,-39.913987866275676],[-72.02141175517065,-39.913638974819925],[-72.02077713210454,-39.91355325192959],[-72.0205061996496,-39.91343247612014],[-72.02016107975813,-39.9131346579229],[-72.01982157576268,-39.91296453208968],[-72.01937023365659,-39.912516072352595],[-72.01892899746609,-39.91229745915633],[-72.0185488698267,-39.91194079111606],[-72.01792017071578,-39.91156791684124],[-72.01723428191687,-39.911484100377756],[-72.01713828531814,-39.91083559662945],[-72.0169336967842,-39.91071308445684],[-72.01661504179164,-39.91026115817058],[-72.01623791281484,-39.9099897291926],[-72.01527583500577,-39.90948169228057],[-72.01503243523993,-39.90945130848289],[-72.0144366466953,-39.90907985797904],[-72.01390824036709,-39.909073833758065],[-72.01370810716519,-39.90952813202018],[-72.01433327903764,-39.91023493472712],[-72.01520342155224,-39.910506037990345],[-72.01531080760107,-39.91078004201768],[-72.01483887949104,-39.91130918585709],[-72.01485464886773,-39.91165198217466],[-72.0152047778637,-39.91206242570928],[-72.01556554279813,-39.91210907878241],[-72.01572388513968,-39.912465414362124],[-72.01541246761981,-39.91257545789347],[-72.01532411012677,-39.91284473236306],[-72.01514796176703,-39.91301729259566],[-72.01498308544653,-39.9129303988693],[-72.014768165674,-39.91293666787308],[-72.014701210638,-39.91341901117052],[-72.01446385950791,-39.91323579681792],[-72.01437715579702,-39.91276130054036],[-72.01337506695484,-39.912471428041165],[-72.0130759387634,-39.91217416427358],[-72.01230484200792,-39.91215467308992],[-72.01176664342319,-39.912595161622704],[-72.01179836598902,-39.912984115032955],[-72.01149661403515,-39.91279424555385],[-72.01107023501575,-39.9129409029203],[-72.01097704897904,-39.91315798519848],[-72.01131976656555,-39.9134456480007],[-72.01140089356683,-39.91395759441455],[-72.00953241865581,-39.913839502353284],[-72.00927554977882,-39.91400434557319],[-72.00930219243719,-39.914277628045696],[-72.0080686175015,-39.91458646252474],[-72.00733438252587,-39.91464573798249],[-72.0065765035354,-39.91519009070501],[-72.00588078288736,-39.91528115293239],[-72.0051766891026,-39.91560534363636],[-72.0049126201271,-39.91603535865302],[-72.00396912531201,-39.916223480744684],[-72.00289758459422,-39.91628254778228],[-72.00280838683148,-39.91675937265166],[-72.00244150150921,-39.916757583506346],[-72.00228768745798,-39.91693103855241],[-72.00247018206093,-39.917581588824774],[-72.0034532822463,-39.91825375301551],[-72.00355027388545,-39.9184440808989],[-72.00345117586681,-39.918606809017504],[-72.00313816863762,-39.91875219730395],[-72.00210633927311,-39.918855372959605],[-72.00212267400832,-39.918998342329104],[-72.00344713690143,-39.920126542816],[-72.0041491429749,-39.92057720463659],[-72.0045141504989,-39.92070331392412],[-72.00487303354896,-39.920521712665575],[-72.0054612667353,-39.92055164546245],[-72.00555677165428,-39.921057573954734],[-72.00587591894704,-39.921309145704015],[-72.00581901448778,-39.921852922015646],[-72.00664263132632,-39.921896512500645],[-72.00677882333778,-39.92165572166395],[-72.0071745533135,-39.921645450098374],[-72.00710942280477,-39.92183355625216],[-72.00771026994869,-39.922151246734124],[-72.0080267972859,-39.92251021051535],[-72.0068946061012,-39.922627395469654],[-72.0054687063632,-39.92227177087793],[-72.00509956142098,-39.92229764800948],[-72.00384576373098,-39.92186380693778],[-72.00278337773834,-39.92161200240565],[-72.00238154384034,-39.92168425121914],[-72.00213635207504,-39.9220321019741],[-72.00165908290984,-39.92202009496329],[-72.0016083470481,-39.92220217625287],[-72.00169033288184,-39.922567234403914],[-72.0020726452684,-39.92314026544423],[-72.00207239066476,-39.92384864944134],[-72.00218720521976,-39.92402871820555],[-72.0024455370238,-39.9240826288402],[-72.00242404277509,-39.924223750790155],[-72.00234282402775,-39.92432790779985],[-72.00212580954631,-39.92438132471001],[-72.00179140597011,-39.92431363808729],[-72.00169280942362,-39.92446457090835],[-72.00179526677864,-39.92492767640036],[-72.00173684198764,-39.925047448617796],[-72.00157258585509,-39.92511081716203],[-72.00195693549004,-39.925439540182296],[-72.00191806269879,-39.925627438276614],[-72.00166333006328,-39.9254909740251],[-72.00131257433377,-39.925446475756665],[-72.0006334577285,-39.92554695992868],[-72.00059200573833,-39.92579382327365],[-72.00072144286398,-39.92608339171937],[-72.0008312851187,-39.92628408490461],[-72.00106156401341,-39.926278239910296],[-72.00144797717688,-39.9265597920235],[-72.00201308481753,-39.926761696189445],[-72.00261353886357,-39.92690873111868],[-72.00316703689212,-39.9268758249177],[-72.00417188516913,-39.927135053694286],[-72.00396534666835,-39.92744545313638],[-72.00362870756702,-39.92746547990272],[-72.00336965046098,-39.92724623823659],[-72.00273985366877,-39.92727386235156],[-72.0017893458755,-39.92802156224578],[-72.00098906886886,-39.928177871334526],[-72.00082670541647,-39.92782054404643],[-71.99995546960551,-39.92769623617308],[-71.99986061897881,-39.92754052158351],[-71.99957673987676,-39.927621152903626],[-71.99921552407928,-39.92816670214799],[-71.99857047552076,-39.928539605709645],[-71.99921840277885,-39.928963740825914],[-72.00026407460916,-39.929049642722696],[-72.00094014249541,-39.92870723592415],[-72.0011372179499,-39.92875956377509],[-72.00128112864437,-39.92897580610036],[-72.00095266129726,-39.92935944632651],[-72.00050477840514,-39.92954603200092],[-72.00010017977517,-39.93003142806233],[-71.99984941678127,-39.930154805453135],[-71.999517879899,-39.930108374182836],[-71.99908040262557,-39.93020572569088],[-71.99878021987918,-39.93005627115171],[-71.99844435372913,-39.93005708043302],[-71.99824603288985,-39.93022038432541],[-71.99829024868234,-39.9307401592079],[-71.99685917726798,-39.93085064970033],[-71.99629842281102,-39.93104862796021],[-71.99591942472074,-39.931298542939814],[-71.99597994121488,-39.931843210628706],[-71.99585310071232,-39.9322885677609],[-71.99587083753246,-39.93258418984813],[-71.9963720747548,-39.93304583383256],[-71.99673147720993,-39.93324405592924],[-71.99657106335131,-39.933405187750324],[-71.99592146819629,-39.93353002155223],[-71.99593117231095,-39.93383911788993],[-71.99633307470657,-39.93380047824357],[-71.9971642264889,-39.93386921172111],[-71.99737560087453,-39.933945529713675],[-71.99726441967181,-39.93420829371839],[-71.99708868528435,-39.93436902909766],[-71.99683153103244,-39.93446271774829],[-71.99676656301722,-39.93472077605717],[-71.99643995361049,-39.93482446959959],[-71.99643014988212,-39.93504853856073],[-71.99674584646807,-39.93536959549839],[-71.99604924189647,-39.93551682396965],[-71.99572082124305,-39.93566179112446],[-71.99567271573765,-39.93588486661008],[-71.99534713160094,-39.93596497060298],[-71.99451987473213,-39.93699428648184],[-71.99431913772199,-39.93738315134772],[-71.9945396460124,-39.937756979428926],[-71.99492131035151,-39.938130632207304],[-71.99566904685308,-39.93852038527566],[-71.99714072424953,-39.938307221923644],[-71.99763007515801,-39.9388222993687],[-71.99820296466191,-39.939049663236624],[-71.99872076433388,-39.93913391920161],[-71.9990640897798,-39.93933074224654],[-71.99900036033969,-39.93975510002773],[-71.99819131276216,-39.94001749252978],[-71.99779607199142,-39.93993641063571],[-71.99757952024649,-39.93997802383314],[-71.99735471351529,-39.94020832625807],[-71.99752824334938,-39.94044895380085],[-71.99783259402167,-39.94050406808256],[-71.99801305829932,-39.94067980358441],[-71.99765668813346,-39.9410189938568],[-71.99691406448507,-39.94116503404264],[-71.99671679692496,-39.9414668879249],[-71.99704250509104,-39.941735074579874],[-71.99746736518205,-39.94184053984471],[-71.99795763764035,-39.94185324704513],[-71.9979146149731,-39.94213548742366],[-71.99744569566052,-39.94233585003198],[-71.99724945866696,-39.942614118536795],[-71.99739846824058,-39.94286490535036],[-71.99775180643887,-39.943052172716015],[-71.99862527149605,-39.94272061409202],[-71.99873649512858,-39.94298323838486],[-71.99860154658774,-39.94326309716911],[-71.99795495520104,-39.943317180247924],[-71.99752802144435,-39.943258888822264],[-71.99644004517432,-39.943584876933706],[-71.99597730645415,-39.94364371603467],[-71.99555726588477,-39.94412869358089],[-71.99525083608637,-39.94412074510541],[-71.99507386729096,-39.944659251754274],[-71.9939755263068,-39.945221076593604],[-71.99387429696735,-39.94543096580635],[-71.99410601410631,-39.9457439471995],[-71.99391181978254,-39.94597503682434],[-71.9936012488156,-39.946061428096165],[-71.99342529469311,-39.94657634530789],[-71.99304206308513,-39.94692059107016],[-71.99336054646638,-39.947353890901844],[-71.99424716715053,-39.94742412749921],[-71.99438041794421,-39.9475338433501],[-71.99452003585282,-39.94819862783716],[-71.99440528878368,-39.9483668440533],[-71.99385896952451,-39.94866949016502],[-71.99388079887984,-39.948909870738895],[-71.99401808785893,-39.94897663519877],[-71.99423234531783,-39.94898809858122],[-71.99489130192728,-39.94882809967537],[-71.9948253631537,-39.948932647055045],[-71.9950791324441,-39.94909271471699],[-71.99539987413294,-39.949124648055395],[-71.99573025875253,-39.94928670166971],[-71.99700153662086,-39.94894214566563],[-71.99791851725573,-39.948357598011924],[-71.9982024989222,-39.94835315140607],[-71.99872529743287,-39.948850763889446],[-71.99923852930472,-39.94904115810001],[-71.99937816340812,-39.94918054982511],[-71.99955260393256,-39.94975177903326],[-71.99992005674018,-39.9498557486748],[-72.00110884249031,-39.9495943229901],[-72.00125460784638,-39.949418048175175],[-72.0025457075255,-39.94908948305464],[-72.00391510389714,-39.94834785999307],[-72.00415494741662,-39.94842756486899],[-72.00406869002839,-39.94970043324321],[-72.00426170822885,-39.94984710318084],[-72.00449206650217,-39.94984125429465],[-72.0045798849859,-39.94993797716224],[-72.00447867966462,-39.95014787644307],[-72.00456495388627,-39.95027997880981],[-72.00485660560541,-39.95027571428922],[-72.0053240389884,-39.95041505955114],[-72.00712698433286,-39.95027536750177],[-72.0076137209142,-39.95037058841135],[-72.00770051591071,-39.95049089547678],[-72.00765958287458,-39.95072596762325],[-72.0072376276299,-39.95090396971762],[-72.00658839494339,-39.95101706447086],[-72.00604373376628,-39.95154608522845],[-72.00527531572898,-39.95344275492457],[-72.00545933159378,-39.95423058323508],[-72.00543193276306,-39.954742651062496],[-72.00508372376403,-39.95526391812342],[-72.00460906687287,-39.95559403148722],[-72.00393042622838,-39.95637931867782],[-72.0029809277304,-39.95879869134845],[-72.00290500055183,-39.95890242252489],[-72.00260333901893,-39.959013243042826],[-72.00210830288374,-39.95910668902665],[-72.00132991263592,-39.960066474801415],[-72.00053941659056,-39.960600909218606],[-72.00002285124755,-39.96083546595085],[-71.99962770109606,-39.96145097203669],[-71.99996677324147,-39.96176672294426],[-72.00049439735481,-39.96198109806534],[-72.0008468850002,-39.96199022617234],[-72.00121432686899,-39.96165735330872],[-72.00167821611342,-39.96157491154391],[-72.00200418618252,-39.961853297096994],[-72.00197826379554,-39.96202016021318],[-72.0024772128741,-39.962032794672254],[-72.00337256723698,-39.96161327842846],[-72.00356219129844,-39.96139103415481],[-72.00403847188561,-39.96128179479026],[-72.00491601029368,-39.9608189926527],[-72.00512203008465,-39.96021280240255],[-72.00583125995959,-39.95933787477857],[-72.00695179091066,-39.959129814168065],[-72.0078471584147,-39.958735602912434],[-72.00775223134633,-39.95844979531746],[-72.00746014075882,-39.95811166783939],[-72.00771717008773,-39.95784675960386],[-72.00787093178991,-39.957838925410734],[-72.0079425192181,-39.95760464532721],[-72.00827554718201,-39.95770769961136],[-72.00880275852988,-39.957579638507596],[-72.0088733139656,-39.957368944095194],[-72.00915944160671,-39.95714020340248],[-72.00952723178686,-39.95714969991704],[-72.00964674381646,-39.95722362436651],[-72.00975263223427,-39.957610068534095],[-72.01041175630455,-39.95797537426507],[-72.01064461778293,-39.95826473989222],[-72.01085692348421,-39.9590258335288],[-72.01123079943585,-39.959247998328195],[-72.01170031449958,-39.959035789937325],[-72.01227145104875,-39.9589560722553],[-72.01230792328445,-39.95811875318891],[-72.01241271396766,-39.95782629426025],[-72.01270140037174,-39.95753857830573],[-72.01325206367257,-39.95757639237957],[-72.0135043688323,-39.95777180191985],[-72.01391284946655,-39.95860878734706],[-72.01393418047748,-39.95917604830909],[-72.01374510173771,-39.96018121632419],[-72.01440822532678,-39.96044565876187],[-72.01492309325778,-39.960777704390956],[-72.01509116030141,-39.96079384230222],[-72.01521031043798,-39.96044812307537],[-72.0154506097186,-39.96046662055229],[-72.01564544377602,-39.96074909319311],[-72.01582838781677,-39.96148273022099],[-72.0163943684623,-39.961332416924314],[-72.01626689812097,-39.960770844726376],[-72.01669373307912,-39.96063442142731],[-72.01697898284328,-39.96127199854416],[-72.01789504303983,-39.96194045808451],[-72.01880536296717,-39.96217640945421],[-72.01957831825352,-39.96204281797641],[-72.01997460381433,-39.96161759608533],[-72.02020723584208,-39.96169299891935],[-72.02049838078422,-39.96205468353076],[-72.02085595535611,-39.96230001125282],[-72.02123701320683,-39.96271123267553],[-72.02193279145982,-39.96294164173307],[-72.02249879729229,-39.963334001429274],[-72.023489849895,-39.96383173444586],[-72.02422448826644,-39.963874224681874],[-72.02566827379562,-39.964214364802736],[-72.02589047323035,-39.96392611433412],[-72.02628322844376,-39.964175702192684],[-72.02691880527593,-39.96543103631],[-72.02736735894418,-39.965702292590684],[-72.02788540185351,-39.96578642644714],[-72.02931942964186,-39.96576840293991],[-72.03134899083035,-39.965511938903624],[-72.03184736487576,-39.96535673561538],[-72.03151525891076,-39.96452176895618],[-72.0320271457347,-39.96403901416206],[-72.03289251355604,-39.96283330937338],[-72.03347133803348,-39.96293078163385],[-72.03419380390893,-39.96244352693014],[-72.03422632429383,-39.961793078140126],[-72.03403779694962,-39.961540313777846],[-72.03393865081502,-39.960994675206166],[-72.03398508704255,-39.960275666942],[-72.03488384093916,-39.960120695283486],[-72.03499294875972,-39.95967572625249],[-72.03532854798833,-39.95936554075841],[-72.03500967803657,-39.95822395262348],[-72.03441502653425,-39.95778369411735],[-72.03435318787112,-39.9574397217177],[-72.03473733273673,-39.95742594375788],[-72.03486910909263,-39.95721679988481],[-72.03467036415431,-39.95684570973416],[-72.03424840616458,-39.95666961496928],[-72.03330003394154,-39.95418564269446],[-72.03484672038296,-39.95330908810153],[-72.03527741279969,-39.953449163530856],[-72.03569323932837,-39.953766775848734],[-72.03563813014266,-39.95433207881754],[-72.03608970768192,-39.95453253942843],[-72.03636155000163,-39.955342339103936],[-72.03669185109422,-39.955859223477894],[-72.03691535677198,-39.9560176733121],[-72.0368101630629,-39.95632195191794],[-72.0369205352191,-39.956608132130796],[-72.03724749465711,-39.956852626437055],[-72.03754389644992,-39.95780472986289],[-72.03787790869157,-39.958110277356454],[-72.03848285314717,-39.95808848502609],[-72.03895404635246,-39.957878685823076],[-72.03887239229662,-39.95736112936872],[-72.03849779757815,-39.95719019236385],[-72.03812820294414,-39.95713210100428],[-72.03811520751182,-39.95683869897557],[-72.0388777222897,-39.95681869498966],[-72.03966323985156,-39.957317781149484],[-72.04057839984738,-39.95742933329641],[-72.04189999948511,-39.956112330637],[-72.0421724005036,-39.95530303239386],[-72.04213236458213,-39.95440025996877],[-72.04137734593598,-39.95359534870628],[-72.04082130857219,-39.953304907433335],[-72.04011848627016,-39.953345952647226],[-72.0399838414204,-39.95262642707084],[-72.03931342972419,-39.95207348170031],[-72.03862519932844,-39.95178084939719],[-72.03835969145508,-39.95142063569585],[-72.04015384808702,-39.95083126231838],[-72.04013509643318,-39.95040808664488],[-72.04143454191077,-39.95024969643036],[-72.04154333577986,-39.950054776876435],[-72.0411707768228,-39.949928985785796],[-72.04123458401158,-39.94971265206617],[-72.04197850535597,-39.949275097813405],[-72.04257864977639,-39.94923673896673],[-72.04245599940114,-39.948788048420795],[-72.04193898082426,-39.94838360895525],[-72.04259626380274,-39.94830985605171],[-72.04394530043425,-39.948922999798896],[-72.04450853232973,-39.94906175224874],[-72.04488098048263,-39.94885425029909],[-72.04478224210797,-39.94861394313129],[-72.04557086463518,-39.94819213770501],[-72.04685609136298,-39.948045358757454],[-72.04789970657696,-39.94774675443696],[-72.04732740466078,-39.9470895934935],[-72.04648531475823,-39.94663723728882],[-72.0453788301351,-39.94618052877391],[-72.04455253526784,-39.9460836238312],[-72.04340138099003,-39.94495020156992],[-72.0435176069014,-39.94456086797839],[-72.04402146572332,-39.94425888528421],[-72.0440009259957,-39.943786098794014],[-72.04465331456589,-39.94383422917463],[-72.04529893413728,-39.94403960403833],[-72.04652225599999,-39.94507829471469],[-72.04666945358825,-39.9454598576975],[-72.04711214743224,-39.9456285645168],[-72.04845512202104,-39.94578872852499],[-72.04899306781722,-39.94564501348463],[-72.04953642013771,-39.945375496909605],[-72.05062892643517,-39.945082061042044],[-72.05239779028325,-39.94525011853266],[-72.05263397668321,-39.94495015151346],[-72.05281412977472,-39.94438051378652],[-72.05281423227645,-39.9440528750282],[-72.05307195281523,-39.94357722375291],[-72.05241081702982,-39.94321329696592],[-72.05213696262744,-39.94292297038783],[-72.05217595863519,-39.94257273745555],[-72.05255635496232,-39.942681768746],[-72.05297003390298,-39.942935935726425],[-72.05285587005741,-39.94237454729355],[-72.05222753525116,-39.94175228795682],[-72.05139311914898,-39.941141595409036],[-72.05129361856991,-39.94088436708191],[-72.05162951562404,-39.94018635232391],[-72.0513374295068,-39.93988900631099],[-72.05087243687056,-39.939664000580706],[-72.0506433516278,-39.93847246665306],[-72.05031281503365,-39.938300406382545],[-72.04978931710114,-39.937749300244654],[-72.04951816608606,-39.936931698831245],[-72.04983188484093,-39.93606480566169],[-72.04956586735801,-39.9351753664173],[-72.04972492176465,-39.93432934329279],[-72.0502187430493,-39.93420177817737],[-72.05036745176486,-39.933653052214154],[-72.05138067594858,-39.933867751885806],[-72.05240605966685,-39.93379939398263],[-72.05274773742171,-39.9334617605984],[-72.05260457768709,-39.932985854689264],[-72.05203939066217,-39.932814052310114],[-72.05138304655439,-39.93286031667387],[-72.05076620795406,-39.932650858338036],[-72.04965742254787,-39.93213775928434],[-72.04950487079368,-39.931836484913006],[-72.04885529435433,-39.93172548623117],[-72.04796973671507,-39.93139595226482],[-72.04823276194946,-39.93098548843964],[-72.04920238453863,-39.93126206426321],[-72.04955868858426,-39.9312365330984],[-72.04924680137549,-39.930704350458626],[-72.04881099939512,-39.93026200592058],[-72.04796711016623,-39.92976451341189],[-72.04713483983592,-39.929650912721016],[-72.04633093791196,-39.929931828576905],[-72.04600738942592,-39.92971662195666],[-72.04590581003046,-39.92922602625742],[-72.04553984869759,-39.9291773384294],[-72.04518919565103,-39.92867389547745],[-72.04468587205115,-39.92835270864814],[-72.04473247435337,-39.928220089529574],[-72.04504872112676,-39.92823602756729],[-72.04524884708964,-39.92809945301745],[-72.04515416634649,-39.92792387486595],[-72.04487532535113,-39.92775147017863],[-72.04458525826861,-39.927602391610314],[-72.0435490746512,-39.927686147611595],[-72.04342827584404,-39.927879841125794],[-72.04303798148355,-39.927815301047104],[-72.04294344523586,-39.92750539821442],[-72.04326397690416,-39.926946863457864],[-72.04394537115311,-39.92655495732007],[-72.04491371886344,-39.926432867987],[-72.0452717842881,-39.92590375535366],[-72.04494185578133,-39.925730305465585],[-72.04373844565382,-39.925740692313624],[-72.04337267291173,-39.92543396277588],[-72.0433738265895,-39.925107839858384],[-72.0438027284486,-39.92511878512381],[-72.04424393278359,-39.92531894807696],[-72.04483336576112,-39.92528260079484],[-72.0450165454211,-39.92478068115659],[-72.04595522650742,-39.92451252220504],[-72.0468599583219,-39.92439390904663],[-72.04730792865885,-39.924436811586],[-72.04760738176346,-39.92412960082769],[-72.04770800407566,-39.92369138550432],[-72.0480823870024,-39.923543504167654],[-72.04877813826091,-39.92352974567389],[-72.04989722059662,-39.92318043671203],[-72.05100548882042,-39.92308271571177],[-72.05242973123822,-39.92324489791072],[-72.0527264574521,-39.92300057272628],[-72.05322201772744,-39.922887241534774],[-72.0539913626177,-39.92306422919821],[-72.05483701125851,-39.92336908875239],[-72.05527130061606,-39.92325419114334],[-72.05464558865177,-39.9230651215155],[-72.05495666123683,-39.92296283456853],[-72.0550233259336,-39.922838592023695],[-72.0543507018152,-39.92279000764248],[-72.05432030885429,-39.92254523159634],[-72.05451669091289,-39.92249512713801],[-72.05513555695514,-39.92260531265561],[-72.05617253257206,-39.92297799425309],[-72.0564552239622,-39.922583752257864],[-72.05706478900812,-39.92243394563243],[-72.05760611436985,-39.92268382761773],[-72.05801593035193,-39.922662750956654],[-72.05820445615292,-39.92255734315662],[-72.05792863266052,-39.92231420663788],[-72.05815800420272,-39.922209836163034],[-72.057202825904,-39.92207538244691],[-72.05759558341248,-39.92197516314979],[-72.05828458516778,-39.92211859739734],[-72.05855884277452,-39.92192091288399],[-72.05810190629212,-39.92161020966827],[-72.05837144788339,-39.92152260093093],[-72.05870023783781,-39.921483722251445],[-72.05922787210497,-39.92157582745297],[-72.0600046247248,-39.921579799373305],[-72.06000866340217,-39.92148544888192],[-72.05938429914502,-39.92126495477156],[-72.0593706086089,-39.921107185652176],[-72.05956047444965,-39.92097032523684],[-72.06038816148947,-39.92073945475223],[-72.05969018912567,-39.92032818865372],[-72.05974449751153,-39.920014723641756],[-72.06034325259996,-39.91940023105247],[-72.06014710387875,-39.919206347887936],[-72.05880999673452,-39.91892053619524],[-72.05834028309269,-39.91890861076836],[-72.05784475905344,-39.91902196528622],[-72.05706871010713,-39.91900225488225],[-72.05574146110933,-39.91944079753263],[-72.05424185768541,-39.91960732592873],[-72.05295861724446,-39.91949598001515],[-72.0508726236363,-39.9191923469239],[-72.0494486554288,-39.91884571223389],[-72.04902603020776,-39.917433030166244],[-72.04864985318834,-39.916691009014734],[-72.04770649440604,-39.91659164403507],[-72.04739597243142,-39.91620591938681],[-72.04598270974097,-39.91579208247437],[-72.04503090266796,-39.91510664043407],[-72.0447720669626,-39.91447035293562],[-72.04449404174875,-39.91332982685298],[-72.04498893466383,-39.912697377243084],[-72.0455515788899,-39.91250672357855],[-72.04645277173144,-39.91246673219039],[-72.04751056801499,-39.91258814615547],[-72.0475595918359,-39.911653503444256],[-72.04827688570995,-39.91161768578014],[-72.04965799122557,-39.91133278588198],[-72.05057698567977,-39.91068273618298],[-72.05016825734523,-39.90972780095151],[-72.04968899373222,-39.909463723338924],[-72.05047144795661,-39.90939115995467],[-72.0506231580361,-39.90919037384785],[-72.05032159384923,-39.90907250170343],[-72.04970654834955,-39.90905487413584],[-72.04948356682837,-39.90859464101213],[-72.04847060945777,-39.90804811634804],[-72.04660815543377,-39.90801959964848],[-72.04613446563296,-39.90810197702845]],[[-72.02881437557764,-39.92821828419611],[-72.0264128882175,-39.92838357848232],[-72.02627306332326,-39.92740926530748],[-72.02632055340989,-39.927020868175],[-72.02650488369477,-39.92665959649291],[-72.02718908704296,-39.92608682842183],[-72.02705071443098,-39.92574088746775],[-72.02721512455837,-39.9254853623078],[-72.0271676379772,-39.92516536676807],[-72.02732243901997,-39.924382963440664],[-72.02762869233327,-39.92443338403637],[-72.02858605354407,-39.92498923839269],[-72.02869275743552,-39.92464958499438],[-72.02864169239764,-39.92441214409004],[-72.02899501676929,-39.92439759264169],[-72.0293098112156,-39.924195437193994],[-72.02961129017935,-39.924330749626584],[-72.03022348263481,-39.92435825119498],[-72.03040015397166,-39.92452807185385],[-72.03073102252218,-39.9246782313617],[-72.03100676183182,-39.925039495223416],[-72.03118294931527,-39.92557530574426],[-72.0321250654031,-39.9264849373994],[-72.03223028046186,-39.926889055937366],[-72.03277924638446,-39.92767054448405],[-72.03318061258587,-39.927964181539785],[-72.03320207750764,-39.92817724936741],[-72.03349214263925,-39.92856248743975],[-72.0332526828909,-39.9287806799824],[-72.03287073728552,-39.92874728489854],[-72.03237598270961,-39.92919506773714],[-72.0325205047793,-39.92939948135429],[-72.03279369365609,-39.92946551174116],[-72.03268802020925,-39.929781582136044],[-72.03291270611129,-39.92990540267254],[-72.03332379904566,-39.930329160572576],[-72.03487203250886,-39.93034518557816],[-72.03516716700814,-39.930258286807856],[-72.03590701400776,-39.9298167632676],[-72.03601063649074,-39.929547863555094],[-72.03673828015714,-39.92956647839332],[-72.03701004945935,-39.930376276240686],[-72.0368716446687,-39.9304241062209],[-72.03684212420482,-39.930891469965985],[-72.03666852384788,-39.93100509503972],[-72.03672374145297,-39.93150238318517],[-72.03603796200093,-39.93157929166058],[-72.03591844038704,-39.93132829576195],[-72.03575451171936,-39.931217842212774],[-72.03437016518153,-39.93113518506534],[-72.03430734205624,-39.93099189806312],[-72.03414137912934,-39.930928616419514],[-72.03320794998132,-39.931058200363964],[-72.03266263497353,-39.93161094827705],[-72.03280461412704,-39.93187432918414],[-72.0335956546868,-39.93202567587914],[-72.03355019603408,-39.93236568607999],[-72.03311004072141,-39.93261415830792],[-72.0327577215546,-39.93295933113096],[-72.03257292177163,-39.93368660378455],[-72.03265158640174,-39.933995589185926],[-72.03076167431644,-39.934608329890345],[-72.03042514756751,-39.934587897106084],[-72.03012844427487,-39.9343559664689],[-72.0293711302492,-39.934135837361566],[-72.02893271947065,-39.93363462245031],[-72.02895542707647,-39.932932715331326],[-72.02875524582566,-39.93259699779265],[-72.02876031975961,-39.93219739334838],[-72.02980876743835,-39.93201180584181],[-72.0309423337983,-39.93129060137966],[-72.03097182488492,-39.93010361352875],[-72.03087683251584,-39.92981782159659],[-72.03036923849454,-39.92914364381691],[-72.02940465092513,-39.928398713554365],[-72.02881437557764,-39.92821828419611]],[[-72.01982852403441,-39.959109440585216],[-72.01988768132193,-39.95986657805619],[-72.01978333535426,-39.960855638259225],[-72.01919612499624,-39.96127636147438],[-72.01890357491146,-39.96132887042297],[-72.01890162946158,-39.960667657136895],[-72.01871115361472,-39.960002011897195],[-72.01838990023154,-39.9597335790185],[-72.01814161928596,-39.959798026266625],[-72.0177911305323,-39.96009597109956],[-72.01748975151506,-39.9599701459943],[-72.01750718743101,-39.959569174480606],[-72.0178434321844,-39.958893056151815],[-72.0183921687739,-39.95826963290901],[-72.01931269238847,-39.958269712730406],[-72.01960484392562,-39.95860781246085],[-72.01982852403441,-39.959109440585216]],[[-72.01959320948419,-39.953932141337404],[-72.02060971707472,-39.953840227943566],[-72.02069039347859,-39.954102046110194],[-72.02035019063312,-39.95416413395856],[-72.02021120583638,-39.95453836646619],[-72.02041857296243,-39.95470899199556],[-72.02040115704783,-39.955109964909575],[-72.01993509853483,-39.95665643225738],[-72.01882888818463,-39.95760283938955],[-72.01850279162849,-39.957285458993006],[-72.01782896084404,-39.95745132709143],[-72.01737843357218,-39.956669020841744],[-72.01714435897274,-39.95567483149616],[-72.01642307869851,-39.95528982364606],[-72.01654207858807,-39.95474324289153],[-72.01682833304048,-39.95418264822614],[-72.01778600290032,-39.953862012441014],[-72.01788922496121,-39.9536049271589],[-72.01822942678056,-39.953542846518545],[-72.0190538437736,-39.953634905566304],[-72.01959320948419,-39.953932141337404]],[[-72.0399242061003,-39.91483263334072],[-72.04009354829331,-39.91493534809075],[-72.03962802775601,-39.91530126508086],[-72.03913318189701,-39.91539881459224],[-72.03883703510346,-39.91515511396392],[-72.03900137459891,-39.91489956912901],[-72.03929747595333,-39.9149071363128],[-72.03968578661487,-39.91479112184963],[-72.0399242061003,-39.91483263334072]],[[-72.03258691092375,-39.9502731833376],[-72.03257125468676,-39.95039871854456],[-72.03228317731686,-39.95043856418144],[-72.03216434392563,-39.95058506882674],[-72.0322627988402,-39.95138256416009],[-72.0320816610924,-39.951787215890555],[-72.0317598688275,-39.951897035411655],[-72.03150719477927,-39.951827592046556],[-72.03151331800994,-39.95168607068966],[-72.03179390637439,-39.951583067002154],[-72.03188447606018,-39.95138074142534],[-72.03189500819548,-39.95090087928261],[-72.03177786231815,-39.95077194115521],[-72.03125958568592,-39.9506956908023],[-72.03111111409493,-39.95058169116689],[-72.03107637547724,-39.950439122475444],[-72.03168215730857,-39.95038380879671],[-72.03179383690535,-39.95016628217534],[-72.03208191333067,-39.95012643772324],[-72.03242924248786,-39.95013533671178],[-72.03258691092375,-39.9502731833376]]],[[[-72.04560201778762,-39.907411488607096],[-72.04585231563085,-39.907413935164634],[-72.04598873014521,-39.90720861342172],[-72.04582973066627,-39.90698832109187],[-72.0457438624817,-39.90660831990588],[-72.04586082645662,-39.90626497468694],[-72.0454329314555,-39.905710263538545],[-72.04433840317202,-39.903852285487886],[-72.04385750463027,-39.90259955933892],[-72.043487703687,-39.902530189014584],[-72.0430181750205,-39.902858862353916],[-72.04287275061031,-39.90540164252558],[-72.04271087720909,-39.90583829126719],[-72.04286419080066,-39.90655060110998],[-72.04414458854953,-39.907197217098954],[-72.04492117146285,-39.90720128425647],[-72.045243196027,-39.90738733433842],[-72.04560201778762,-39.907411488607096]]]]}},{"type":"Feature","id":"1987","properties":{"year":1987,"source":"SIG/Delimitacion_glaciar/Surface_1987.shp","sourceCrs":"EPSG:32719","geometryAreaKm2":21.901128113303415,"area":null,"error":null},"geometry":{"type":"MultiPolygon","coordinates":[[[[-72.0023695460836,-39.95148675053149],[-72.00192026520757,-39.951345986428805],[-72.00144221115238,-39.951315163622056],[-72.00134402314421,-39.95136796564744],[-72.00126011291508,-39.95164251301364],[-72.0010405979083,-39.951729069571826],[-72.00068064601454,-39.951738197322676],[-72.0005872904951,-39.95168043594843],[-72.00055954465239,-39.95121851796043],[-72.00034728117743,-39.951139229175574],[-71.9998684238859,-39.95112682705814],[-71.99928493015553,-39.95131463998288],[-71.99922495485649,-39.9515898058527],[-71.99897665841884,-39.95178630066364],[-71.99827344120902,-39.95197100636094],[-71.99830923399466,-39.95224865351433],[-71.99863960217633,-39.95236790241151],[-71.9989882724371,-39.952616760379065],[-71.99934339303306,-39.95271820063413],[-71.99954921264987,-39.95294490815222],[-72.00038804074478,-39.952948186573934],[-72.00124678548252,-39.95304421443956],[-72.00169146052991,-39.95274211049849],[-72.00174740070624,-39.952559078743974],[-72.00232767862379,-39.952444962162495],[-72.00262304994715,-39.95226812627714],[-72.00264720196641,-39.95171531173203],[-72.0023695460836,-39.95148675053149]]],[[[-71.99904720149887,-39.93346033276287],[-71.9985636342116,-39.93355849265878],[-71.99793459608847,-39.93424321707048],[-71.99719956204257,-39.93461157413873],[-71.99692255080548,-39.934918009269516],[-71.99678674205119,-39.935283448561876],[-71.99622086512312,-39.93561928854619],[-71.99610092490464,-39.9361696184454],[-71.99589007013888,-39.93660690245373],[-71.99519561572275,-39.937142330609284],[-71.99503746813008,-39.93747029213575],[-71.99519938754266,-39.93760362836168],[-71.99624588398162,-39.9380553817422],[-71.99624066854938,-39.9381745619081],[-71.9963778473145,-39.93832570296552],[-71.99700644597566,-39.938747856573855],[-71.99728000358824,-39.93906856401631],[-71.99763263429276,-39.93922528835176],[-71.99886616555418,-39.93951552561905],[-71.99926270430069,-39.9397270495319],[-71.9990355196332,-39.9400272332378],[-71.99800654759443,-39.93999134716618],[-71.99740484994089,-39.94004954410526],[-71.99732980851574,-39.94012139091648],[-71.99741911534677,-39.94027128983846],[-71.9978954778687,-39.94033898061433],[-71.99805740951088,-39.94047231324174],[-71.99785541840622,-39.940706902335975],[-71.99729594947031,-39.94089532903919],[-71.99732367344524,-39.94135724755344],[-71.99748560620637,-39.94149058100833],[-71.99843593156498,-39.94168124203407],[-71.99850452663892,-39.94175681145967],[-71.99830253295742,-39.9419914012058],[-71.99794102034045,-39.94203737654022],[-71.99776780020146,-39.94216202306805],[-71.99779955782466,-39.94253180601969],[-71.99803008963327,-39.942740708635114],[-71.99862858720259,-39.942756217776825],[-71.99884082314988,-39.94283550877962],[-71.9987138707007,-39.94299825144025],[-71.99829883108166,-39.94317197687317],[-71.99781761191053,-39.94321484963265],[-71.9974248965421,-39.94342604645823],[-71.99670991895086,-39.943333719088606],[-71.99599091054715,-39.943333522707576],[-71.99559818923804,-39.943544713098454],[-71.99500856808733,-39.944557893382836],[-71.99487622344154,-39.94470665578516],[-71.99448752606203,-39.94482570675032],[-71.99444340890405,-39.94528576144482],[-71.99420049971567,-39.94590668944367],[-71.99363290536643,-39.946279366570344],[-71.99357291323517,-39.94655452904146],[-71.99372435500074,-39.94692741905179],[-71.99426693243308,-39.94712597951984],[-71.99428656402154,-39.947772167909655],[-71.9947102486357,-39.94794919315582],[-71.99473015490267,-39.94804194948635],[-71.99431426756482,-39.94823408602291],[-71.99426234807565,-39.94832497859194],[-71.99467392935406,-39.94877840945213],[-71.99631301708543,-39.949116093224674],[-71.99715824835887,-39.94897197681661],[-71.99781653179322,-39.949265760316145],[-71.99841831059007,-39.949207564295875],[-71.99865531401952,-39.94926904962937],[-71.99891061816709,-39.949460144502446],[-71.9999856032733,-39.94954333577396],[-72.00017230780159,-39.949658859207354],[-72.0003046831292,-39.94992055923008],[-72.00055918884254,-39.95013007782851],[-72.00156539971931,-39.950691111062504],[-72.00182631867295,-39.95075321919519],[-72.00210074911519,-39.95105549012972],[-72.00274924189317,-39.9513834822188],[-72.00312546423069,-39.95119269535286],[-72.00323330926958,-39.95091876577995],[-72.00368922807313,-39.9503586728433],[-72.00372121802476,-39.950175020444576],[-72.00340775126239,-39.94966881548148],[-72.00269430870426,-39.949539668130626],[-72.00262972658714,-39.949371965019594],[-72.00346770774824,-39.94939364668357],[-72.0038668783519,-39.94903501266756],[-72.00398578481816,-39.94905653630302],[-72.00404956544112,-39.94924266596097],[-72.0038906232591,-39.94958906670595],[-72.00422320840461,-39.950206452834855],[-72.00470911010142,-39.95060642689755],[-72.00530204968415,-39.95075089448154],[-72.00515820468335,-39.95130061519932],[-72.00432402702131,-39.95174024367836],[-72.00421698942367,-39.95199574716891],[-72.00444274406824,-39.95231520169192],[-72.00472201940117,-39.95250690389979],[-72.00487496764187,-39.95251601441646],[-72.00485142499205,-39.95270051115872],[-72.00566992171956,-39.953306228142914],[-72.00610635692149,-39.953741813688616],[-72.00605828692191,-39.95429401087582],[-72.00571564555231,-39.95500462514876],[-72.00559573731273,-39.95555496485589],[-72.00504079941274,-39.9561862963218],[-72.004022848977,-39.956990129178344],[-72.00383511175907,-39.95744647233352],[-72.00330086687572,-39.95815212212645],[-72.00297669451267,-39.95843890193459],[-72.00187095774899,-39.95905596373184],[-72.00129764993783,-39.959557664995494],[-72.00121672581301,-39.96031193625367],[-72.0013211487288,-39.9606651511093],[-72.00076048756692,-39.961425448247496],[-72.00077637566862,-39.96161033924642],[-72.00103092406538,-39.96181985809845],[-72.00107075960119,-39.962005369128406],[-72.00164064634887,-39.9621308114322],[-72.00239668756201,-39.96183676593011],[-72.0028788417949,-39.96177545184929],[-72.00540971659959,-39.960365078143624],[-72.00598782904557,-39.95975279261222],[-72.00638061651208,-39.959541569725594],[-72.0067327474392,-39.95916326295493],[-72.00651357578005,-39.958142959668145],[-72.00682263232531,-39.95765285129887],[-72.0068906249636,-39.957193408748566],[-72.00701276272679,-39.95714122097311],[-72.0073520140927,-39.95705774700864],[-72.00783091602948,-39.9570701197314],[-72.00796815641213,-39.95722124896364],[-72.00796011852542,-39.95740552120794],[-72.00785983640729,-39.95746198797727],[-72.00765792818201,-39.957967667137616],[-72.00764967022275,-39.95835925310979],[-72.00800129731083,-39.95883933600996],[-72.00864315510286,-39.95897921326702],[-72.00955326607925,-39.958857725494404],[-72.0112512829431,-39.95814826024804],[-72.0118200252491,-39.95778123810162],[-72.0132166350041,-39.95715785592964],[-72.01375087708713,-39.957163524623525],[-72.014127079546,-39.95762338053069],[-72.0138631456577,-39.957982482769374],[-72.01370424291136,-39.95841712578367],[-72.01429653612678,-39.9591648863928],[-72.01395811535751,-39.95956506446289],[-72.01434034670136,-39.96016174234434],[-72.01515831152682,-39.96025786254774],[-72.01573564293572,-39.96008628313031],[-72.01609468437945,-39.960155208082455],[-72.01655141949219,-39.96071080109675],[-72.01677736987986,-39.96180075424496],[-72.01747781242324,-39.96211517271297],[-72.01915599409467,-39.962110575508476],[-72.02011564184815,-39.96138108862836],[-72.02050055795934,-39.96139204643714],[-72.02075159996474,-39.9617583275503],[-72.02346026723497,-39.963756684205016],[-72.02386495801203,-39.96363794766461],[-72.02398309741132,-39.963677879341695],[-72.02409164123704,-39.963938940600165],[-72.02409559783491,-39.96440024275885],[-72.02420814124926,-39.964569166570726],[-72.02414820860403,-39.96539778752037],[-72.02421685508074,-39.965473343351626],[-72.0244555394587,-39.96549792367047],[-72.02479561424413,-39.96539597193925],[-72.02518042055074,-39.96481551957469],[-72.02522035606107,-39.964447584855805],[-72.02499046854676,-39.96422030386515],[-72.02466159300317,-39.96406427164942],[-72.02450435163657,-39.96382040787862],[-72.02467602045854,-39.96317913717667],[-72.02518931157059,-39.96295249753293],[-72.02566666402552,-39.963001653074855],[-72.02575126579468,-39.96326209801499],[-72.02554929446954,-39.96349673565347],[-72.02556125356091,-39.96377376316],[-72.02589252744765,-39.963874510336275],[-72.02602502688897,-39.96413618499506],[-72.02650636109139,-39.96464664005904],[-72.02678654849213,-39.96481986526291],[-72.02726231777868,-39.964905869770384],[-72.02776761501804,-39.965416934742166],[-72.02782748004401,-39.96569519142197],[-72.02887642644671,-39.96583279283336],[-72.02960127115564,-39.96570380065455],[-72.02996050010398,-39.96571301309282],[-72.0301001951433,-39.965255394412814],[-72.02964916292638,-39.964598146867374],[-72.02995409941522,-39.96420011006104],[-72.03007383979471,-39.96420318053746],[-72.03039794145428,-39.964469763316636],[-72.03087292868109,-39.96512762212039],[-72.03111161509747,-39.96515218875727],[-72.03124892360623,-39.96530329267246],[-72.03184683840884,-39.965337065081876],[-72.03196817612177,-39.96530327847186],[-72.03217013186688,-39.96506862908709],[-72.03215415857538,-39.96488373936481],[-72.03154663868798,-39.96396421642954],[-72.03131593323685,-39.96375537487616],[-72.03154103649183,-39.963539767863814],[-72.0322594731669,-39.96355817878404],[-72.03255242957322,-39.96343654858653],[-72.0327200361434,-39.96288740123503],[-72.03323489492344,-39.96262386959305],[-72.03343683800601,-39.9623892174571],[-72.03414725436718,-39.962038450013544],[-72.03419447445123,-39.96150088657779],[-72.03440189631165,-39.961262068890846],[-72.03450381764107,-39.96069191250415],[-72.03433530937178,-39.95975703997719],[-72.03468398615121,-39.95959135667607],[-72.03487420982282,-39.95929284503118],[-72.0343905348384,-39.95813140846864],[-72.03404219025303,-39.95772959583282],[-72.03362662762488,-39.956957741250505],[-72.03334963565909,-39.95586915996231],[-72.03324957432197,-39.95475637584583],[-72.03355468014415,-39.954180898576155],[-72.0334778739871,-39.953559605182036],[-72.03416523255335,-39.95316877306588],[-72.03471806120692,-39.95371918052636],[-72.0356762061024,-39.95500589645249],[-72.03616906496026,-39.95532498516663],[-72.03638241764861,-39.95583344250561],[-72.03802974093583,-39.95665572561631],[-72.0380947845661,-39.956814891062784],[-72.03846836838088,-39.95704582059532],[-72.03924982971617,-39.95726872767129],[-72.03953002221378,-39.957441922292126],[-72.03989159682888,-39.9573958191185],[-72.0400895255195,-39.95725329260824],[-72.0401094044006,-39.95679259851051],[-72.04076706839894,-39.956551129580085],[-72.04163149612141,-39.95651786698583],[-72.04222775382664,-39.95658843880049],[-72.04269395648332,-39.95689551226165],[-72.04306199657923,-39.95725542221695],[-72.04318331493478,-39.957221623086326],[-72.04337964804864,-39.957115946312555],[-72.04348257986696,-39.95695254087023],[-72.04372509440272,-39.9563314956027],[-72.04300910895782,-39.95625787503368],[-72.04250296281882,-39.955765302027565],[-72.04193701420515,-39.95554792100936],[-72.04173104247796,-39.95532128355062],[-72.04164718189831,-39.95504242032896],[-72.04173411580234,-39.95469412687592],[-72.041626310906,-39.95441465208749],[-72.0410220244874,-39.953974910400234],[-72.04084636384714,-39.95360146097577],[-72.04077045727382,-39.95313831937804],[-72.03926664341355,-39.95243575885106],[-72.0387078914004,-39.95205251347124],[-72.03827363804596,-39.95156176031534],[-72.038309514087,-39.95128595626498],[-72.03852818953655,-39.95121775500456],[-72.03948434908915,-39.95127909348543],[-72.03958728035927,-39.951115691383045],[-72.03948590905576,-39.950687429254124],[-72.04004945961708,-39.95041000925289],[-72.04076515524835,-39.949921578655065],[-72.04161550281971,-39.94953035816475],[-72.04154298490796,-39.94856447587465],[-72.04175438964641,-39.94810867237011],[-72.04246790589255,-39.94823758113522],[-72.043002707339,-39.94862019700423],[-72.04359334081788,-39.94881975432844],[-72.04375538426326,-39.94895302683332],[-72.04411453017988,-39.94896219223791],[-72.04479525400025,-39.94873973573656],[-72.0450434136087,-39.94854313735373],[-72.04666821419903,-39.948104923972195],[-72.04696742401732,-39.947835830432936],[-72.04738238004096,-39.94766192714484],[-72.04743819462236,-39.947478868571075],[-72.04735431820866,-39.94720000866068],[-72.04714755838242,-39.94699180873212],[-72.04667108895042,-39.94692431725447],[-72.04624647142501,-39.946765905413],[-72.04592793792419,-39.94637037184503],[-72.04534604542341,-39.94596812013348],[-72.04418479205115,-39.94566177199975],[-72.04319590617595,-39.945249123530694],[-72.04310728531196,-39.94508082829456],[-72.04317104853861,-39.9447134935112],[-72.04493968840644,-39.945385862478254],[-72.04529643575171,-39.945450307201],[-72.04587711081975,-39.945776136273146],[-72.04622599559126,-39.94578611792566],[-72.04681264355332,-39.94575608919638],[-72.04722050962505,-39.94529644041333],[-72.04769855410063,-39.945327073398914],[-72.04817184315108,-39.94546827203752],[-72.04841205515017,-39.9454559449313],[-72.0486322878521,-39.94535086759788],[-72.04911191851284,-39.94534463888759],[-72.04944155912274,-39.94548217287049],[-72.04986095442308,-39.945529751157856],[-72.05066997984261,-39.94520214408566],[-72.05115119350928,-39.94515905091665],[-72.05171689957449,-39.944822935942085],[-72.05229625192747,-39.944726991312244],[-72.05236788085898,-39.94417536956139],[-72.05174900442533,-39.94312143702703],[-72.05194320768422,-39.94285689518273],[-72.05188516375047,-39.942738670426294],[-72.05198265113299,-39.94254212899151],[-72.05220761812406,-39.942326476208635],[-72.05219554961226,-39.942049446787024],[-72.05192646550775,-39.94161829141911],[-72.05114909168914,-39.941303334399414],[-72.05080582028883,-39.940925632381905],[-72.0508176976607,-39.94064921247405],[-72.05103297290879,-39.940101248363895],[-72.05154600663691,-39.939874481605024],[-72.05185070078561,-39.93947637701951],[-72.05178679625611,-39.9392902690343],[-72.05138852661014,-39.939077202405755],[-72.05070298318911,-39.93885682082177],[-72.04963264950185,-39.9381100872349],[-72.04927710714023,-39.93745209520891],[-72.049098185884,-39.937389018190814],[-72.04906488493272,-39.93719161003933],[-72.04883913793527,-39.937056777863944],[-72.04865792565015,-39.936812335179624],[-72.0486897873908,-39.93662866536073],[-72.04922051113891,-39.93639082085127],[-72.04936053576749,-39.93602637466659],[-72.04924952200506,-39.93550959761334],[-72.04922646378724,-39.93499050513403],[-72.04930348926162,-39.934901188451],[-72.04918031795185,-39.93469488063041],[-72.04883075117729,-39.934464597848894],[-72.0487668587771,-39.93427848852462],[-72.04906758125789,-39.93397253053599],[-72.04928698304447,-39.933885878387166],[-72.05049496417442,-39.933658366652075],[-72.05246499267865,-39.933542474978324],[-72.0531463273265,-39.93330153425525],[-72.05315423717897,-39.93311725368709],[-72.05292435231236,-39.9328900275607],[-72.05247428392354,-39.93276788799388],[-72.05098698769912,-39.93280382890662],[-72.05063821541205,-39.932555123628],[-72.05060221515316,-39.93227748449214],[-72.05044098690033,-39.93212579417214],[-72.05008192694346,-39.93211665154827],[-72.04971257273316,-39.93234707185251],[-72.04959288575584,-39.932344023668755],[-72.0494995120057,-39.93228630103583],[-72.04958716236234,-39.931919569995785],[-72.04947460354357,-39.931750669708556],[-72.04865185333388,-39.931379196617534],[-72.04752527022998,-39.931292856195014],[-72.04716141810555,-39.931488801304525],[-72.04680156989967,-39.9314980766021],[-72.04673292941719,-39.93142253411286],[-72.04680791099497,-39.931350652945454],[-72.04726667644137,-39.93127010624833],[-72.04764157917111,-39.93091069799185],[-72.04795909680743,-39.930771204190556],[-72.04818403509601,-39.930555557901506],[-72.0482956262582,-39.930189437829924],[-72.04806497503063,-39.92998063088121],[-72.04744421015255,-39.929927914966015],[-72.04710513657042,-39.93001151344536],[-72.04675584595894,-39.93033263458282],[-72.0465318051775,-39.93033852695547],[-72.04619581708126,-39.92991150668919],[-72.04619222423383,-39.92950858774247],[-72.04598631087796,-39.92928195930598],[-72.04597030261921,-39.92909706944594],[-72.04559604559307,-39.92888459572716],[-72.0449694527031,-39.927853965260326],[-72.04449073825204,-39.927841753335464],[-72.04390200158977,-39.928158798977684],[-72.04350223373746,-39.92798256394094],[-72.04353410363862,-39.92779889565145],[-72.04417229632446,-39.927446217384784],[-72.04447300674214,-39.92714027067298],[-72.04525638661322,-39.926754393840405],[-72.04551793989128,-39.92624451569914],[-72.0458904441759,-39.92594039604632],[-72.04572844800323,-39.92580712789928],[-72.04522026212807,-39.925923304798744],[-72.04438332850404,-39.92588350736626],[-72.04417822464045,-39.92563844827187],[-72.04425796102639,-39.92545600096291],[-72.04479404463454,-39.925248299051745],[-72.04576015813402,-39.92507000955912],[-72.04611917987779,-39.925079164232336],[-72.04665604786173,-39.92485302540276],[-72.04788464121732,-39.92469985723133],[-72.04893600620524,-39.92421009419501],[-72.04958144753842,-39.924244981841014],[-72.05052439367209,-39.9240476140108],[-72.05118328615931,-39.9237692158645],[-72.051515795153,-39.92327957758385],[-72.05258076697682,-39.9230299536884],[-72.05306261430236,-39.92296841864939],[-72.05386926306453,-39.9231549684082],[-72.0544102674078,-39.923390103379376],[-72.05465040154367,-39.92337776043818],[-72.05487529394341,-39.923162099263514],[-72.05506258881954,-39.922705655216205],[-72.05535690961631,-39.922547102500566],[-72.0560773028299,-39.92251006593801],[-72.05674800525345,-39.92195521249268],[-72.0571085935013,-39.92192747624002],[-72.05742605080371,-39.921787954076976],[-72.05763252167877,-39.92144268192197],[-72.05821403605592,-39.92129141534954],[-72.05941045880431,-39.92076834223927],[-72.05971028376318,-39.920480780317234],[-72.05972606102583,-39.920112216180996],[-72.05956957211558,-39.91984996936248],[-72.05935811755754,-39.919752361259015],[-72.0574642377087,-39.919778068041914],[-72.05632753232234,-39.920025915170854],[-72.05501594540493,-39.91988189322325],[-72.05435609063284,-39.91962529129996],[-72.05341953943434,-39.91967526824735],[-72.05257318424218,-39.91985666973324],[-72.05197564766209,-39.91982301819856],[-72.05150094137046,-39.91971869686212],[-72.05120167884633,-39.919434357178964],[-72.05089688039969,-39.91927901324855],[-72.0504198057566,-39.91922997184539],[-72.04969786314501,-39.91930383045299],[-72.0492375975159,-39.91942124601718],[-72.04894327738603,-39.91957978322413],[-72.04867843154413,-39.91960993313281],[-72.04832973216244,-39.91936122315354],[-72.04773378740315,-39.91929069392589],[-72.04731012641328,-39.91911386345934],[-72.04732200867217,-39.9188374433809],[-72.04742090771515,-39.9187661711015],[-72.04860706744655,-39.91848277509454],[-72.04893006613096,-39.918214279980106],[-72.04898980622588,-39.91793907864858],[-72.04926250269182,-39.917792185137834],[-72.04868846519132,-39.91672765748674],[-72.0480083099703,-39.91607336254323],[-72.04734952233628,-39.91554975324044],[-72.04575863553029,-39.91466058101089],[-72.04546320025163,-39.91369422605012],[-72.0462160112544,-39.91293811159744],[-72.04639504141885,-39.912358632742034],[-72.0467777473702,-39.91182021747189],[-72.04748698103583,-39.911236375741716],[-72.0481601881297,-39.911179736524616],[-72.05026500561141,-39.9108087327669],[-72.0504665342471,-39.91019680138228],[-72.05072749970984,-39.90977899011363],[-72.05088107957366,-39.90918282500232],[-72.04973895698727,-39.908689608627846],[-72.04943895300975,-39.90822785991313],[-72.04740081386976,-39.907742973800715],[-72.04643623582719,-39.907815123108655],[-72.04580774969348,-39.907946685795665],[-72.0454106263153,-39.90826862735295],[-72.04460512070963,-39.90861704766305],[-72.04395190242252,-39.908766417467376],[-72.0433768121904,-39.90877019163946],[-72.04254121125231,-39.90842602172822],[-72.04219496920456,-39.90812201187028],[-72.04128944608092,-39.90857191494352],[-72.04104856965884,-39.90860265993724],[-72.04079499528602,-39.90892825128969],[-72.04055729216654,-39.908885283500496],[-72.040421655125,-39.908697336876585],[-72.0399510143495,-39.908500831865936],[-72.03981379198154,-39.90834974043786],[-72.03996371554062,-39.90820598520133],[-72.04020459090685,-39.908175242429635],[-72.04091769315538,-39.908304146257244],[-72.04115856856389,-39.90827340149829],[-72.04151280821642,-39.90727442605217],[-72.04124391562073,-39.906843251028725],[-72.04109602450633,-39.9063141769785],[-72.04051154156534,-39.906049721767474],[-72.04032737833957,-39.90643242982809],[-72.04007619053486,-39.90670273610394],[-72.04004285254949,-39.90747670883905],[-72.03983074952748,-39.907580203487285],[-72.03932055029881,-39.907534883097455],[-72.03908521200242,-39.90738450778778],[-72.03881208041715,-39.90752865229056],[-72.03876273596713,-39.908136573149946],[-72.03844056829448,-39.90832114014743],[-72.03780605362768,-39.90833777915853],[-72.03774623100158,-39.90847462622461],[-72.03740661158143,-39.90862028107017],[-72.0368515685043,-39.90927022192791],[-72.03630270504716,-39.90866584150143],[-72.03631065313536,-39.90848156295198],[-72.03613511974721,-39.90810810902543],[-72.03595004956827,-39.907955789098416],[-72.03571076352286,-39.907949667284484],[-72.0352736882739,-39.90808606949345],[-72.03473135399862,-39.908441154341055],[-72.03452401830364,-39.90880481137167],[-72.03450811229763,-39.90917336784619],[-72.03474581185111,-39.909216347950604],[-72.03488302431076,-39.90936744502058],[-72.03519307273156,-39.91073492754415],[-72.03567498532945,-39.91128979074604],[-72.03572022529194,-39.91147813660782],[-72.03547996906653,-39.91163339836327],[-72.03486256417865,-39.911506909960316],[-72.03470062269885,-39.911373628123805],[-72.03462081034843,-39.911002621886],[-72.03431449755587,-39.91088409247943],[-72.03408395181985,-39.910675261001266],[-72.0340759315592,-39.910306092193295],[-72.0339283131533,-39.90984110880234],[-72.03363473560181,-39.90942773286416],[-72.03351105064472,-39.90896336170347],[-72.03314410152156,-39.90858500228027],[-72.03266711791,-39.90853589083162],[-72.03203064374357,-39.90885165538512],[-72.03170205577328,-39.909249097356245],[-72.03177070599382,-39.90987809390806],[-72.03149952363815,-39.91005562783402],[-72.03090527429376,-39.90994815994952],[-72.03062529135734,-39.90977495111583],[-72.03059491496937,-39.90881486790019],[-72.03038270461292,-39.908182191223446],[-72.03048080795871,-39.90812936114085],[-72.03086286859612,-39.90815760087506],[-72.03179603476399,-39.90762806581227],[-72.0320337269863,-39.90767105123626],[-72.03259522180194,-39.90742715889542],[-72.03272202519011,-39.90726437285489],[-72.03266217649202,-39.906986117411684],[-72.03221231599237,-39.90686390613647],[-72.0317225608391,-39.90655618930477],[-72.03155496955087,-39.9054450050009],[-72.03115695687063,-39.90523187717748],[-72.03051250564233,-39.905178465840486],[-72.02957299230343,-39.90478967682835],[-72.02934324415473,-39.90507469999331],[-72.0293791505516,-39.90535234320005],[-72.0295016443277,-39.90548725642168],[-72.02982342037527,-39.905603559256846],[-72.02993589076732,-39.90577247597028],[-72.02989762695103,-39.906103562208884],[-72.03000054104916,-39.90649361195757],[-72.02988491730872,-39.90695185229758],[-72.0300165393226,-39.907231948901746],[-72.0299009141399,-39.90769018916539],[-72.02972783963277,-39.907814889467424],[-72.02969594560663,-39.90799855349284],[-72.02940083736792,-39.908175469176285],[-72.0292221838183,-39.90842916280442],[-72.02916237574684,-39.90870435172779],[-72.02928603064876,-39.9091687264559],[-72.02917119332534,-39.9096085378262],[-72.02980532882702,-39.909901518734216],[-72.02988511403997,-39.91027252735144],[-72.0301196278099,-39.9103892279571],[-72.03059984484207,-39.91091808516284],[-72.03049775529621,-39.91106305393219],[-72.02921193375053,-39.910882505567706],[-72.0290252788749,-39.91076703037937],[-72.02885774926551,-39.910209289525824],[-72.028627222937,-39.91000044785289],[-72.02850757714272,-39.90999737932261],[-72.02825951853559,-39.91019394676491],[-72.02820368982519,-39.91037699635228],[-72.02854589335008,-39.91077318468518],[-72.0286496019844,-39.91114480761543],[-72.02857462549488,-39.911216677352144],[-72.02809762815124,-39.91116754654672],[-72.02784237457006,-39.91097651719764],[-72.02766608531418,-39.910621479732285],[-72.02762618470244,-39.90988252984053],[-72.02683093555203,-39.90943781749391],[-72.02664987060976,-39.909193344894334],[-72.02641217723165,-39.90915034835759],[-72.02542710766043,-39.90921730282981],[-72.02536728754454,-39.90893904472045],[-72.02504425304365,-39.908654028309115],[-72.02467495082854,-39.9088843710939],[-72.02448430834184,-39.909414471519845],[-72.0242665543943,-39.90946422340222],[-72.02385578883519,-39.9089924689307],[-72.0237800283456,-39.90852931911255],[-72.02355032163044,-39.90830204040954],[-72.02281891910707,-39.908043422531726],[-72.02185782375203,-39.90755751843763],[-72.02138405329306,-39.90743465060966],[-72.02065746258229,-39.907065454067954],[-72.01975391445445,-39.906931114838784],[-72.01904240129184,-39.90693008896015],[-72.01883458578766,-39.907405152011364],[-72.01891969749248,-39.90818568085715],[-72.02031941200671,-39.90996908492813],[-72.02109904395284,-39.91124608785025],[-72.02109105432422,-39.9114303637663],[-72.02094108530895,-39.911574092783844],[-72.02070019178444,-39.9116047947077],[-72.01986900299157,-39.91198927649575],[-72.01976529095799,-39.912171090021076],[-72.01990247485148,-39.91232220378252],[-72.01989448171189,-39.912506479463524],[-72.01969824676793,-39.91261212047047],[-72.01910165514919,-39.91200643224135],[-72.01901393192793,-39.911819693914495],[-72.01877783450631,-39.91173982645665],[-72.01850507391573,-39.91140074127071],[-72.01852106694172,-39.91103219029755],[-72.01824671083467,-39.910729959712626],[-72.01806007589673,-39.91061446753798],[-72.0175814931576,-39.91060214891018],[-72.01709651059804,-39.910737248523844],[-72.01639944113768,-39.91023964843217],[-72.01607575213701,-39.909840646211244],[-72.01604058602709,-39.90967696295295],[-72.01561627127228,-39.90951844894994],[-72.01486976674536,-39.909056462666264],[-72.01420937701262,-39.90881806835617],[-72.01421738434112,-39.908633793512756],[-72.0139813038314,-39.90855391684529],[-72.013370179737,-39.90938677829364],[-72.01335416003916,-39.90975532764037],[-72.01377686871825,-39.90995070473594],[-72.01425704677533,-39.9099261839369],[-72.01449313225977,-39.910006060211565],[-72.01500355602596,-39.910388174307876],[-72.01547893437889,-39.91047421352021],[-72.0155602429081,-39.91080837415139],[-72.01541026419942,-39.910952095641484],[-72.01497313390055,-39.91108841896447],[-72.01480553909241,-39.91163754430821],[-72.01504483342231,-39.91164370972891],[-72.01584082625916,-39.91207007351223],[-72.01592053720783,-39.91244108894578],[-72.01567643723081,-39.91254549021241],[-72.01543713962498,-39.91253932598001],[-72.01526011162953,-39.91220269941518],[-72.01483738492642,-39.912007327133914],[-72.01458047330044,-39.91240656578967],[-72.01438262944447,-39.912549052450515],[-72.01414493382691,-39.912506030605606],[-72.0138818049964,-39.911945805658185],[-72.01395369070518,-39.91139421505895],[-72.01371760124394,-39.91131433754795],[-72.01323741339428,-39.91133885573931],[-72.01314148861131,-39.91244326935508],[-72.0123565073062,-39.91286578395723],[-72.01225277432815,-39.91304758994634],[-72.01160655136344,-39.913584366163896],[-72.01179318256084,-39.91369986858788],[-72.0122717843321,-39.91371221189534],[-72.01316830999151,-39.91403049795338],[-72.01301831900983,-39.91417421583141],[-72.0128220692833,-39.9142798445912],[-72.01210255753837,-39.914298186942126],[-72.01186485765305,-39.91425516025657],[-72.01102100650009,-39.91382753451129],[-72.01006701069042,-39.913729125946695],[-72.00987075804937,-39.913834749590066],[-72.00981487729905,-39.91401778829236],[-72.0102263731637,-39.9144711623754],[-72.01026621424444,-39.914656671455276],[-72.01016247284605,-39.9148384752186],[-72.00995699208259,-39.914864642531235],[-72.0098098536833,-39.91501385566654],[-72.00922196597631,-39.91498023283162],[-72.00863961084465,-39.91514967883647],[-72.00792009047024,-39.915167994813785],[-72.00699708324672,-39.91545777082532],[-72.00635561541706,-39.915883951182124],[-72.00596006097935,-39.91635578576215],[-72.00450313382989,-39.916610887705275],[-72.00360161368864,-39.916956535947676],[-72.00342364627983,-39.917191757788494],[-72.00315619722483,-39.91783052213864],[-72.00335710895632,-39.9181677842853],[-72.00366259108122,-39.91830482196952],[-72.00490863739216,-39.91830014618638],[-72.0049484655651,-39.91848565654111],[-72.00482157583487,-39.918648408691425],[-72.00460217305103,-39.91873497649534],[-72.00292213326335,-39.91880221457105],[-72.00274898299432,-39.91892687148825],[-72.00265306413195,-39.91947783171499],[-72.0029513138471,-39.919780716731594],[-72.00412621359152,-39.92030920294768],[-72.00448439321383,-39.92033691289858],[-72.00489730694727,-39.92026602979984],[-72.005351273267,-39.9203970662133],[-72.00748621144842,-39.92072810821786],[-72.00764811866013,-39.92086142679865],[-72.00764009025494,-39.9210457001469],[-72.00715983351176,-39.92107019050013],[-72.00672342617688,-39.92118805216117],[-72.00637150315731,-39.9215663682403],[-72.00638338788515,-39.921843396341266],[-72.00645197353666,-39.921918960872006],[-72.0070486883428,-39.92197127452534],[-72.00730392018582,-39.92216234877817],[-72.00766130845714,-39.92220847662556],[-72.00811924568295,-39.92214651172665],[-72.0083442744023,-39.92193094613749],[-72.00856127551457,-39.921899653528094],[-72.00887386450798,-39.92242427070751],[-72.0088459186496,-39.92251578952779],[-72.00855149789159,-39.92267422005049],[-72.00809195185585,-39.922773041212054],[-72.00774484469937,-39.92304079736229],[-72.00738343721042,-39.92308680623545],[-72.00496331827256,-39.92199117294519],[-72.00449109177337,-39.92183137912556],[-72.00365344591243,-39.92180971720706],[-72.00304949931534,-39.921923231490844],[-72.00233855965843,-39.92229224688892],[-72.0021135115484,-39.92250780005101],[-72.00205760184167,-39.92269083374532],[-72.00221387197361,-39.92295315032024],[-72.00222171798518,-39.92332231435878],[-72.00277601007772,-39.923797857568104],[-72.00282770486596,-39.92426039625967],[-72.0026209550059,-39.92460556004533],[-72.00255297982807,-39.92506500246043],[-72.00216038540977,-39.925276220303665],[-72.00188182684407,-39.925619524391834],[-72.00184984754969,-39.92580317719672],[-72.00203649329117,-39.92591869576023],[-72.00260769508078,-39.92600726850665],[-72.00259562998075,-39.9262836770054],[-72.00223098504709,-39.926403377927066],[-72.00174988558332,-39.92644627158069],[-72.00157671314096,-39.926570925809834],[-72.001468905923,-39.92684485600543],[-72.00189328939425,-39.92700342420299],[-72.00381046354929,-39.92699768091333],[-72.00430826551627,-39.92712124305838],[-72.00438872993959,-39.92747383668072],[-72.004164473977,-39.927670966016684],[-72.00368497447164,-39.927677012920476],[-72.00320949610584,-39.9275909216414],[-72.00290558337102,-39.92741702698754],[-72.00254656352428,-39.927407738066144],[-72.00227262481486,-39.92819391541253],[-72.00250956076768,-39.928255390491515],[-72.00283338930909,-39.928522041666305],[-72.00307032695062,-39.92858351565497],[-72.00318276402321,-39.92875245673586],[-72.00312282960657,-39.92902762685853],[-72.00297278366423,-39.9291713294098],[-72.00273101778157,-39.92922041851019],[-72.0026376898947,-39.92916265966405],[-72.00257875497852,-39.92886596615766],[-72.00227242499587,-39.92874735138983],[-72.00200370883732,-39.92831609261419],[-72.00122512246877,-39.92803766814989],[-72.00062755659057,-39.928003749932856],[-72.00029810429854,-39.92786608329858],[-71.99981940922274,-39.92785368694357],[-71.99923048021516,-39.92817049778236],[-71.99907076421842,-39.928535321071855],[-71.999580424022,-39.92893593120201],[-71.99967996945108,-39.92939971015298],[-71.99986662072618,-39.929515232379856],[-72.00022565070074,-39.929524530004365],[-72.00091435280142,-39.92911805712773],[-72.00103402886437,-39.92912115535234],[-72.00103000462973,-39.929213291337994],[-72.00048088938847,-39.92971561942119],[-72.00041691796042,-39.930082923593424],[-72.00026686412397,-39.93022662231969],[-71.99966283807557,-39.93034011584352],[-71.99880276758962,-39.93028094080938],[-71.99857768103328,-39.93049648545938],[-71.99856962556701,-39.930680756970034],[-71.99870046642339,-39.930861097730876],[-71.99833245258041,-39.93117270826313],[-71.9976135710029,-39.93117252667866],[-71.99751541005112,-39.93122532657299],[-71.9973373823024,-39.93146053641278],[-71.99751839377493,-39.931705052352285],[-71.99772978911174,-39.93180277134124],[-71.997761545222,-39.9321725546898],[-71.99758835080335,-39.9322972020426],[-71.99686784562778,-39.93233386963431],[-71.99659567959927,-39.9325297416939],[-71.99658761823812,-39.93271401280466],[-71.99670004508825,-39.93288295973742],[-71.99705344946776,-39.93302125764024],[-71.99838905981493,-39.93316656098677],[-71.99949014261054,-39.933195086368535],[-71.99951005235728,-39.933287842161945],[-71.99904720149887,-39.93346033276287]],[[-72.0304572525195,-39.92945221835798],[-72.02995058872943,-39.928978026707775],[-72.02915909635006,-39.92844118457046],[-72.02836170958716,-39.928109516006046],[-72.02639335542965,-39.92839821111072],[-72.0262852461861,-39.927297459760986],[-72.02658284394647,-39.92651182957767],[-72.0269490473799,-39.92635519512945],[-72.027055157897,-39.926118092709785],[-72.02714610589813,-39.925124228198655],[-72.02732082170783,-39.924409234795355],[-72.02767744129925,-39.92447372941623],[-72.02804842614503,-39.924759968950525],[-72.02859014421992,-39.924976794075654],[-72.02867310975199,-39.9247206482718],[-72.02859092721273,-39.92440492227308],[-72.02890446324994,-39.92435761930732],[-72.02918668628084,-39.924190183389115],[-72.02981316502145,-39.924399368556855],[-72.03017138118045,-39.924427000180515],[-72.03052402004522,-39.92458362465947],[-72.03107374623397,-39.92516960612566],[-72.03117748562774,-39.92554122728973],[-72.03144956594463,-39.925898713977475],[-72.03211860592559,-39.92645213802402],[-72.0321980001498,-39.92687719257621],[-72.03240545247951,-39.92706698822739],[-72.0327613418061,-39.92770334070965],[-72.03304060456679,-39.92789497452821],[-72.03322736134352,-39.92856389009933],[-72.03307737711155,-39.928707634029095],[-72.03283881575736,-39.928683075923374],[-72.03236253274893,-39.92916897542393],[-72.03265777229699,-39.92954550072426],[-72.03276471094404,-39.92984340987003],[-72.03304238947835,-39.93007189940232],[-72.03342100961802,-39.930688629754734],[-72.03394406137829,-39.930832913940385],[-72.03520399951464,-39.93059662125136],[-72.03614960244204,-39.92992835490033],[-72.03642774713191,-39.92991872734402],[-72.03676204075572,-39.930126796898634],[-72.03676785859734,-39.93147707093769],[-72.03656284252185,-39.931785444853645],[-72.03610963225577,-39.93173695409816],[-72.03511781169922,-39.93139795594512],[-72.0342345404347,-39.93132000218176],[-72.03356834500688,-39.93176414800554],[-72.03315425197722,-39.93191957669717],[-72.03268192949484,-39.9323133379262],[-72.03278170393025,-39.932777096561864],[-72.03255516038341,-39.933583010828336],[-72.03261104261405,-39.93395340461529],[-72.03117402226466,-39.93448847700125],[-72.03059871960106,-39.93449217976485],[-72.02979918822814,-39.93413961663723],[-72.02967868444341,-39.933601531758676],[-72.02942653606974,-39.933336792672],[-72.02946721744887,-39.932950425586725],[-72.02916080375819,-39.9322784360242],[-72.03022542340086,-39.931810899972696],[-72.03075837732887,-39.93126071846216],[-72.03082910176623,-39.9302734668355],[-72.0304572525195,-39.92945221835798]],[[-72.04447421136207,-39.94450692500483],[-72.04440582596601,-39.944286108660776],[-72.04448082478102,-39.944214229740666],[-72.04484312024128,-39.94414968046558],[-72.0454400688659,-39.944201804178675],[-72.04616797667317,-39.94455243444221],[-72.0464130924034,-39.94498299164491],[-72.04631085660915,-39.94503803520318],[-72.04564616411746,-39.94498188213092],[-72.04536600424079,-39.9448087032829],[-72.04447421136207,-39.94450692500483]],[[-72.031650720248,-39.951864958710665],[-72.03141926739984,-39.9519512674573],[-72.03133306042876,-39.95172768121111],[-72.03137454575595,-39.951322886889514],[-72.03119414908694,-39.95078326929002],[-72.0309958132703,-39.95065827321239],[-72.03094353043852,-39.95048167639547],[-72.03097265697505,-39.95036251051088],[-72.03115382627975,-39.950330257997095],[-72.03144992794171,-39.950411639239874],[-72.03161313321873,-39.95024056507698],[-72.03184418135032,-39.95016346952452],[-72.03202255982214,-39.950195712406305],[-72.03202815439803,-39.9503434403631],[-72.03165585080502,-39.95063829337901],[-72.03176403484801,-39.95146200495699],[-72.03163674242938,-39.95163399961542],[-72.031650720248,-39.951864958710665]],[[-72.01956672314623,-39.954967540497464],[-72.01929284732599,-39.955753758013955],[-72.01929917670047,-39.95615977744351],[-72.01895385579249,-39.95704672998454],[-72.01869116580927,-39.95741106891874],[-72.01842096892025,-39.95761301574828],[-72.01828281764213,-39.95803376377788],[-72.01788927212617,-39.95826345615741],[-72.01776322370237,-39.95785435441359],[-72.01755492443297,-39.9576829588481],[-72.01681261334033,-39.95766384230697],[-72.01665942111877,-39.957327832351375],[-72.01705136224265,-39.957134998831314],[-72.01800517052037,-39.95725179917366],[-72.01840730697619,-39.95623874253732],[-72.01866999440699,-39.95587440429467],[-72.0188131652261,-39.954905443766656],[-72.018632964239,-39.95439006874563],[-72.01833049716436,-39.95417935465709],[-72.01794338294002,-39.954261628935846],[-72.01713469809013,-39.955218551141904],[-72.01674196709625,-39.95542981278872],[-72.01631887693212,-39.95578787515702],[-72.01538411894842,-39.95633568049628],[-72.01517743391206,-39.956127426299496],[-72.01550536951112,-39.955742343828845],[-72.01610187213105,-39.95526574046546],[-72.01655852147046,-39.95468716702314],[-72.01705584012582,-39.95427567122658],[-72.01762658758402,-39.95382916784379],[-72.01840721790674,-39.95351720061836],[-72.0191470832066,-39.95359158758579],[-72.01956580241831,-39.95406359270075],[-72.01941912686445,-39.95450254179675],[-72.01956672314623,-39.954967540497464]],[[-72.01977916459225,-39.96000931699779],[-72.01978309356548,-39.960470618502136],[-72.01947731679982,-39.96088705458299],[-72.01898636914174,-39.9611511399714],[-72.0186239635049,-39.96121560396311],[-72.01856734310783,-39.960863634285445],[-72.01879247487203,-39.96064805309658],[-72.01886039192782,-39.96018860088242],[-72.01825621030609,-39.9597487442106],[-72.01801995231074,-39.959668869744654],[-72.01765995763996,-39.95967804883942],[-72.01756025841034,-39.9592142813562],[-72.01766325381749,-39.959050901299086],[-72.01849664277495,-39.95862960468627],[-72.01868348664989,-39.95819166176528],[-72.01878167231543,-39.958138844952664],[-72.0189022017825,-39.95812349917763],[-72.01897083549429,-39.958199057723064],[-72.01913837686921,-39.95875681023169],[-72.01963716314003,-39.95941532657088],[-72.01977916459225,-39.96000931699779]],[[-71.9999011254221,-39.940510855273786],[-72.0000630615234,-39.9406441852512],[-72.00000712860556,-39.940827216710325],[-71.9994070358559,-39.940848569568054],[-71.99908961156669,-39.94043449061347],[-71.9991926189658,-39.94027112711677],[-71.99953259924533,-39.9401692459931],[-71.99986130193513,-39.94032534382446],[-71.9999011254221,-39.940510855273786]],[[-72.03970987413904,-39.915209811467335],[-72.03948485657251,-39.914871994523175],[-72.04016445483025,-39.91466798021301],[-72.04040376521858,-39.91467409368676],[-72.04059045058085,-39.914789551551635],[-72.04019008647329,-39.915185184137954],[-72.03994759827422,-39.915252781736754],[-72.03970987413904,-39.915209811467335]],[[-72.04024724927542,-39.91385837524785],[-72.04027106599158,-39.91330553810028],[-72.04075285240498,-39.913244052113726],[-72.0414644208261,-39.91340981027948],[-72.04150434654284,-39.913595311705194],[-72.04140068792076,-39.91377714657472],[-72.04091731070761,-39.9138754909667],[-72.04081365009435,-39.91405732523075],[-72.04061744057215,-39.91416300268583],[-72.04042440591613,-39.914194968162334],[-72.04024724927542,-39.91385837524785]],[[-72.0226375780605,-39.91388682289924],[-72.02303561098857,-39.914099980605535],[-72.02324140359585,-39.9143266459255],[-72.02476416990228,-39.915122134762555],[-72.02492131132792,-39.91536599589785],[-72.02432144145074,-39.91538748645598],[-72.02392419535201,-39.91515590516348],[-72.02325335707562,-39.91460367505229],[-72.02240862699344,-39.914194557174795],[-72.0209489522533,-39.91305014558782],[-72.02088515275157,-39.91286402378609],[-72.02096013888743,-39.91279215940893],[-72.02119784062354,-39.912835167453494],[-72.0221590025295,-39.913321079188265],[-72.02234565184777,-39.913436565232864],[-72.0224756560453,-39.913753524676686],[-72.0226375780605,-39.91388682289924]]],[[[-72.04624780164039,-39.90690895099452],[-72.0462596830351,-39.90663253059814],[-72.04570108544712,-39.9056958777974],[-72.0453410545787,-39.904598252164625],[-72.04506818515186,-39.90425922543817],[-72.04478565422475,-39.90358788365994],[-72.04437398338472,-39.90313462570974],[-72.04400066077446,-39.90290372334743],[-72.04400462370592,-39.90281158334029],[-72.04375161626746,-39.90272605075973],[-72.04357425884388,-39.902788784602755],[-72.04326018038721,-39.903408009639165],[-72.04324432422845,-39.90377656937102],[-72.04334003348319,-39.90377901172677],[-72.04337837473987,-39.904001368728906],[-72.04382521585765,-39.904750698977786],[-72.04367213713265,-39.904968171817174],[-72.04332922062815,-39.9051439038089],[-72.04354947194491,-39.90559228121287],[-72.04382550942303,-39.90585759941523],[-72.04386385300748,-39.906079956287144],[-72.04409045181988,-39.90638090891726],[-72.04412879645547,-39.90660326572598],[-72.04422450972,-39.906605707494585],[-72.0443075411994,-39.906902997091436],[-72.04463461386761,-39.90709582246124],[-72.04471764760254,-39.907393111828625],[-72.0448580492884,-39.9074704857873],[-72.04552646665788,-39.90752442862863],[-72.04615970213038,-39.907282299200645],[-72.04624780164039,-39.90690895099452]]]]}},{"type":"Feature","id":"2000","properties":{"year":2000,"source":"SIG/Delimitacion_glaciar/Mocho20000221.shp","sourceCrs":"EPSG:32718","geometryAreaKm2":17.316101640685762,"area":17.303,"error":0.7116287290522354},"geometry":{"type":"MultiPolygon","coordinates":[[[[-72.0017202629531,-39.95202227346994],[-72.00131207522276,-39.95190101868153],[-72.00086072450313,-39.95194467667268],[-72.00031552716136,-39.95166767489205],[-72.00004737646157,-39.95163305813071],[-71.99930387483988,-39.95177983082619],[-71.99804323624002,-39.951830181147834],[-71.99754447844448,-39.95213548105906],[-71.99754145429874,-39.95220458255246],[-71.99773293764771,-39.952347905752546],[-71.99800169435892,-39.952368707628274],[-71.99871775418688,-39.952027528651286],[-71.99916668830355,-39.9520391603664],[-71.99992576757307,-39.95186512010644],[-72.00014392537015,-39.95206007183068],[-72.00052782425863,-39.9521574321421],[-72.00080366376925,-39.95242745862951],[-72.00170580801307,-39.952533830776616],[-72.001769854692,-39.95243169784106],[-72.00202960607655,-39.95234850828574],[-72.00208951774293,-39.95221169909362],[-72.0017202629531,-39.95202227346994]]],[[[-72.0483516682201,-39.93704555286361],[-72.04866805296943,-39.93637564415089],[-72.04901928093066,-39.93614937787019],[-72.0490431762212,-39.93601162538485],[-72.0488928791834,-39.93574491038326],[-72.04864508949545,-39.935655580944946],[-72.04846376786509,-39.93569246959233],[-72.04796534294245,-39.93599799996283],[-72.04747880248974,-39.9360271087154],[-72.04700296335668,-39.935807438137935],[-72.0469730008932,-39.93566831319551],[-72.04731863990823,-39.93473626763599],[-72.04729462158457,-39.93445893308198],[-72.04711021096165,-39.934149837951935],[-72.04775581880843,-39.93376504536176],[-72.04796340906074,-39.93353512146885],[-72.04798123754779,-39.933120492134236],[-72.04747961427039,-39.932664952525975],[-72.04727963171607,-39.932300116272394],[-72.04539564923932,-39.93180932529695],[-72.04520411611871,-39.93166607896036],[-72.04525191758131,-39.931390575812536],[-72.04581856173951,-39.931169813128996],[-72.04590090334544,-39.93099344927406],[-72.04577942690227,-39.930485076820204],[-72.04593745449627,-39.93017121077663],[-72.04588719671355,-39.929899717746174],[-72.0455055988236,-39.92965156444634],[-72.04464761775725,-39.929438942349975],[-72.04419390518738,-39.92942736689274],[-72.04374429440487,-39.92932052560261],[-72.04384524352574,-39.92889394235154],[-72.0437757387812,-39.928590167743444],[-72.04263771612978,-39.92856619285219],[-72.042278961033,-39.928644339559014],[-72.04178226058941,-39.92849329599385],[-72.04151298194542,-39.92848641953624],[-72.0410761806224,-39.928613624937334],[-72.04071773769391,-39.9285906330807],[-72.04063274336302,-39.928477772987925],[-72.04068898161577,-39.92842386514389],[-72.04118202005995,-39.92824275307764],[-72.04121486021553,-39.92789768892816],[-72.04078759206088,-39.92780375891628],[-72.04015451632438,-39.927898274862976],[-72.04001507286813,-39.92779785928488],[-72.0395668762946,-39.927772570614046],[-72.03944598152464,-39.92765879224721],[-72.0395924977369,-39.92717827247274],[-72.0396660913457,-39.92713864472901],[-72.04004851427337,-39.92743897475702],[-72.04031480995948,-39.927514958947654],[-72.0410035234982,-39.927380354840494],[-72.04181134633484,-39.927400985417755],[-72.04201476782093,-39.927267818415714],[-72.04203867289534,-39.92713006759277],[-72.04179687737039,-39.92690251566955],[-72.04154912907927,-39.926813172426186],[-72.04155210626159,-39.926744067859644],[-72.04168252970477,-39.92663670947181],[-72.04204513031186,-39.92656295154824],[-72.04233285498464,-39.92614137785327],[-72.04268226262015,-39.92595659208563],[-72.04285939466227,-39.926016458136246],[-72.04292524834968,-39.92615650031355],[-72.04240058707882,-39.92665504355327],[-72.04253050813861,-39.92697659112425],[-72.04300746262457,-39.927168635759465],[-72.04317329074038,-39.92749109913907],[-72.04336480829723,-39.92763434834562],[-72.04354432545777,-39.92763892977225],[-72.04367415268383,-39.92754539004077],[-72.04374288301457,-39.927201240872286],[-72.0440934825472,-39.926988809047636],[-72.04424888816172,-39.92630096788598],[-72.04416745985164,-39.926105184553705],[-72.04363844022042,-39.92587030771174],[-72.04360848773223,-39.925731182098154],[-72.04333257428225,-39.92546125430222],[-72.04336540146947,-39.92511618895571],[-72.04368127897517,-39.92487519981487],[-72.04401818371406,-39.92498064950061],[-72.04466561065898,-39.92496949487835],[-72.04535417923117,-39.92441977679561],[-72.04553487748962,-39.92439671290047],[-72.04596094329092,-39.924518266850654],[-72.04624934730727,-39.924497948142324],[-72.0464874647441,-39.92439332990738],[-72.04663879880908,-39.9242173181829],[-72.04681830757586,-39.92422189421727],[-72.04720134204126,-39.92450838030971],[-72.04756214385772,-39.924476067432934],[-72.0477523479605,-39.92423186412643],[-72.04772238757778,-39.92409273926518],[-72.04734351250359,-39.923709507934376],[-72.04736740527079,-39.92357175550263],[-72.04763785437434,-39.92355097567263],[-72.04788619397407,-39.92362648478957],[-72.04801851255783,-39.92389274307466],[-72.04802458185742,-39.92416962048892],[-72.04827411219236,-39.924217486859746],[-72.04857320604096,-39.92394838418472],[-72.04856416468496,-39.92374061175112],[-72.04895894759753,-39.92333558434729],[-72.04929169730502,-39.923537765843456],[-72.04965308714492,-39.923491625203475],[-72.0499894017931,-39.92361087864553],[-72.05017069042763,-39.92357398635008],[-72.05050804982633,-39.9232505082685],[-72.05051442565787,-39.923102046866525],[-72.05155616011126,-39.92269606930857],[-72.0520071439377,-39.92223711687707],[-72.05256226494456,-39.92186382892309],[-72.05310314784654,-39.92182224373966],[-72.05347519952612,-39.92152731143299],[-72.05473290567635,-39.921531619803766],[-72.0554568434685,-39.92141166014708],[-72.0559760393848,-39.92103744240337],[-72.05615791087178,-39.92098671924599],[-72.05619973492612,-39.92084942036812],[-72.05574251047541,-39.920616423016554],[-72.05542509960415,-39.920580683746486],[-72.05523770167872,-39.92044193591129],[-72.05483005141078,-39.92032030977753],[-72.05359553126219,-39.92022534073625],[-72.05101522040225,-39.92022326884933],[-72.05004195859762,-39.92029385999875],[-72.04989468518033,-39.920019773331354],[-72.04912594691926,-39.91986696575635],[-72.04881413371093,-39.91959613647277],[-72.04847843444728,-39.91946305931859],[-72.04834909107791,-39.91912769654671],[-72.04825934321644,-39.919125409990066],[-72.0480805721125,-39.91952210338254],[-72.0479896357796,-39.919547458621395],[-72.04770244099856,-39.91954014044223],[-72.04747860076665,-39.91931305782169],[-72.04734938884063,-39.91939278168821],[-72.04732549800781,-39.91953053425428],[-72.0475416152729,-39.91993729023184],[-72.04778400150806,-39.920151009187315],[-72.04770685564743,-39.92027356861179],[-72.04733835229635,-39.92048555577854],[-72.04688960463744,-39.92047411806911],[-72.04642766192127,-39.92035165309684],[-72.0462468553882,-39.919959631526964],[-72.04564964216686,-39.91964000865809],[-72.04567948091507,-39.91936404674045],[-72.0453892005685,-39.91901074061952],[-72.04495057131386,-39.918764339148474],[-72.04476620930181,-39.918455241479556],[-72.04483492228948,-39.918111090661974],[-72.0446811091497,-39.91792729734832],[-72.04431071766277,-39.91776565099973],[-72.04422929780114,-39.91756986782337],[-72.04435791489855,-39.917503968394804],[-72.04472889973725,-39.917651793576496],[-72.04505733497899,-39.917535645630565],[-72.04525607828093,-39.91792812649314],[-72.04558391963683,-39.91782579805729],[-72.04561375741089,-39.91754983606237],[-72.0456873371129,-39.917510203930526],[-72.04605713643247,-39.917685666940436],[-72.04616174013027,-39.91734243031056],[-72.04637237486868,-39.917458489591255],[-72.04664220571406,-39.917451532198676],[-72.04669902406273,-39.91738379984482],[-72.04659964863338,-39.91718756054949],[-72.046768914392,-39.91701200542887],[-72.0476957287417,-39.91718782432946],[-72.0477549217898,-39.91706480735455],[-72.04765244469122,-39.91652258613458],[-72.0478227637669,-39.91590429939671],[-72.04706213098333,-39.915206943646346],[-72.04612512201872,-39.914850990063904],[-72.04567819469109,-39.914798086012865],[-72.04546816348403,-39.9146682047724],[-72.04543523875967,-39.914598184396596],[-72.04558239173546,-39.91451892005135],[-72.04630686151413,-39.91438519437047],[-72.04633372300503,-39.91417833690243],[-72.04616077721472,-39.91402173005645],[-72.04508269674224,-39.91402191135219],[-72.04426183752274,-39.913890283559105],[-72.04417744855276,-39.91376360529396],[-72.04456268263755,-39.91357972681784],[-72.04455662562134,-39.91330284932588],[-72.04387033200116,-39.912967109181544],[-72.04377097042307,-39.91277086785676],[-72.04354300120046,-39.912640525489586],[-72.04321756161646,-39.91268756514792],[-72.04322658736679,-39.9128953376998],[-72.04368014815778,-39.91321130715791],[-72.0435114795075,-39.913373036946766],[-72.04184707870621,-39.91321986347951],[-72.04157607442981,-39.913254452182606],[-72.04134760502735,-39.913553013159],[-72.04135662506204,-39.913760785627105],[-72.04169416140792,-39.91426750583589],[-72.04170020671616,-39.91454438301897],[-72.04136285270232,-39.91486783590441],[-72.04110681366916,-39.91497198628552],[-72.04058690646306,-39.91494487099425],[-72.04034881444271,-39.91504947811015],[-72.04021543483728,-39.91522594053159],[-72.04029624526002,-39.91543554700443],[-72.04026341032478,-39.91578061158694],[-72.04005585248693,-39.91601052330392],[-72.03907106155822,-39.91593001475457],[-72.03922179837555,-39.91576783342469],[-72.03949162226273,-39.91576089247927],[-72.03966328413424,-39.91553006458269],[-72.0394903509592,-39.91537344823597],[-72.03878619147434,-39.91545230550591],[-72.03879453198182,-39.91525881282075],[-72.03930900043301,-39.91499523837968],[-72.03927906017626,-39.91485611191321],[-72.03884882001265,-39.91441619618881],[-72.03831037451893,-39.9144024330326],[-72.03824036933644,-39.91435913505193],[-72.03828222397442,-39.91422184367187],[-72.03853826403969,-39.91411769957995],[-72.03898339270827,-39.91421209356887],[-72.03931845119526,-39.91435901766347],[-72.03960927673731,-39.914698516473386],[-72.0397893550471,-39.914689281567],[-72.03992936821828,-39.914775875707505],[-72.04025601035815,-39.91470120389889],[-72.04041448186885,-39.91435934872489],[-72.04014330332406,-39.913563761249094],[-72.04018813075842,-39.91335736436675],[-72.04077734755771,-39.91302651196076],[-72.04113928094274,-39.9129665750726],[-72.04124032910512,-39.9127062689375],[-72.04155139284545,-39.91257585091262],[-72.04162011413179,-39.912231702073335],[-72.04206216367628,-39.91198010187083],[-72.04221407439579,-39.91179027406104],[-72.04218412920326,-39.91165114811499],[-72.04184345479688,-39.91156402925409],[-72.0417750332652,-39.911212450684545],[-72.04132277474395,-39.911135119870025],[-72.04047188498502,-39.91135837245152],[-72.04014100580915,-39.91111470554321],[-72.04014993660748,-39.91090739154217],[-72.0404837036476,-39.91066686712797],[-72.04072018155219,-39.91065907129849],[-72.04118108818481,-39.91032691926106],[-72.04132584771742,-39.909885879113574],[-72.04113438185531,-39.90974262811686],[-72.04095669739887,-39.90969658181646],[-72.04028253833542,-39.90991457657336],[-72.03986090951346,-39.910526431593986],[-72.03923097141745,-39.91055184387982],[-72.03923990478118,-39.91034453002929],[-72.03971724860772,-39.91010767676324],[-72.03975909720953,-39.90997038455909],[-72.03966034686599,-39.9097603192757],[-72.03914822223436,-39.90955352691774],[-72.03896875300455,-39.9095489404013],[-72.03893055558862,-39.91001839305759],[-72.03861413809808,-39.91027319257857],[-72.0385130842701,-39.91053349628336],[-72.03836593251218,-39.910612751704925],[-72.03809732051668,-39.91059204895061],[-72.03797943582794,-39.910409165413355],[-72.03769943218227,-39.91023597297674],[-72.0372519472235,-39.9101968585999],[-72.03656631818386,-39.909847256551544],[-72.03627916688065,-39.90983991155413],[-72.03612395356818,-39.91002272892509],[-72.03619277319298,-39.9101766869116],[-72.03638211983426,-39.91033210013278],[-72.03723585639914,-39.910570022862395],[-72.03737354333438,-39.91112698921129],[-72.03773368130085,-39.91110852539821],[-72.03776361723554,-39.91124765216811],[-72.03801070935192,-39.911350822392684],[-72.03841150913036,-39.911222706890946],[-72.03922211812026,-39.911174244019925],[-72.03938126210363,-39.911233655376705],[-72.03937828437431,-39.91130275999278],[-72.03909775715103,-39.911558477867395],[-72.03893928651993,-39.91190033137929],[-72.03851874881354,-39.91206945256115],[-72.03825072686736,-39.91203492904849],[-72.03770984603881,-39.911661361486146],[-72.03721566137747,-39.91145501921193],[-72.0362135891152,-39.91136020897105],[-72.03601020604508,-39.91149336741018],[-72.03600394563024,-39.91163848665327],[-72.03703178395385,-39.91196917198994],[-72.03709522974688,-39.91216450041974],[-72.03673687446305,-39.91214149937094],[-72.03627977698052,-39.91190842938802],[-72.03576228128499,-39.91182600982089],[-72.03570307222172,-39.91194902014014],[-72.03587425886215,-39.9125621896981],[-72.03554523765683,-39.91269213285419],[-72.03545669196228,-39.912662194951956],[-72.03545246062625,-39.912343855678046],[-72.03510722662179,-39.91201679044569],[-72.03420925542498,-39.91200764350639],[-72.03405011460339,-39.91194822514554],[-72.03416615191026,-39.91175748980172],[-72.03434681925853,-39.91173444224264],[-72.03488399530023,-39.91136077946993],[-72.03480559151194,-39.911095886406756],[-72.03448612010342,-39.91100469294129],[-72.03396569896005,-39.91140645507938],[-72.03357742177515,-39.91124431698949],[-72.03362226684571,-39.911037923245026],[-72.03427129966454,-39.910570274186796],[-72.03420184745319,-39.910098067883496],[-72.03380940040478,-39.910032676800526],[-72.03362217397927,-39.91020775307727],[-72.03335296893647,-39.910200860276866],[-72.03330151491714,-39.91014419824296],[-72.03358623351993,-39.9097917489586],[-72.03346354288009,-39.90930434300318],[-72.03318773284482,-39.90903439424277],[-72.03282820225846,-39.909039023428576],[-72.03262482014402,-39.90917217597849],[-72.03244535296992,-39.90916757940249],[-72.03242143724691,-39.909305328139574],[-72.03264579215586,-39.90951861635035],[-72.03262486101137,-39.90958726091901],[-72.03229943044393,-39.90963427016583],[-72.03237125694747,-39.910051193793194],[-72.03207276307141,-39.91030643423066],[-72.03208474015268,-39.91044510230972],[-72.0323276415334,-39.9106450301037],[-72.03298985136792,-39.910288414825644],[-72.0333487917844,-39.91029760622814],[-72.03353964538212,-39.91045469040176],[-72.03352771125151,-39.9107311074348],[-72.03313168066909,-39.91074863904211],[-72.0331017975636,-39.91102459637275],[-72.03269919953352,-39.911194155696194],[-72.03258315929108,-39.91138488947139],[-72.0329846073396,-39.91165805718576],[-72.03309233435658,-39.91207589969531],[-72.03359132932351,-39.91258677744026],[-72.03390841992041,-39.912733256984566],[-72.0345503604586,-39.91284654244318],[-72.0348680509183,-39.91297919861141],[-72.03468260817581,-39.91311281374753],[-72.03396469725021,-39.913094437019836],[-72.0336470081696,-39.912961778419536],[-72.03317674356565,-39.91261767012158],[-72.03255394935641,-39.912477195222706],[-72.03235469689913,-39.91209851630551],[-72.03191616010807,-39.91185206852796],[-72.03146628075699,-39.91186821483417],[-72.03143639021893,-39.91214417142544],[-72.03157280442379,-39.91231370006267],[-72.03184022605224,-39.912362059776015],[-72.03205022316548,-39.91249196458079],[-72.03204484974553,-39.91261635203588],[-72.03075262297475,-39.91258324167669],[-72.03042117700586,-39.91235336889349],[-72.02988693410776,-39.912242821580925],[-72.02961531023016,-39.91187611890666],[-72.02794737806765,-39.91097550522046],[-72.02745202512293,-39.91038168034391],[-72.02670913845502,-39.910110800797845],[-72.02677123220923,-39.90992145588948],[-72.0271331585766,-39.909861562605414],[-72.02717443391211,-39.909738096636524],[-72.02691300651354,-39.90955151891423],[-72.0264673290269,-39.90947090093682],[-72.02616941317461,-39.90929722119882],[-72.02582902528223,-39.90885956425115],[-72.02560050657065,-39.9087430089636],[-72.02510159509477,-39.90864718302583],[-72.02496759245399,-39.90883744781771],[-72.02522482328952,-39.909120774915934],[-72.02531455291584,-39.90953816214655],[-72.02567229038665,-39.90957501867428],[-72.02583680196256,-39.909510061286106],[-72.02576501445034,-39.90992330187306],[-72.02591277650242,-39.910245325592314],[-72.02585953364884,-39.91064520612063],[-72.025681260304,-39.91061295742808],[-72.02547666638712,-39.910358654929965],[-72.02353245791396,-39.90920183511485],[-72.02241559916013,-39.908854906926],[-72.02194899107363,-39.90884291425072],[-72.0217067014233,-39.90904422781775],[-72.02128017929687,-39.90893641013477],[-72.02103369310682,-39.90923446710172],[-72.02098581599074,-39.90950995816173],[-72.02155612944425,-39.91027781804694],[-72.02178172767681,-39.91098529538352],[-72.02233443885206,-39.91137226829022],[-72.0223803518553,-39.911765265838554],[-72.02269899288592,-39.912265871718326],[-72.02353771420691,-39.91281319399738],[-72.023645983312,-39.913217222457554],[-72.02390741471599,-39.91340380764116],[-72.02400456795125,-39.913590056431076],[-72.02430971889645,-39.91375829037119],[-72.02449174855053,-39.91415765939486],[-72.02450785979856,-39.91444312985448],[-72.02524075341371,-39.91527326534599],[-72.02623061431392,-39.91608806497216],[-72.02642783173704,-39.91679480498168],[-72.02632258540409,-39.91725257979598],[-72.02593668178181,-39.91695761738667],[-72.0256465481422,-39.91642391068374],[-72.02512032594741,-39.91608148824825],[-72.02354379639681,-39.91537721721379],[-72.02321277380507,-39.91492176903667],[-72.0230033861715,-39.914778027881624],[-72.02106506354107,-39.91389803945492],[-72.02059962055934,-39.91385839873045],[-72.01954194322273,-39.91338843937189],[-72.01916388621363,-39.912991302492166],[-72.01910708759489,-39.912643938789905],[-72.01895275711807,-39.912473934791976],[-72.0182666061502,-39.912138047745366],[-72.01737584354298,-39.91196292247377],[-72.01708208794278,-39.91210755669028],[-72.01718197100227,-39.912289997455055],[-72.0176019068377,-39.912549857829504],[-72.01820371954852,-39.91275905341845],[-72.01837599617303,-39.91292952024908],[-72.01834905156907,-39.91313636819004],[-72.01848183558262,-39.913388835041744],[-72.0204817098959,-39.914505662878526],[-72.02061810058039,-39.91467520354098],[-72.02052296610813,-39.914797281839824],[-72.02044937587402,-39.91483689756809],[-72.01971294783353,-39.91441670929046],[-72.0191799087331,-39.91427847131836],[-72.01898907937148,-39.91412136438112],[-72.01863492187859,-39.914001562550766],[-72.01842914589652,-39.91377488962749],[-72.01811268615333,-39.913614548099],[-72.01748631891965,-39.91355691684809],[-72.01730924289119,-39.913497013861274],[-72.0170849252366,-39.91328369733379],[-72.01674692275564,-39.91320581398913],[-72.0163221256134,-39.9134715966235],[-72.01614979272,-39.91371620791043],[-72.01612284098478,-39.913923055050425],[-72.01628858909952,-39.91404536276847],[-72.01726717070585,-39.91423784095881],[-72.01732553017695,-39.91477727125147],[-72.01714305042172,-39.9148417536407],[-72.01660701300368,-39.91477260705981],[-72.01621936215534,-39.91459659102063],[-72.0159071065903,-39.914339499174794],[-72.01563909047296,-39.91430492342108],[-72.0154111731841,-39.914174527470124],[-72.0150336701502,-39.91417863800201],[-72.0145023749375,-39.91441399769462],[-72.0144814240603,-39.914482638209634],[-72.01451131354902,-39.91462176924027],[-72.01492224429767,-39.91508894847366],[-72.01481809085885,-39.91541833076814],[-72.01446033104587,-39.91538143982708],[-72.01419831875616,-39.91520865463258],[-72.01383635513932,-39.91526850597883],[-72.01354137640895,-39.9154407715242],[-72.01323994353818,-39.91493490217216],[-72.01305806083279,-39.91498555737962],[-72.01290666520464,-39.915161523032126],[-72.01289765092076,-39.91536883174857],[-72.01301487396998,-39.915565559122115],[-72.01400014195717,-39.91604754779473],[-72.01389598240507,-39.916376928995724],[-72.01362795969935,-39.916342348340834],[-72.01299315959639,-39.91647818018585],[-72.01262405869116,-39.916288794311306],[-72.01191274189941,-39.916118253574595],[-72.01164291781113,-39.91612513009077],[-72.01147837781923,-39.9161900661661],[-72.01130602068808,-39.91643466925497],[-72.0110846280846,-39.916567318456536],[-72.00991798960789,-39.91653721446797],[-72.0098054871714,-39.91664499935847],[-72.00979044693955,-39.916990512813584],[-72.0096569868901,-39.91716693694413],[-72.00920225887738,-39.91729355950323],[-72.00819473820081,-39.91732288981956],[-72.0077082112943,-39.917766914648894],[-72.00728816900934,-39.91792209757256],[-72.00685499409168,-39.91796625119689],[-72.00679572817089,-39.918089244512444],[-72.00690932417709,-39.91836890049872],[-72.00732925455951,-39.9186287978353],[-72.00831753201636,-39.919041732253284],[-72.0090539336477,-39.919461991982985],[-72.00983466603678,-39.91968968644861],[-72.01062252585145,-39.92016660872173],[-72.01187166895792,-39.920779949017245],[-72.01177410504371,-39.92095730134514],[-72.01140077482371,-39.9208646547887],[-72.01041425630137,-39.920410283538125],[-72.00961315760699,-39.9202374114345],[-72.00938523350673,-39.92010700343154],[-72.00849198791246,-39.919987089110805],[-72.00730734504843,-39.919956493242296],[-72.00639085736775,-39.91954540523019],[-72.00603127506224,-39.919549949094964],[-72.00588406839923,-39.91962916102766],[-72.00585708244722,-39.91983600436624],[-72.00595935483175,-39.91996317198944],[-72.00645470160381,-39.92014200523398],[-72.00716845266938,-39.92025729845589],[-72.00848274013042,-39.92102455454967],[-72.0091215916757,-39.92162216371382],[-72.01050652359898,-39.92241889311093],[-72.01126203384818,-39.923227041872565],[-72.01153771595753,-39.92391212057462],[-72.01228913298608,-39.92440192786502],[-72.01231661599392,-39.92459634145682],[-72.01227770878214,-39.924664518336954],[-72.0120096550195,-39.92462993281486],[-72.01164111598342,-39.92442672197517],[-72.01146101097778,-39.92443591200468],[-72.01125754227212,-39.92456902350232],[-72.01119055266548,-39.92445660678896],[-72.01065565166395,-39.92435978913554],[-72.01058094029997,-39.92401195989481],[-72.01093222087077,-39.923785811041036],[-72.01093823614659,-39.92364760568015],[-72.010700168741,-39.923337069728696],[-72.01049018253606,-39.923207126675315],[-72.01004143212623,-39.923195545714115],[-72.00978110576476,-39.923396367457244],[-72.00973005847504,-39.924156032792084],[-72.0099256040717,-39.92461766978005],[-72.01073086791953,-39.92510887690989],[-72.010721843898,-39.92531618485807],[-72.01034367852917,-39.92533409834555],[-72.01018513193593,-39.9252608263976],[-72.00972273378828,-39.92473695792738],[-72.0090562686016,-39.9243600158417],[-72.00843534377894,-39.92376286917012],[-72.00796152858278,-39.92350158394849],[-72.0071466674897,-39.923231486701226],[-72.00618231342145,-39.922680799663645],[-72.00532855706008,-39.92247886483631],[-72.00527229726153,-39.92253275470611],[-72.00537155911685,-39.92272902524441],[-72.00597462292669,-39.92291064506089],[-72.0067588756974,-39.923470516653154],[-72.0075695224359,-39.923837360122825],[-72.00781239418062,-39.92403733806437],[-72.00782432276752,-39.924176006648246],[-72.00778541145118,-39.92424418186694],[-72.00760590899172,-39.924239545404],[-72.00725172242511,-39.92411970773838],[-72.0067856195601,-39.924093829757915],[-72.00623639354552,-39.92391360535442],[-72.00565970661262,-39.92353896396283],[-72.00520914799338,-39.923568825620144],[-72.00498832318408,-39.92368764127395],[-72.00480132356088,-39.92467900166139],[-72.00470614679176,-39.92480106522861],[-72.00434472851349,-39.924847064185315],[-72.00425015360223,-39.9249553068868],[-72.00435001843371,-39.92513775780254],[-72.00461143805644,-39.9253243859664],[-72.00463226822924,-39.92567082553595],[-72.00425577241315,-39.92606233524922],[-72.00359461336151,-39.925976055898474],[-72.00339112550644,-39.92610915280684],[-72.00338207902735,-39.92631645932745],[-72.00360156800842,-39.92664036548292],[-72.00528485685449,-39.92738930275064],[-72.00532838139104,-39.927697410543956],[-72.00514526937913,-39.92797773215718],[-72.00456960117826,-39.92811633975107],[-72.00449932604913,-39.92842150519893],[-72.00405989544942,-39.92849241191249],[-72.00361231937359,-39.92845316393253],[-72.00344366300645,-39.928199752859484],[-72.0031457307594,-39.928026013510426],[-72.00287405045131,-39.92807432908882],[-72.00283211560976,-39.92821160445544],[-72.00294329645766,-39.928546545625],[-72.00395761477297,-39.92908724350651],[-72.00472001706295,-39.929238522667944],[-72.0060038066153,-39.92924830616044],[-72.00651295284025,-39.92952434859241],[-72.0068072855093,-39.929781002609204],[-72.00827089378609,-39.93001251473747],[-72.00856824600336,-39.930200062132805],[-72.00852692301449,-39.93032351940127],[-72.00806318633225,-39.93024236306907],[-72.0073912579186,-39.929989794390345],[-72.00711957211728,-39.930038119741546],[-72.00711053562698,-39.93024542682881],[-72.00760053718597,-39.930548642025315],[-72.00827307400431,-39.93078738921309],[-72.00898814258548,-39.93087503425194],[-72.00900007388432,-39.931013702704604],[-72.0081078928525,-39.93086613942432],[-72.00745511494677,-39.93058639359189],[-72.00656884431254,-39.93071569189496],[-72.00613450983938,-39.93037240293981],[-72.00534295365469,-39.92997837037702],[-72.0047027216544,-39.92982345779347],[-72.00416176012423,-39.929864813392456],[-72.00386321589944,-39.92970489603268],[-72.00355395914872,-39.92937866846424],[-72.00321495288583,-39.92935907710654],[-72.00306707893834,-39.92926155437095],[-72.0024990456816,-39.92922493044144],[-72.00251721281073,-39.92880878146911],[-72.00218729660624,-39.92853711658844],[-72.00181458851509,-39.928593253059184],[-72.0014139703975,-39.92847324735978],[-72.00071900701471,-39.92808249214056],[-72.00037283582506,-39.92818316565549],[-71.99996906802212,-39.92764645450086],[-71.99951839721192,-39.92795979149215],[-71.99953618199324,-39.9283753328241],[-71.99999325184871,-39.928608546746155],[-72.0003748969996,-39.92892282204099],[-72.0007327166654,-39.92895975876692],[-72.00085940096754,-39.928943640678625],[-72.00094252170378,-39.92883380751242],[-72.00168315896913,-39.92883105192627],[-72.0017324062474,-39.92900774507323],[-72.00201116177581,-39.92914652334451],[-72.00203482957808,-39.929256772433014],[-72.00172132619056,-39.92936747735817],[-72.00171023273587,-39.929621520199326],[-72.00197331926191,-39.93018177016312],[-72.00199594644033,-39.930486748297554],[-72.002201712996,-39.93071344970998],[-72.0019327329998,-39.931522814093384],[-72.00161608033777,-39.93177750293832],[-72.00136052540064,-39.931867740198264],[-72.00091172218895,-39.931856121823856],[-72.00072555967054,-39.93200349824994],[-72.00045368372102,-39.932051857113564],[-72.00006978451259,-39.93179281344663],[-71.9999706915106,-39.931181462420476],[-72.00011084771704,-39.9308530275549],[-72.00037243827339,-39.930624589103076],[-72.00021811810296,-39.93045456080825],[-72.0000392045289,-39.93043609165148],[-71.9997681167569,-39.93047057910905],[-71.99952568463242,-39.930671840372256],[-71.9994956532804,-39.93094778288855],[-71.99923164246681,-39.93123150067508],[-71.9991687258416,-39.931437411127945],[-71.99945880958876,-39.931790825634295],[-71.99941444917604,-39.9319833808334],[-71.99951897401144,-39.93247034878662],[-71.99972413367377,-39.932710874824885],[-72.00028411562167,-39.93305744128968],[-72.00043481835769,-39.93331039193613],[-72.0003305630815,-39.93363975670427],[-72.00041110488328,-39.93426446295719],[-72.00030990004306,-39.93444171048665],[-71.99959839955365,-39.9343541039223],[-71.99929967771519,-39.93460925051701],[-71.99922769575906,-39.935022466215464],[-71.99866209178263,-39.935215353300684],[-71.9986560493503,-39.93535355683228],[-71.99868893415513,-39.93542358889836],[-71.99886786015888,-39.935442060596294],[-71.99908795796628,-39.93575215480395],[-71.99944702027274,-39.93576145603887],[-71.99952832875742,-39.93595726625411],[-71.99988376820873,-39.93604948836656],[-72.00099919895747,-39.936020196327725],[-72.00100643743082,-39.93618924697656],[-72.00068683189554,-39.93618097218244],[-72.00049340982842,-39.93649419218483],[-72.00028988382533,-39.93662728205605],[-72.00014307114341,-39.937107740496785],[-72.00017293832369,-39.937246874048164],[-72.0004200601167,-39.937350125473095],[-72.00086829516957,-39.937375567446715],[-72.00109806875743,-39.93746453226864],[-72.00073597764539,-39.93752433769059],[-72.00051087174042,-39.93773988521199],[-72.00032891938102,-39.93779051766411],[-71.99970295773339,-39.937718962429216],[-71.99943002840845,-39.93779490906161],[-71.99892206179757,-39.937491193898715],[-71.99878931003488,-39.93723870645863],[-71.99824707917354,-39.93730767276784],[-71.99823801358578,-39.937514977909835],[-71.99835522755355,-39.93771171932143],[-71.99881174905894,-39.93795876008407],[-71.9981234653115,-39.93807928564652],[-71.99804621065793,-39.93820180762687],[-71.9981059372239,-39.93848007548057],[-71.99845594815432,-39.93869668542247],[-71.99890237796792,-39.938763596339115],[-71.99925178875165,-39.93899402436205],[-71.99955864822513,-39.93937554522198],[-71.99956754005146,-39.93958331559273],[-72.00027768674025,-39.94019665599565],[-72.00065351907324,-39.940234060024814],[-72.00098333937575,-39.94009040351793],[-72.00111686937511,-39.939913992465065],[-72.00141138259477,-39.939755584629694],[-72.00203977969508,-39.939771849816466],[-72.00223123981623,-39.93991516490561],[-72.0025861000433,-39.94002119994807],[-72.00288557421236,-39.94068439340966],[-72.00260478152104,-39.94144007155383],[-72.00075227826936,-39.942904275067285],[-71.99961261414012,-39.943486235109816],[-71.99944376674627,-39.94364789337438],[-71.99929451288521,-39.94418363082353],[-71.99898262447518,-39.94432774676127],[-71.99772091394841,-39.944405739338016],[-71.9971701588407,-39.94466818280175],[-71.99682537725045,-39.9447422601728],[-71.9965265978817,-39.94499739715874],[-71.99607287110632,-39.94509631929107],[-71.99596029811762,-39.94520408772658],[-71.99594214797524,-39.94561869656551],[-71.99605634264624,-39.94588454180766],[-71.99667209041925,-39.94619106443162],[-71.99708246663356,-39.94667212759511],[-71.99738046059724,-39.94684588449547],[-71.99839669774133,-39.9470382551041],[-71.99871446634094,-39.9471710130765],[-71.9988173671541,-39.94728436718267],[-71.99880527770833,-39.94756077370463],[-71.99853756866949,-39.94792740867035],[-71.998582369567,-39.94813610936023],[-71.99904802565915,-39.948175846535065],[-71.99949089120537,-39.948325679373255],[-71.9995147169781,-39.94860301631568],[-72.0001119442037,-39.94892287717506],[-72.00035971107195,-39.94901230976062],[-72.000793690081,-39.94895436770397],[-72.0009242188554,-39.948847059507166],[-72.00110696927395,-39.948367531446024],[-72.0013847715772,-39.948181019612335],[-72.00201445343548,-39.948169647046086],[-72.00242096589396,-39.947917283963015],[-72.00313922005358,-39.94793586935136],[-72.00348642643112,-39.94780649201259],[-72.00420709371188,-39.947769789183496],[-72.00458041322152,-39.94787363458438],[-72.00460115513678,-39.94821515280141],[-72.00484176308322,-39.94838032119503],[-72.00477955111491,-39.94933239144624],[-72.00508465921376,-39.949912488086404],[-72.00536237384091,-39.950173982759225],[-72.00638411597018,-39.95042291927013],[-72.00798189242316,-39.95066222983646],[-72.00799141184356,-39.95085617977149],[-72.00787884684495,-39.95096396004813],[-72.00652723165558,-39.951039725001394],[-72.00621532514835,-39.951183859690545],[-72.00618832184529,-39.951390701710054],[-72.0062870199372,-39.9516007926664],[-72.00614322568205,-39.95201215596794],[-72.00586240366023,-39.952267781039964],[-72.00550042119994,-39.95355900667278],[-72.00554524607269,-39.953767705410144],[-72.00601261856856,-39.95418103113428],[-72.00638611899784,-39.95427370103115],[-72.00638310352132,-39.954342803058786],[-72.007193629773,-39.95430840480301],[-72.00755098318045,-39.9543591457545],[-72.00805428854532,-39.95477339170983],[-72.00867680043827,-39.954927830261816],[-72.00888687639697,-39.9550577794438],[-72.00892568630562,-39.95540468159122],[-72.0085086590453,-39.95672216708689],[-72.00841259067614,-39.95768820529473],[-72.0084826184408,-39.95773152196782],[-72.00883878538677,-39.9578099004627],[-72.00925786928646,-39.95768236258586],[-72.00954352279925,-39.95731616632834],[-72.00968731001862,-39.9569047987866],[-72.010142417351,-39.95636310771688],[-72.01077108036988,-39.95596425397743],[-72.01095066626239,-39.95596888857869],[-72.01123499300184,-39.956045405676775],[-72.01127682586386,-39.95632320513158],[-72.010917049934,-39.956327757051945],[-72.01079601050824,-39.956412746825144],[-72.01085173130606,-39.956588955355976],[-72.01069059519413,-39.956986040696684],[-72.01113885736545,-39.95742652488272],[-72.0111417611805,-39.95777249975888],[-72.01143201147822,-39.95812588925087],[-72.01152240944315,-39.958114385716456],[-72.01178286908126,-39.957913565767115],[-72.01201884767359,-39.957449229669216],[-72.0119770113841,-39.95717143039339],[-72.01272175388414,-39.95699693660388],[-72.01276369034116,-39.95685965816377],[-72.01317142265319,-39.95657961712443],[-72.01351333379101,-39.95615951741413],[-72.01378451902146,-39.956125001384194],[-72.01385093905134,-39.95625123785513],[-72.01362580764118,-39.95646680953345],[-72.01359882351849,-39.956673653864755],[-72.01365029324315,-39.95673032494685],[-72.01392087907128,-39.95670962917445],[-72.01430282708978,-39.95660878742064],[-72.0145512430164,-39.956684370726904],[-72.01439906355822,-39.95728923241348],[-72.01451635519474,-39.95748595983076],[-72.01526650804816,-39.95718706500283],[-72.01564424802773,-39.95718296245063],[-72.0156615259501,-39.95761232388334],[-72.01596021705035,-39.957772215631195],[-72.01631879886654,-39.95779528934733],[-72.01642174461645,-39.95790862928034],[-72.01618932377536,-39.958705130480524],[-72.0162790441412,-39.959122521981776],[-72.01699314469394,-39.95965284785065],[-72.0173996059226,-39.95981551150794],[-72.01744139517334,-39.96050838798533],[-72.01802499153092,-39.96114603500521],[-72.01791175519703,-39.96168272380402],[-72.01833138398189,-39.96195641137299],[-72.01851278923861,-39.96191957321395],[-72.01875047818257,-39.96182883948623],[-72.01892293360864,-39.96158423019146],[-72.01888707496437,-39.96116822699591],[-72.01873985229918,-39.96083237339679],[-72.01877883806102,-39.960349116544435],[-72.01832990619754,-39.95992248017753],[-72.0174762525731,-39.95970679716208],[-72.01735474186073,-39.95960681607823],[-72.0174625693764,-39.95919451249661],[-72.01785233852331,-39.95891399240332],[-72.0177201477258,-39.95823262427126],[-72.01749929666684,-39.957936381315974],[-72.01713891046836,-39.957954772813714],[-72.01670067632772,-39.95810951817811],[-72.01663064268972,-39.958066206274566],[-72.01702521658001,-39.95767512457191],[-72.01695345200918,-39.95725819599148],[-72.01707930716681,-39.95643127654704],[-72.01699852814983,-39.95622165598671],[-72.01666692888733,-39.95599173926595],[-72.01639814968455,-39.95597098001116],[-72.01564260347816,-39.95639426755659],[-72.01539495019509,-39.955474709625086],[-72.01510761368942,-39.95546730522066],[-72.01471304275468,-39.9558583805803],[-72.01454961069942,-39.95589567622128],[-72.0144221824033,-39.95551881943158],[-72.01406601974759,-39.955440458294134],[-72.01402718371011,-39.95509355691458],[-72.01437449522994,-39.95454906956671],[-72.01483299092922,-39.954754591247045],[-72.01555372979347,-39.95471782027312],[-72.01693420285513,-39.954414458617215],[-72.01779660960277,-39.954055194038375],[-72.01838046567956,-39.953927172967774],[-72.01944157226879,-39.95374785209621],[-72.02045171858778,-39.95370936598196],[-72.02063965489137,-39.95393557668036],[-72.02052228164541,-39.954047987901895],[-72.02049158445912,-39.95429939126598],[-72.0202371244146,-39.954451792133824],[-72.02006506483929,-39.95555999293809],[-72.0194569228378,-39.95719739121348],[-72.01946908821739,-39.95777336133083],[-72.01958497026457,-39.957934724643046],[-72.01984595251659,-39.958135144173525],[-72.020182376159,-39.95825448792488],[-72.02063846340238,-39.95893034955002],[-72.02099825423079,-39.95892576789113],[-72.02123652977492,-39.95882120793505],[-72.02157355951861,-39.958926727258564],[-72.0222158214263,-39.959870254497076],[-72.02196254144795,-39.960320331076936],[-72.022011020473,-39.960446101703134],[-72.02236781939243,-39.96051061902884],[-72.02273717959775,-39.96069998231323],[-72.02323949559113,-39.96031164877947],[-72.02350829478958,-39.9603323928339],[-72.02380701690905,-39.96049226537265],[-72.02398661678046,-39.96049688021167],[-72.02417341243542,-39.96033564739127],[-72.02428277481098,-39.96034149155308],[-72.02454610486926,-39.9604594910118],[-72.02491194702246,-39.96107288644027],[-72.02564574005524,-39.96177520374464],[-72.02599716212157,-39.96224517342153],[-72.02649256776752,-39.96241526915412],[-72.02705174088895,-39.96237427933434],[-72.02742651599345,-39.96243924260047],[-72.0277089477051,-39.96235309765809],[-72.02745467005772,-39.961789671948424],[-72.02765703474113,-39.961269096326596],[-72.02779772209703,-39.961341886800504],[-72.02806652113476,-39.961777701152165],[-72.02834670143116,-39.96195092236872],[-72.02850535138856,-39.96202417286077],[-72.02915312566083,-39.962013117954164],[-72.02950036072093,-39.96188366366535],[-72.0299116505348,-39.96152063836133],[-72.03018225280354,-39.961499905100005],[-72.03048218480744,-39.961217038526314],[-72.0312017799903,-39.9607927323045],[-72.03177168786596,-39.96008786476939],[-72.03230989032804,-39.96011549203792],[-72.03282054384728,-39.95994870648284],[-72.03345995746308,-39.96054619889592],[-72.03371379060091,-39.96049735572464],[-72.03411187128462,-39.960023288431465],[-72.03407054167107,-39.95973167317615],[-72.03364007231866,-39.95929173197859],[-72.03338260317513,-39.958593335510194],[-72.03336162773297,-39.95824689713292],[-72.03351307449695,-39.9580709074232],[-72.0336040674437,-39.95804556576554],[-72.03381360498649,-39.95818929246313],[-72.03408900571353,-39.95847306581082],[-72.0342117672334,-39.95896047089381],[-72.03436623428425,-39.959130458579565],[-72.0348696703636,-39.95871443015164],[-72.03472894488465,-39.95822656581094],[-72.03383987115663,-39.95716609757262],[-72.03347530633678,-39.957281285436366],[-72.03331666131277,-39.957208041911635],[-72.03329207255787,-39.95652944576148],[-72.03354825245482,-39.95601023718707],[-72.0335212995313,-39.955802006141255],[-72.03301244642977,-39.95551225172579],[-72.03315923184563,-39.95532864333539],[-72.0331754130983,-39.95495449471176],[-72.03329375514058,-39.95482765469498],[-72.03319792979055,-39.95413339768546],[-72.0327459541632,-39.95377591874901],[-72.03216645995779,-39.95304159740653],[-72.03132599776248,-39.95252196184517],[-72.03112007075278,-39.952295307016186],[-72.03111706460173,-39.95194932867601],[-72.03125772062032,-39.951607032479785],[-72.03105598287304,-39.951283632544204],[-72.03016049163456,-39.951205331865026],[-72.03007548942439,-39.9510924640134],[-72.02962595048676,-39.95109477292082],[-72.02924285139056,-39.95080822706949],[-72.02933862310132,-39.95067232282099],[-72.0301239678726,-39.950803149921036],[-72.03065669979068,-39.95054008673981],[-72.03110982353236,-39.950454849339145],[-72.03125766942338,-39.950361786321885],[-72.03197477230671,-39.95040783546085],[-72.03228662531944,-39.95026362922896],[-72.03282654432023,-39.95024978908876],[-72.03341074412961,-39.95004337567676],[-72.0336597578295,-39.950105097189336],[-72.03376753492016,-39.95052293902445],[-72.03413209727273,-39.95082283150391],[-72.03447687640933,-39.95074864271797],[-72.03459298485477,-39.95055791041263],[-72.03503531418106,-39.95030634846135],[-72.03586076271898,-39.95034131073821],[-72.03593860906524,-39.95062002410487],[-72.03507668496255,-39.951013046634166],[-72.03480974738802,-39.95136595113692],[-72.03511506985804,-39.95178884861435],[-72.03551615789632,-39.952075835690216],[-72.0355790322001,-39.952284985753224],[-72.0354270070602,-39.95247479975438],[-72.03543899304458,-39.95261346712796],[-72.03582093464276,-39.952927635267194],[-72.03594668671867,-39.95334593510695],[-72.0363424136567,-39.9537573067491],[-72.03803121814299,-39.954616832599974],[-72.03817852537213,-39.954952664936755],[-72.0386598929268,-39.95546307110991],[-72.03930760699313,-39.955451957040395],[-72.03954584452939,-39.95534735787811],[-72.0399038297823,-39.95538417918459],[-72.04030436270048,-39.95568497183884],[-72.04057560808296,-39.95606547628122],[-72.04081265363361,-39.955988516194616],[-72.04082457757195,-39.955712099500246],[-72.04095863697006,-39.95552181942681],[-72.04104843179616,-39.95552411335935],[-72.0417213366498,-39.95576267852184],[-72.04180576787822,-39.95588935949934],[-72.0421745655579,-39.9560924827858],[-72.04235177333508,-39.95615235216485],[-72.04253315244702,-39.95611547529577],[-72.04233432779301,-39.95572298853871],[-72.04122258075613,-39.95523800460605],[-72.04110521425704,-39.95504130152957],[-72.04163853709473,-39.95476436679136],[-72.04169777739455,-39.954641355186034],[-72.04104880326246,-39.954265040609975],[-72.0408428381624,-39.95403840177468],[-72.04076437248644,-39.953773511819605],[-72.04042077605592,-39.95382007732444],[-72.04037226671471,-39.95369431322305],[-72.04049074946889,-39.95344829132694],[-72.04030274691421,-39.95322211050226],[-72.04005610037868,-39.95310511935185],[-72.03969693411202,-39.9530959405893],[-72.03957844924602,-39.95334196160417],[-72.03998977192585,-39.953809063869116],[-72.04035855305683,-39.954012192401],[-72.04028075614964,-39.95414856521299],[-72.04033470269825,-39.954565025702955],[-72.04076936205371,-39.954908196945006],[-72.04074544132716,-39.95504594648593],[-72.04050959152113,-39.95509526489658],[-72.03976605541672,-39.95482721554434],[-72.0396451153711,-39.95471343609419],[-72.03947381269869,-39.95410027091159],[-72.03916069890178,-39.953857054368896],[-72.0388373840108,-39.953433707346626],[-72.03882837380564,-39.95322593600599],[-72.03907495491484,-39.952927846065116],[-72.03903599244792,-39.95258094837727],[-72.03893301552617,-39.9524676273944],[-72.03866006422311,-39.95254366580231],[-72.03841103663738,-39.952481954581934],[-72.03812424514979,-39.95204570337894],[-72.03788118695527,-39.95184578301127],[-72.03776980266981,-39.95151086894076],[-72.03736328274566,-39.95093319325648],[-72.03709451404907,-39.95091248254114],[-72.03653598569531,-39.950524620553736],[-72.03645216739753,-39.950384115433764],[-72.03646709127736,-39.95003859559209],[-72.03668854984058,-39.9499059006678],[-72.03704948893471,-39.949873625739535],[-72.03738113182938,-39.950103485693624],[-72.03744401044679,-39.95031263494704],[-72.0379839302755,-39.95029877072649],[-72.03809644859817,-39.950190959392465],[-72.03806649985688,-39.95005183287487],[-72.03782344854827,-39.94985191259029],[-72.03788269078552,-39.949728902941764],[-72.03847073354314,-39.94961150817534],[-72.03862186483695,-39.94926354053969],[-72.03934194581423,-39.94924043966516],[-72.03967114007159,-39.949110492570384],[-72.0399350626918,-39.94882667970711],[-72.0400217255249,-39.94806791003731],[-72.04035568182648,-39.94782739395071],[-72.04078247630794,-39.94793515065794],[-72.0409890201102,-39.94814796827714],[-72.04151513737988,-39.948036882198956],[-72.0414851021127,-39.94748267178848],[-72.04163292808093,-39.947389594730545],[-72.04215554841772,-39.947776515362776],[-72.04259970714706,-39.94789854487027],[-72.04341074997697,-39.94785006864358],[-72.04446892470392,-39.94748966255472],[-72.04483867623485,-39.94683496388863],[-72.04481169075243,-39.94662673406794],[-72.04430498195552,-39.94627181828977],[-72.04392293031931,-39.946268909904184],[-72.04368970600245,-39.945965038744525],[-72.04364550923759,-39.945739138945115],[-72.0432067216476,-39.94549272585071],[-72.0431462107969,-39.945228295540716],[-72.0428887773108,-39.94494500214771],[-72.04257033014973,-39.94482618353903],[-72.04255833009019,-39.944687516265994],[-72.0427223178328,-39.94463635859968],[-72.04286170845518,-39.944321687043114],[-72.04351477034226,-39.944601242684186],[-72.04372012275813,-39.94484169727215],[-72.0441672424184,-39.94489461572585],[-72.04466287490223,-39.94507329502376],[-72.04497597093764,-39.945316496253156],[-72.04522438458467,-39.94539201359838],[-72.04549611053766,-39.94534360016475],[-72.04575772145338,-39.94553014174264],[-72.04629522476064,-39.94557152101232],[-72.04646943567461,-39.945700487966874],[-72.04656040776086,-39.94567513530502],[-72.04660762222078,-39.945413453265076],[-72.04650464240741,-39.94530013883268],[-72.0454308305438,-39.94518973807249],[-72.04524521247279,-39.94490828155823],[-72.04462269567539,-39.944754039758855],[-72.04446823254808,-39.944584065647554],[-72.04422101325108,-39.944480904998734],[-72.04386308142067,-39.94444409897289],[-72.04369066482178,-39.944273665671794],[-72.04307470814719,-39.94396738603326],[-72.04304475116751,-39.94382826040483],[-72.0432517937747,-39.94361216788716],[-72.04397360141475,-39.943547573261924],[-72.04462785139569,-39.943799480736985],[-72.04516593526735,-39.94382704382733],[-72.04569331036338,-39.94410338106443],[-72.04596930392478,-39.94437330554987],[-72.04650441914838,-39.94446996725079],[-72.04703121008465,-39.944760119678335],[-72.04729936454129,-39.944794627514185],[-72.04773744979428,-39.94463976037656],[-72.04779666948163,-39.94451674474682],[-72.04807314645436,-39.94435775745585],[-72.04832975972727,-39.943824688535905],[-72.04889650008549,-39.943603914576336],[-72.04895618394995,-39.94305199083103],[-72.04863951689175,-39.942891725927694],[-72.0485550872604,-39.94276504981082],[-72.04858183323489,-39.94214310645544],[-72.04777549520314,-39.9416659676525],[-72.0478436291336,-39.94133563750074],[-72.04772626457243,-39.9411389409023],[-72.04777109249697,-39.94093254176218],[-72.04784469694557,-39.94089290926625],[-72.04831225195261,-39.94130607108431],[-72.04880846525272,-39.94147091121151],[-72.04929814493335,-39.94178778001228],[-72.04943406482904,-39.94197111158093],[-72.05006369771422,-39.94195947524879],[-72.05002408821039,-39.941626399877805],[-72.05074719731587,-39.941949206943235],[-72.05101653097164,-39.94195606386371],[-72.051034346346,-39.94154143399108],[-72.05076738988313,-39.94147929319838],[-72.05052432875759,-39.94127939908336],[-72.04962477715306,-39.9412979996992],[-72.04946020794135,-39.9413629886244],[-72.04923094716327,-39.94126029611469],[-72.04898385597629,-39.941073203881686],[-72.04855374124836,-39.94028835208082],[-72.04821675499542,-39.940182912845145],[-72.04793720153467,-39.93999591960971],[-72.0476109186076,-39.93964170141975],[-72.04773291522146,-39.93931274400492],[-72.04800104900211,-39.9393472494813],[-72.04861223475844,-39.93976407017403],[-72.04930475486054,-39.93996158168213],[-72.04989859310074,-39.940364117691345],[-72.05016792033591,-39.940370976358444],[-72.0503324865009,-39.94030598630652],[-72.0504102464396,-39.94016960515791],[-72.0503921543568,-39.93975406102322],[-72.05022626557226,-39.93943160626349],[-72.04966061979297,-39.93920965949082],[-72.04867250992856,-39.93919832524649],[-72.04808832238794,-39.938989734561595],[-72.04773814403664,-39.93877326892971],[-72.04775597718958,-39.938358640054716],[-72.04796197330796,-39.93774818269984],[-72.04820072990822,-39.937629741759416],[-72.04835934807885,-39.93770296402981],[-72.04911131748848,-39.938607633161524],[-72.05041739606615,-39.93916666879991],[-72.05070659425859,-39.93954760728534],[-72.05130400024068,-39.93986721027551],[-72.05148414436323,-39.93985795956027],[-72.05150803648402,-39.93972020650978],[-72.05195691170427,-39.93973163089138],[-72.05199875780053,-39.939594334638755],[-72.05208853269929,-39.939596619267974],[-72.05384353476711,-39.940167039979],[-72.05420085849137,-39.94021763559085],[-72.0544037036655,-39.94009826862287],[-72.05439167984652,-39.93995960163909],[-72.0541821502429,-39.93981591225663],[-72.05400378595537,-39.93978370407533],[-72.053093858734,-39.939207114799416],[-72.05282334849014,-39.939227905142424],[-72.05250668885402,-39.93906765103922],[-72.05187945661407,-39.93902401759281],[-72.05175021097088,-39.939103744971],[-72.0517772160606,-39.93931197406734],[-72.05161384093594,-39.93934932430169],[-72.05108528815347,-39.939100656307865],[-72.05081655950767,-39.93907997895234],[-72.05027540251444,-39.93870646135541],[-72.05013948624291,-39.93852313083832],[-72.04962474161009,-39.93837166070221],[-72.04959477298695,-39.938232536257644],[-72.04930023923013,-39.93797598419686],[-72.04926419924219,-39.93755998268196],[-72.04908036621642,-39.9372370692246],[-72.04846813693231,-39.93726298022103],[-72.04835068144514,-39.93716750400554],[-72.0483516682201,-39.93704555286361]],[[-72.03060247341715,-39.95926924135578],[-72.03042287567797,-39.95926463688312],[-72.0301961419485,-39.95904373431642],[-72.02984862821661,-39.95920165434031],[-72.029821820156,-39.95946312977997],[-72.02947997413716,-39.95949011255948],[-72.02920670288555,-39.95936393880189],[-72.02897279805289,-39.959006073462696],[-72.028605350491,-39.95888595921799],[-72.02843533411951,-39.958660220926475],[-72.02892137894827,-39.95853782060848],[-72.02925877296823,-39.95816170834686],[-72.02979963282313,-39.95818749575341],[-72.03007909155343,-39.95852832368988],[-72.03056479063804,-39.958755273598946],[-72.0306587460035,-39.9592153398458],[-72.03060247341715,-39.95926924135578]],[[-72.02836664105223,-39.92384816284651],[-72.02854907238925,-39.92392434147244],[-72.02857484243053,-39.92404416791004],[-72.02824503566218,-39.92451237004869],[-72.02828936381633,-39.9249186696514],[-72.02837388475375,-39.92511150241959],[-72.0285882703152,-39.92516466756865],[-72.02864496165749,-39.925285287074495],[-72.02893045962392,-39.925125777694866],[-72.02916438881903,-39.92401162145707],[-72.02935505979418,-39.92389734535824],[-72.02963231283088,-39.923928287490945],[-72.02999512026987,-39.924128254002696],[-72.03149792240602,-39.925167761337505],[-72.03218549562452,-39.92644853188358],[-72.03268132866724,-39.92715239299966],[-72.03324313023144,-39.927762609061396],[-72.03390285074659,-39.92825616407118],[-72.03416469988052,-39.92864419763682],[-72.0341605867365,-39.92873942473223],[-72.03390806401367,-39.928852125019134],[-72.0329350602733,-39.92916087186842],[-72.03237947962306,-39.92912280789207],[-72.03180120998378,-39.92889349520503],[-72.03161567432895,-39.92888874129913],[-72.0316858006997,-39.929414866101304],[-72.0322362382027,-39.92957196712233],[-72.03344949923459,-39.930151203395305],[-72.03409374540384,-39.93028686476335],[-72.03521315302011,-39.930172520044245],[-72.03562748977225,-39.92989712600245],[-72.03598717090723,-39.929453500312825],[-72.03657265282818,-39.92951614500103],[-72.03686123390696,-39.92928519565311],[-72.03690037569618,-39.92909553195283],[-72.03732713243004,-39.92924944529583],[-72.03730874837946,-39.930392964320916],[-72.03718515880658,-39.93110479666529],[-72.0369522539444,-39.93148016938684],[-72.03702653251264,-39.93191106505653],[-72.03736053409166,-39.93206260597052],[-72.03728533041298,-39.932370512978714],[-72.03678643122568,-39.93245308498955],[-72.03601011751708,-39.931899011667646],[-72.03597225615844,-39.93152709245438],[-72.03510511216635,-39.93121434430382],[-72.03479395057511,-39.93134474110497],[-72.03438760886598,-39.93118214249721],[-72.03340679109156,-39.93100483258117],[-72.03322487798474,-39.931055518335434],[-72.03259119923305,-39.93157889575723],[-72.03259123153698,-39.93199397929799],[-72.03294610423038,-39.93209992161386],[-72.03342847600211,-39.932582702412056],[-72.0336386120951,-39.933542773696274],[-72.03308870541895,-39.93420665943487],[-72.03296605279584,-39.93454942022075],[-72.03242509286655,-39.935005990443635],[-72.03246162747516,-39.93540817279877],[-72.032163017789,-39.93566340847206],[-72.03189550608889,-39.93561504633832],[-72.03177401393185,-39.93551508082382],[-72.03170814989387,-39.9349599498685],[-72.03135924138324,-39.934715795665575],[-72.03107019439864,-39.9347498962778],[-72.03042867404461,-39.93503784671361],[-72.03025033545362,-39.93500560277278],[-72.03008873859166,-39.93458637754659],[-72.03001091460528,-39.93389257828651],[-72.02971466663762,-39.93326235904038],[-72.02967874650396,-39.93284635557061],[-72.03018740504336,-39.932721036017284],[-72.03014550363758,-39.932443240137815],[-72.02980460846565,-39.93201427158394],[-72.03009338211167,-39.93187652598263],[-72.03048712182668,-39.93136229194931],[-72.03060357393238,-39.9308171161655],[-72.03066182462592,-39.93006283267194],[-72.03052655499687,-39.9294505774493],[-72.02968098733064,-39.92864024293823],[-72.02896290587613,-39.928206746384916],[-72.02837767970391,-39.92802570300622],[-72.02747950330257,-39.92801649624227],[-72.02699002432715,-39.92811462432587],[-72.02673690868791,-39.927734553997006],[-72.02620375165804,-39.927596344322914],[-72.02587344954098,-39.927338815500285],[-72.02577412210822,-39.92714256027692],[-72.02583635644933,-39.92695045286992],[-72.02680991415046,-39.92646350779329],[-72.0269648921385,-39.92620459947174],[-72.02758001056498,-39.925694612340315],[-72.02761590790662,-39.9252804506684],[-72.02749264094784,-39.92480686079809],[-72.02763804127666,-39.92476908317353],[-72.02784566763403,-39.92453919651725],[-72.02790250350914,-39.92405639138532],[-72.02836664105223,-39.92384816284651]],[[-72.00111354990567,-39.93299590042157],[-72.00084486734177,-39.93297510848248],[-72.00041115308528,-39.932617978315406],[-72.00039923912472,-39.93247930964243],[-72.00065361479435,-39.93222614532451],[-72.00089196996923,-39.93226210769827],[-72.00103339600658,-39.93239089212696],[-72.00093892878571,-39.932781690323324],[-72.00119118802726,-39.93285376150708],[-72.0011933642712,-39.932973687860255],[-72.00111354990567,-39.93299590042157]],[[-72.01507946522227,-39.92304874164572],[-72.01408352125378,-39.92282937147654],[-72.01402370662885,-39.92263710778299],[-72.01431002711725,-39.922601587734434],[-72.01444738240887,-39.922707306457696],[-72.01485185724083,-39.9227038933615],[-72.01495727233538,-39.92266571897946],[-72.01504964354646,-39.92246334871769],[-72.015382640399,-39.922493377859176],[-72.01552732866281,-39.92258290430683],[-72.01553843174091,-39.92275478827101],[-72.01564694846194,-39.9228219329947],[-72.01562063808704,-39.92300000306542],[-72.01507946522227,-39.92304874164572]],[[-72.01250239061189,-39.921771657933796],[-72.01210483604656,-39.9216161266303],[-72.01217517516963,-39.92144498993697],[-72.01257691936301,-39.921455822690454],[-72.0130797448606,-39.92192490569722],[-72.01283441801456,-39.92198776059247],[-72.01250239061189,-39.921771657933796]],[[-72.0433556581488,-39.91949847114369],[-72.04370037354111,-39.91983933517938],[-72.04368847629877,-39.920115754305975],[-72.0435077889563,-39.92013881572262],[-72.04330191096648,-39.91991218354212],[-72.04308770460466,-39.91987904432723],[-72.0430337555786,-39.91946258334018],[-72.0428937290647,-39.919375992522696],[-72.0425371184784,-39.91931154517017],[-72.04213984833807,-39.91935674772515],[-72.04200696545126,-39.91910430462906],[-72.04158689320506,-39.91884452818629],[-72.04087010875372,-39.9187985501809],[-72.0408042654665,-39.91865850709107],[-72.04110693393835,-39.9183064981072],[-72.04111884079782,-39.918030079539164],[-72.04099906183191,-39.917473575031686],[-72.04076325586219,-39.91710781271248],[-72.0407930248936,-39.91641676633366],[-72.04094137757083,-39.91630986638719],[-72.041122055371,-39.91628680862599],[-72.04143936267086,-39.91726344151851],[-72.04148734848863,-39.91781811231063],[-72.04215156146046,-39.91825015601877],[-72.04221145592658,-39.91852840785172],[-72.04244608402763,-39.918921809489994],[-72.04351234238572,-39.919198074681425],[-72.04354467215514,-39.91928191652086],[-72.04339750643685,-39.91936117776094],[-72.0433556581488,-39.91949847114369]],[[-72.04526240500698,-39.930311625934905],[-72.04528641466888,-39.93058896073078],[-72.0452092515689,-39.93071151770861],[-72.04501117874544,-39.93072030158658],[-72.04471014969262,-39.93061576975662],[-72.04445276065618,-39.93033248098393],[-72.04457772738694,-39.92993442166918],[-72.04478839660912,-39.93005048492451],[-72.04523720594281,-39.930061933032654],[-72.04526240500698,-39.930311625934905]],[[-72.01351849265347,-39.92257959392983],[-72.01356633262473,-39.92271918782302],[-72.01340298010915,-39.92275648491331],[-72.01287049291501,-39.922604395578894],[-72.01271255067856,-39.922517306633296],[-72.01268266242187,-39.922378175310115],[-72.01313381280596,-39.922334463585685],[-72.01347065286039,-39.92244000002113],[-72.01351849265347,-39.92257959392983]]],[[[-72.05117837949398,-39.908891802984144],[-72.05088039964932,-39.90871818462766],[-72.0503540069302,-39.90884314651283],[-72.04972764518,-39.90878569025134],[-72.04937390623138,-39.90823707165993],[-72.04893532819764,-39.90799068687451],[-72.04813366536123,-39.907831903788065],[-72.04759526690158,-39.907818185614325],[-72.04696297818506,-39.907898925106664],[-72.04657303057374,-39.90819338128768],[-72.04621172041229,-39.90823951528037],[-72.04562700521757,-39.90850725506806],[-72.04348947729541,-39.90911031235602],[-72.043232704297,-39.909310783614906],[-72.04309712948364,-39.90957804707427],[-72.04319425040032,-39.909723849811634],[-72.04370450034058,-39.90988019455915],[-72.04382091066016,-39.910058338780296],[-72.04374795163172,-39.91059639520726],[-72.04405402280548,-39.91078568407013],[-72.04441296941138,-39.9107948413197],[-72.04460444524645,-39.910938087228914],[-72.04467337539376,-39.911424110865596],[-72.044465251374,-39.91166785264431],[-72.04439654498336,-39.91201200374268],[-72.04472328268565,-39.9123524060785],[-72.04549753101746,-39.912731892571884],[-72.0456806939757,-39.913068630896255],[-72.04554923240504,-39.91361872470499],[-72.04590700571622,-39.913655519861024],[-72.04612773116183,-39.91353662221144],[-72.04688308167677,-39.912684200032146],[-72.04642106736847,-39.91214664900699],[-72.04635818890038,-39.91193750371069],[-72.0466817160375,-39.91151683015755],[-72.04684562029188,-39.91146566339565],[-72.04846090135273,-39.91150682397697],[-72.04877432163475,-39.91132110166964],[-72.0491151851033,-39.910914698835576],[-72.04974631309332,-39.910861590653724],[-72.05009265494607,-39.91074588382],[-72.05065021150446,-39.9107324059697],[-72.05103185293447,-39.91063143104352],[-72.05156715470622,-39.91029915040482],[-72.05166282187642,-39.91016322319492],[-72.05161491064514,-39.91002364227561],[-72.05125774512834,-39.9099730442411],[-72.05071695542907,-39.91001462423569],[-72.05046020608593,-39.90971752878742],[-72.05046264394576,-39.909660736873384],[-72.05091849934561,-39.909604442241715],[-72.05096020209866,-39.90937051590423],[-72.05140887894439,-39.9093819352369],[-72.05140279362878,-39.909105056936525],[-72.05117837949398,-39.908891802984144]]],[[[-72.04005271348711,-39.90941060411029],[-72.04029197647978,-39.90927835493796],[-72.04035117486855,-39.90915534183794],[-72.04014117093696,-39.90902545182316],[-72.03969071467327,-39.90905545177652],[-72.03956865982026,-39.90896931627924],[-72.03961050788173,-39.90883202409085],[-72.04013691705578,-39.908707111761004],[-72.04015784045163,-39.90863846554073],[-72.04005789983174,-39.90845604245783],[-72.03974438672486,-39.90822665429473],[-72.03988430193462,-39.907898161467166],[-72.03916993405979,-39.90738180685298],[-72.03890073872574,-39.90737492733393],[-72.03885889032867,-39.90751221927631],[-72.03901751023595,-39.90800053822136],[-72.03882792006306,-39.90823090735653],[-72.03857488112656,-39.908265948398785],[-72.03827693776644,-39.90809229885402],[-72.03791800725718,-39.90808312312444],[-72.03750590401806,-39.908473834844806],[-72.03745809328926,-39.90874933518782],[-72.03765617416126,-39.90915564800006],[-72.03794928084635,-39.90902478037895],[-72.03829928052254,-39.909241269913224],[-72.03849609999389,-39.909260137090605],[-72.0385553015256,-39.90913712502558],[-72.03849542783979,-39.90885887175096],[-72.03876462888344,-39.90886575242216],[-72.0389602563013,-39.90891226062214],[-72.03902370535735,-39.90910758818196],[-72.03928099706285,-39.90939088619959],[-72.03966808778114,-39.909580647178046],[-72.03990139804309,-39.90958660819224],[-72.04005271348711,-39.90941060411029]]],[[[-72.04605161446584,-39.90694867030098],[-72.0461419403533,-39.90693713697189],[-72.04616582760978,-39.90679938431667],[-72.04600062328564,-39.90646310451602],[-72.0459316865146,-39.9059770811469],[-72.04573653455611,-39.90550167576443],[-72.04552653058457,-39.90537179548244],[-72.04546068882614,-39.905231754882166],[-72.04555267439058,-39.90476367082374],[-72.04544190865772,-39.90441494217704],[-72.0446370938879,-39.903495065806496],[-72.04466030237982,-39.90340655286381],[-72.04441806810928,-39.90315741094931],[-72.04438812110378,-39.90301828536767],[-72.04419726120732,-39.90286121875],[-72.04401840305614,-39.90284281968053],[-72.04394483869325,-39.902882451377536],[-72.04391500424012,-39.90315841353705],[-72.04406224579144,-39.90349423799835],[-72.0439403060328,-39.90382319499251],[-72.04400614346419,-39.90396323632437],[-72.0443040849487,-39.90413687110846],[-72.0443998707561,-39.90441603784376],[-72.04479300881516,-39.904882659189255],[-72.04490733766724,-39.90514846229889],[-72.0445813402314,-39.90520932817815],[-72.04378091045095,-39.90502287444644],[-72.04350458819184,-39.90518185784089],[-72.04332750815765,-39.90512199453228],[-72.04316421167749,-39.905159335834696],[-72.04286161552474,-39.90551135339229],[-72.04290653256113,-39.905720042166756],[-72.04336480351472,-39.905925443548846],[-72.04312258470716,-39.90612680469247],[-72.04308074557107,-39.90626409852268],[-72.04330869343653,-39.9063944411194],[-72.04366821146442,-39.90638977885532],[-72.0438757265401,-39.90615985882724],[-72.04396237388855,-39.90581616547617],[-72.04467059042732,-39.90564052576773],[-72.0450295103811,-39.90564968013405],[-72.04514740689835,-39.90583255701088],[-72.04469162336495,-39.9059869663217],[-72.04467973594001,-39.906263386357466],[-72.04501655282363,-39.906368830155344],[-72.04524034505552,-39.90659591613985],[-72.04524937727018,-39.906803688917975],[-72.0453523010978,-39.90691700294004],[-72.04593680667188,-39.90711177716622],[-72.04605161446584,-39.90694867030098]]]]}},{"type":"Feature","id":"2005","properties":{"year":2005,"source":"SIG/Delimitacion_glaciar/surface_2005.shp","sourceCrs":"EPSG:32719","geometryAreaKm2":15.913792506963045,"area":15.903,"error":1.214837734349736},"geometry":{"type":"MultiPolygon","coordinates":[[[[-72.0346044746808,-39.9588183292381],[-72.03459846515867,-39.95854145442641],[-72.03444459628327,-39.958357646314084],[-72.03436074054571,-39.95780205734937],[-72.03387162160287,-39.95747130371954],[-72.03369202803455,-39.95746670448234],[-72.03355794484827,-39.95765697520861],[-72.03356634110888,-39.9578785669985],[-72.03414708363327,-39.9585852413526],[-72.03413513159649,-39.95886165623861],[-72.03380593855168,-39.95982174949037],[-72.03336294366113,-39.9600871247082],[-72.03360183162535,-39.96038380003891],[-72.03380536996904,-39.96025065228064],[-72.03404778523071,-39.95963423813656],[-72.03444227298843,-39.959243093847725],[-72.0346044746808,-39.9588183292381]]],[[[-72.0351649599648,-39.950842355387934],[-72.03493632814889,-39.95114089643187],[-72.03515305582137,-39.95153385379121],[-72.03511718031785,-39.95194801733449],[-72.03520402426405,-39.9524345023381],[-72.03568778415546,-39.95330471941014],[-72.03566986869238,-39.95371934269043],[-72.03575070313114,-39.953928952277074],[-72.0365936055063,-39.95439327431397],[-72.03702466260731,-39.954819383629456],[-72.03760834813295,-39.95504185414382],[-72.03787713317033,-39.95506256424962],[-72.0380872681492,-39.95519246246796],[-72.03836267591888,-39.95547622598073],[-72.03852794538572,-39.955812517153156],[-72.03870574554833,-39.95585857116683],[-72.0390679086905,-39.95579864945993],[-72.03953537396958,-39.95538168042202],[-72.03926592645686,-39.95495971136002],[-72.03949329520357,-39.954273719700545],[-72.03876886235768,-39.95356339821181],[-72.03876581793364,-39.95321741872546],[-72.0385670226298,-39.9528249264197],[-72.03792405041266,-39.95231038737435],[-72.03778874005677,-39.95211322214424],[-72.03778271658297,-39.95183634677194],[-72.0373157565499,-39.95140932196959],[-72.03722293019766,-39.951061045989995],[-72.03688591147795,-39.950955572642556],[-72.0366428607232,-39.95075564991482],[-72.03628251384998,-39.95077410260427],[-72.03584555953931,-39.95090128230351],[-72.03538403485632,-39.95076494627361],[-72.03520386136226,-39.95077417079292],[-72.0351649599648,-39.950842355387934]]],[[[-72.04990292050888,-39.93252606564111],[-72.04991479798151,-39.93224964555705],[-72.04974655187554,-39.9319824745049],[-72.0495220726403,-39.93176921553713],[-72.0492748900776,-39.93166606688707],[-72.04883082122666,-39.93154406608762],[-72.04827250132817,-39.93157134994671],[-72.04750778503755,-39.931800912841354],[-72.04809369345286,-39.93196804144059],[-72.04927739926073,-39.932025870106145],[-72.04945039529926,-39.93218247378517],[-72.0492411649232,-39.93286895086004],[-72.04932974281083,-39.93289887929817],[-72.04958465114926,-39.9328223549915],[-72.0496073558614,-39.93271224423665],[-72.04990292050888,-39.93252606564111]]],[[[-72.0465954953727,-39.908297725152465],[-72.04623418466868,-39.90834385919507],[-72.0459746123289,-39.90853094768165],[-72.04561330009018,-39.908577079725085],[-72.04499003398256,-39.908865580759965],[-72.04507394085635,-39.909421167055825],[-72.0445055822508,-39.90926830869571],[-72.04426264846076,-39.90906840529191],[-72.04408317966707,-39.90906382673673],[-72.04385830355885,-39.90927946785245],[-72.04379862492738,-39.90983139134126],[-72.04364315514842,-39.91010414748042],[-72.04366715620421,-39.910381482955785],[-72.04386468395155,-39.91080160754047],[-72.04418297933655,-39.91092041751895],[-72.04442473004704,-39.911147963238314],[-72.0444249528299,-39.91197813805139],[-72.0451454674106,-39.91277134065341],[-72.0453011704144,-39.91332875763867],[-72.045441188279,-39.91341534528369],[-72.04580252626138,-39.91336921474412],[-72.0461327216308,-39.913211599855785],[-72.04622233987646,-39.91279880006687],[-72.04580228785206,-39.91253903949891],[-72.0457542681269,-39.91198436891888],[-72.04494413133659,-39.911603968840794],[-72.04481838463349,-39.9111856769479],[-72.04513407419009,-39.91052959320114],[-72.04546306831041,-39.91039962171236],[-72.04600386272827,-39.910358066486566],[-72.04610679280904,-39.91047138001742],[-72.04682706036415,-39.91043439650746],[-72.04807743311204,-39.910604622088385],[-72.0488131362197,-39.9102082792143],[-72.04934177424252,-39.90961295204814],[-72.0492759210353,-39.90947291327457],[-72.04860224388284,-39.909262048027],[-72.04849931123765,-39.909148736610014],[-72.04865475973095,-39.908875973128644],[-72.04914037233624,-39.90844558471658],[-72.0482273253675,-39.90795189737082],[-72.04805023377754,-39.9078920408993],[-72.04700220226934,-39.90803136837968],[-72.0465954953727,-39.908297725152465]]],[[[-72.0330024271153,-39.91041326203261],[-72.03306586014531,-39.910608592243314],[-72.03362644372251,-39.91094117728214],[-72.0336690538225,-39.910370374861586],[-72.03316132075831,-39.91006220362653],[-72.03336086093867,-39.90958385061716],[-72.03333015814057,-39.90948079740522],[-72.03287309020779,-39.90924771495246],[-72.0324537493682,-39.90938917253368],[-72.03235765882378,-39.90964498572519],[-72.03254053908408,-39.90987565997439],[-72.03256831181328,-39.910253720256364],[-72.03268057403957,-39.910377347152696],[-72.0330024271153,-39.91041326203261]]],[[[-72.04112167770704,-39.91045486526825],[-72.04149490407741,-39.91013232868661],[-72.04157859410418,-39.909857742711424],[-72.04147686278591,-39.90971678354499],[-72.04075898289699,-39.90969845016894],[-72.04049939104763,-39.909885525610235],[-72.04013568753527,-39.90998692390639],[-72.04018944225164,-39.90957321277558],[-72.04048373690618,-39.90941469675535],[-72.04052558348474,-39.90927740418841],[-72.04047760717827,-39.90872273278978],[-72.04006712771192,-39.90824181790751],[-72.04004314145757,-39.907964482155826],[-72.03942564902812,-39.907284570175776],[-72.03924856762518,-39.90722470057942],[-72.03910142398472,-39.907303957265455],[-72.03908951353824,-39.90758037584141],[-72.0394378884996,-39.908668497664166],[-72.03903114997351,-39.90893482662965],[-72.039436861833,-39.90952631244701],[-72.03907673232277,-39.90954478188257],[-72.03902892684577,-39.90982028303331],[-72.0390947590848,-39.90996032687598],[-72.03875741711956,-39.91028377276673],[-72.03870960967208,-39.910559273689444],[-72.03888908149645,-39.91056386070287],[-72.03918457446967,-39.91037770643078],[-72.03954113538529,-39.910442162384776],[-72.03960696920502,-39.910582205983154],[-72.0392791552377,-39.910684518544244],[-72.03916075148807,-39.910930543314464],[-72.03936659024671,-39.91115718167994],[-72.03990143820748,-39.91125386458732],[-72.04023163561419,-39.911096266601774],[-72.04030937854434,-39.91095989116484],[-72.04067308707623,-39.91085849251688],[-72.0407926758579,-39.910584824109776],[-72.04112167770704,-39.91045486526825]]],[[[-72.04583215271505,-39.90620284010976],[-72.04567051631385,-39.90578363382634],[-72.04525882717023,-39.90533037847778],[-72.04530066131655,-39.9051930836615],[-72.0454836853528,-39.90511473388164],[-72.04556141056638,-39.90497835416786],[-72.04540572019057,-39.904420937448634],[-72.04505988020503,-39.904107722241214],[-72.04500592566336,-39.90369126120416],[-72.04452960337437,-39.903070320923334],[-72.04411080420486,-39.9027829142368],[-72.04393135183552,-39.902778336042225],[-72.04388357209322,-39.90305384036029],[-72.04405232533443,-39.90330719667245],[-72.04420205842824,-39.90400282482138],[-72.04436962619798,-39.90428382276597],[-72.04481838358035,-39.90471035432551],[-72.04473471390455,-39.90498494355643],[-72.04419277270267,-39.905054136401255],[-72.04424672285181,-39.90547059759113],[-72.04434964310758,-39.90558391239373],[-72.04470380780518,-39.90570363576814],[-72.04472186909635,-39.906119181331405],[-72.0445317086607,-39.9063633817602],[-72.04452576456819,-39.90650159175116],[-72.04486329248513,-39.907008302823286],[-72.04563867162076,-39.90736014449217],[-72.0459676493199,-39.907230170918815],[-72.04605131740874,-39.90695558080931],[-72.04583215271505,-39.90620284010976]]],[[[-72.01795174982134,-39.9605561189965],[-72.01791869969628,-39.961316248446586],[-72.0182646830518,-39.96162954809384],[-72.01862448776221,-39.96162497434166],[-72.01870473933111,-39.96143333595401],[-72.01825159531484,-39.961103442899386],[-72.01826060803657,-39.960896134809225],[-72.0184330626125,-39.96065152618828],[-72.01819784645798,-39.96027189869517],[-72.01796076327396,-39.96034881094334],[-72.01795174982134,-39.9605561189965]]],[[[-72.01646919731327,-39.95867775008458],[-72.01646318570793,-39.95881595530637],[-72.01659310965445,-39.958722449909025],[-72.01695289888131,-39.95871788079488],[-72.01733966228362,-39.958506465044316],[-72.01690089654339,-39.95825995317287],[-72.01651112758654,-39.958540470083186],[-72.01646919731327,-39.95867775008458]]],[[[-72.01651871411933,-39.95629923188636],[-72.01643372919352,-39.95618635469554],[-72.01616494933552,-39.956165594874406],[-72.01598476087132,-39.95617478885395],[-72.01569020612662,-39.956333232025244],[-72.0154518509566,-39.9568528587972],[-72.01543681771638,-39.9571983716325],[-72.01559123295328,-39.95736838256373],[-72.01599294527308,-39.95722653647225],[-72.01613969998698,-39.95674605686967],[-72.0165821339895,-39.95649456962183],[-72.01651871411933,-39.95629923188636]]],[[[-72.0008100914797,-39.95207480747229],[-72.00046423665326,-39.95176145992615],[-72.00028466348783,-39.95175680948493],[-72.00030849280803,-39.95203414628462],[-72.00112003445587,-39.95238722422338],[-72.00147676823009,-39.95245180375319],[-72.00202274108632,-39.95229990464594],[-72.0018899524162,-39.95204741983858],[-72.00135243821644,-39.95200583352971],[-72.00112849200914,-39.95219373941048],[-72.0008100914797,-39.95207480747229]]],[[[-72.04047386075447,-39.91652622092156],[-72.03984136234496,-39.91598428902468],[-72.03899055229903,-39.91571349710362],[-72.03900246657363,-39.91543707894088],[-72.03913056107606,-39.915158840526],[-72.03913338885108,-39.91490081567187],[-72.0392847187545,-39.91472481323411],[-72.0395545385384,-39.91471787199085],[-72.0398124476422,-39.91498734851976],[-72.04022883261257,-39.914914969726546],[-72.04013424289133,-39.91460815821513],[-72.0404272829399,-39.91406219874689],[-72.0404032946381,-39.913784863179814],[-72.04028539870836,-39.91360198165737],[-72.04042234701438,-39.913342593403414],[-72.04059102258509,-39.91318086837734],[-72.04130706112407,-39.91282558031276],[-72.04144757485788,-39.912483264946296],[-72.04176577826023,-39.9121869949017],[-72.04178967671558,-39.91204924364522],[-72.04168675179096,-39.911935926477106],[-72.04150787106363,-39.91191752271523],[-72.04142348949918,-39.911790842679515],[-72.04170658810497,-39.911475228105566],[-72.04170927004515,-39.91099564349877],[-72.0414406550727,-39.910974948410676],[-72.04118105994596,-39.91116202523607],[-72.04090887314207,-39.91122425456038],[-72.04028071475666,-39.91120820952181],[-72.04006959927374,-39.911521047522854],[-72.0394408431155,-39.91151881876284],[-72.03921892240561,-39.91166534535473],[-72.03904012200417,-39.91206202403259],[-72.03888157213044,-39.911988791239615],[-72.03834374139683,-39.91196120801817],[-72.03806432651103,-39.911774195332136],[-72.03753186135485,-39.91162222029533],[-72.03646038102454,-39.91147029287446],[-72.03634196582368,-39.911716314313814],[-72.03690615131637,-39.91196595900413],[-72.03686429561094,-39.91210324988277],[-72.03680806863011,-39.91215715637993],[-72.03645090584071,-39.912106512678136],[-72.03603629171786,-39.91181426466262],[-72.03578097282433,-39.911947094341784],[-72.03578583314408,-39.912456024594356],[-72.03553100253251,-39.9126731122868],[-72.03521436088835,-39.91268819577215],[-72.03515212294049,-39.91222548131795],[-72.03499775228819,-39.912055497275944],[-72.03426250129247,-39.91202284262778],[-72.0341081333406,-39.91185285749182],[-72.03411111642393,-39.911783753212134],[-72.03445808302934,-39.91165427343885],[-72.03472187288654,-39.9113704663882],[-72.03474578499902,-39.911232717075826],[-72.03460578570242,-39.91114611712468],[-72.03367197815906,-39.91155113276959],[-72.0336211656621,-39.911895735009026],[-72.03342856256461,-39.91219519834902],[-72.03371457586705,-39.91264527745508],[-72.0336733100774,-39.91276874606883],[-72.03308819910981,-39.91258773044899],[-72.03255096463499,-39.91254629939661],[-72.0324366738183,-39.91228048568154],[-72.03198377042366,-39.911950653425286],[-72.03180549026743,-39.91191841393928],[-72.03153389042483,-39.91196679997088],[-72.03145732347585,-39.91207552717007],[-72.03186835909466,-39.91254265010455],[-72.03141668368724,-39.91260025851821],[-72.03132814010414,-39.91257031752839],[-72.03125990146103,-39.912070468629764],[-72.03091827303146,-39.91166046676788],[-72.03055033886787,-39.91144349541559],[-72.03036606073066,-39.9111343775729],[-72.03020692553902,-39.91107495411789],[-72.03016207025256,-39.911281346160905],[-72.02990184729364,-39.9114822173243],[-72.03055995108316,-39.91205253110119],[-72.03064072847393,-39.91226214319567],[-72.03056356244764,-39.912384690545565],[-72.03011427703761,-39.91238701065055],[-72.02970805687599,-39.91222439967567],[-72.02912413860193,-39.91160063895509],[-72.02805386512613,-39.911005909043325],[-72.02740375238928,-39.910738229554774],[-72.02708171721945,-39.91021998167518],[-72.02665517823701,-39.91011218323407],[-72.02655347802181,-39.90997121207106],[-72.0265738130535,-39.909501306018],[-72.02624658536001,-39.909589760408295],[-72.02600011755223,-39.90988782862526],[-72.02567169079985,-39.910003922803064],[-72.02592653579258,-39.91034253158238],[-72.02592055347147,-39.910480739148504],[-72.02558853387711,-39.910679757492446],[-72.02493526704572,-39.910413934564495],[-72.02480246391819,-39.910161474341095],[-72.02457454137412,-39.91003109621431],[-72.02352885162284,-39.90969984240681],[-72.02339366010311,-39.90950266369241],[-72.0232351339857,-39.909429410275166],[-72.02290670528534,-39.90954549652629],[-72.02277209596144,-39.909749579182716],[-72.0226075811683,-39.909814532086195],[-72.02252321728018,-39.91010292227924],[-72.02206017137608,-39.91042308801816],[-72.0220236549205,-39.91085106864844],[-72.02307528879852,-39.91228937722031],[-72.02318954281127,-39.91255519884487],[-72.02343960957737,-39.91258929592069],[-72.02368189312621,-39.91280306186434],[-72.02426935036571,-39.913759006935656],[-72.0242513911148,-39.914173628752444],[-72.02432164173258,-39.914270309235164],[-72.02453017707543,-39.91437449441347],[-72.02479606562534,-39.91472149503278],[-72.02498008855088,-39.91481562835641],[-72.02517408752708,-39.91521780941967],[-72.02573220879921,-39.91588197854029],[-72.02613393854111,-39.91619728298973],[-72.02633843708307,-39.916617898434765],[-72.02615566032205,-39.91708659740271],[-72.0260653185833,-39.91709811450874],[-72.02598096043444,-39.91697142412849],[-72.02597198718823,-39.91676365225458],[-72.02578951247976,-39.91641306538183],[-72.02556575691553,-39.91618594332155],[-72.02488013374469,-39.91583627237088],[-72.02403118748516,-39.915523910570165],[-72.02277365561493,-39.914689107985886],[-72.02116376117449,-39.9141081185959],[-72.02012881931188,-39.91352806033821],[-72.01975075807026,-39.91313092522995],[-72.01948454289376,-39.91305489646256],[-72.01930326887349,-39.91309174118068],[-72.01917223938928,-39.91321289489975],[-72.0191452970086,-39.91341974310147],[-72.0192996299589,-39.913589746914504],[-72.02005519350203,-39.91398275774192],[-72.02060674591222,-39.91452271450815],[-72.02201262530889,-39.91525066485896],[-72.0220969740371,-39.915377357816375],[-72.02203414273167,-39.91558328424229],[-72.02160098872682,-39.91562749394823],[-72.0209799931407,-39.9154454946634],[-72.02048282399838,-39.91522684416536],[-72.01996657861079,-39.914782971826426],[-72.01957951798953,-39.914593146050414],[-72.01876051138822,-39.91441987702863],[-72.01808989079917,-39.91413973279702],[-72.01773273517706,-39.9140890314952],[-72.01760290098856,-39.91418254196071],[-72.01768064049263,-39.914461264881425],[-72.01798510456098,-39.9148980206062],[-72.01824652590307,-39.91508461819492],[-72.01793421023307,-39.91524261279969],[-72.01730662830867,-39.91521262132922],[-72.01652651821782,-39.91497115743575],[-72.01545684592053,-39.91477757363842],[-72.01527076178616,-39.91492497668901],[-72.01520791073263,-39.91513089868506],[-72.01630101272819,-39.91589035034942],[-72.01756554356322,-39.91628466535865],[-72.01772407852481,-39.91635792682399],[-72.01772107848835,-39.916427030019825],[-72.01708868484879,-39.91650760205254],[-72.01601184492193,-39.91606478914528],[-72.01476207515928,-39.91588039607018],[-72.01450719683965,-39.9159568447841],[-72.0147207034569,-39.9164189370771],[-72.01449924561217,-39.916966673505684],[-72.01381667931778,-39.91654783590164],[-72.01354805515241,-39.91652707562715],[-72.01329137049281,-39.916644983270906],[-72.01291265220762,-39.916676727539325],[-72.01229257488694,-39.91647395132366],[-72.01199758715914,-39.91664621257056],[-72.01178753016225,-39.91693135225234],[-72.01124787557967,-39.91694510383171],[-72.01071474216788,-39.91722190643114],[-72.00891147283927,-39.917369068759704],[-72.00861275450988,-39.918039323108964],[-72.0079551655522,-39.91828522702098],[-72.00794914542166,-39.91842343213316],[-72.00836486673299,-39.918780069462564],[-72.00909053862728,-39.91903401914811],[-72.00917958082559,-39.919182669342284],[-72.0098137072944,-39.91956648945983],[-72.01022349181487,-39.919664441761675],[-72.01087153224432,-39.920170235528566],[-72.0112866720887,-39.920390219006435],[-72.0115357061491,-39.92064166885745],[-72.01157371534056,-39.920905391514964],[-72.01099257399437,-39.92092049719183],[-72.01016812581597,-39.92041250059139],[-72.00907391433778,-39.92038662708897],[-72.00875060544527,-39.92065294763483],[-72.00868210381553,-39.92091669935664],[-72.0091554372119,-39.92146392284566],[-72.00956045399984,-39.92165424697755],[-72.0106898835142,-39.92254123104751],[-72.01115287700362,-39.92305127501275],[-72.01172529126079,-39.92393771324782],[-72.01236900774309,-39.92442474188101],[-72.0113823394535,-39.92438545629275],[-72.01104669665988,-39.92425227250568],[-72.0106882922585,-39.92422918886648],[-72.01061057284475,-39.923950462296844],[-72.01075838557254,-39.92385742401245],[-72.01076440121311,-39.92371921867523],[-72.01049875855105,-39.92362934768576],[-72.01022830328228,-39.92365004033106],[-72.00996436527771,-39.923933785577916],[-72.00989246233831,-39.92434701134981],[-72.0101568027058,-39.92487960383186],[-72.01045654561881,-39.92501186378904],[-72.01048643014141,-39.92515099550798],[-72.0102141637338,-39.92521314946881],[-72.00987260434007,-39.92480308853443],[-72.00969370187869,-39.9247846347312],[-72.00956022518346,-39.92496105797617],[-72.00947047286685,-39.92495874111881],[-72.00924614527567,-39.92474540928506],[-72.00918638165447,-39.92446714538238],[-72.00898060869451,-39.92424045601324],[-72.00866352390634,-39.92409390844832],[-72.00847800139078,-39.92422747839955],[-72.00844801033047,-39.92450342493718],[-72.0082667008421,-39.92454025097657],[-72.00791070502349,-39.92446187672661],[-72.00754989229544,-39.92449406534404],[-72.00709342374384,-39.92424706069208],[-72.00697198843757,-39.924147071053135],[-72.00700138284226,-39.92388494558269],[-72.00789648185712,-39.92396341162095],[-72.00807839207111,-39.92391276560976],[-72.00814067186616,-39.92372066934199],[-72.00791635237661,-39.923507335193996],[-72.00697343235073,-39.923289273413154],[-72.00640131977313,-39.9236342283301],[-72.00635337066653,-39.923909710205805],[-72.00590174073787,-39.92408186045562],[-72.00565258527391,-39.92432051639276],[-72.00551776537397,-39.92493965351604],[-72.00632950258424,-39.925693943123676],[-72.00608905099251,-39.92573599998381],[-72.0055277524393,-39.92553486145525],[-72.00516753611015,-39.925553221931956],[-72.00464502743566,-39.92599630234744],[-72.00444200839902,-39.92653065833058],[-72.00460463615826,-39.926922272483225],[-72.00540325571069,-39.92756554107794],[-72.00545999220014,-39.92791290862272],[-72.00521758553302,-39.9281141828338],[-72.00463651504188,-39.92825135617135],[-72.0043312065704,-39.92865854252538],[-72.00424144985456,-39.928656221443056],[-72.00398424034373,-39.92837284904571],[-72.0037173837432,-39.92831060309077],[-72.00326090539778,-39.92806358303917],[-72.00308018730685,-39.928086580058],[-72.00302030165483,-39.928223391107075],[-72.00315305391752,-39.92847587396557],[-72.00367003054873,-39.928835147513595],[-72.00398229168985,-39.92882938771483],[-72.00485286704033,-39.92905944007953],[-72.00537948706314,-39.92893469422637],[-72.00582525969727,-39.92901539690126],[-72.00603525363044,-39.92914534863376],[-72.00618175210697,-39.92949503564323],[-72.00632174939099,-39.92958166978634],[-72.00708282562542,-39.9298503838765],[-72.00813475001588,-39.93004358877931],[-72.00835848812832,-39.93027074359756],[-72.00761704237345,-39.930376117910534],[-72.00733872880988,-39.930576468957725],[-72.00662125589935,-39.93054409578056],[-72.00624318795488,-39.93014691699676],[-72.00543777005537,-39.93007075563091],[-72.00494295900839,-39.929878095303756],[-72.00386344706554,-39.92990552444551],[-72.00348178003303,-39.92959125990502],[-72.00303841997382,-39.9294552664866],[-72.00197203893259,-39.92959370594208],[-72.00166022394161,-39.9297378320684],[-72.0015733290995,-39.93008148358801],[-72.00187765112075,-39.93031950299282],[-72.00187388201039,-39.93061546476204],[-72.0022048491207,-39.93092589828471],[-72.00219639184752,-39.9317406121573],[-72.0024593032911,-39.93242886428911],[-72.00223059949705,-39.932727338571794],[-72.00187215567122,-39.93270422614014],[-72.0015017959565,-39.93254244396638],[-72.00148368738361,-39.93295705581994],[-72.0011287064066,-39.93326609514108],[-72.00098251193876,-39.93373273498374],[-72.00067896739583,-39.934098448518434],[-72.00072964506316,-39.93458402116766],[-72.00050877638586,-39.93470282648251],[-71.99961536215027,-39.93458283747504],[-71.99952076563952,-39.93469107538266],[-71.99960509348006,-39.93481778370742],[-71.99932734299543,-39.93500429346473],[-71.99928539603577,-39.93514156698513],[-71.9996820051089,-39.935525412356036],[-72.00057663939633,-39.93561776053745],[-72.00090808758877,-39.93584771842298],[-72.00101866518897,-39.936196481549835],[-72.00094729506984,-39.93659587816166],[-72.0013780174389,-39.93702210905904],[-72.0014587290686,-39.937231738524204],[-72.00139279372621,-39.9375067519598],[-72.00121973950743,-39.93776515632341],[-72.00063350418593,-39.93805413073119],[-72.00027406966099,-39.938017391425745],[-71.99991016288814,-39.93811865521767],[-71.99955229635763,-39.9380817142483],[-71.99888093162951,-39.93781527443228],[-71.9986380408179,-39.93761527732215],[-71.99845729626536,-39.93763826610255],[-71.99837339483916,-39.93791281213258],[-71.99867480607263,-39.93841871813737],[-71.99918925199863,-39.938985486335966],[-71.99971216397742,-39.9393587675239],[-71.99984371462405,-39.93963889481886],[-71.99983163257929,-39.93991530196621],[-72.00000030137872,-39.940168718430556],[-72.00042033231294,-39.94042864395156],[-72.00059866795878,-39.94046093382498],[-72.00097949520492,-39.93997269794358],[-72.00142126536721,-39.939735086447186],[-72.00209460997714,-39.93969717081252],[-72.00236679671724,-39.939820050861535],[-72.00268820590155,-39.94031399094184],[-72.00302942556074,-39.940454469223],[-72.00298011634747,-39.941141279677176],[-72.00273586998613,-39.94120191096549],[-72.00270161915064,-39.941426784566474],[-72.00249002372725,-39.94162910534043],[-72.00240737331266,-39.941957045077814],[-72.00213530595255,-39.94218808240388],[-72.00210372198077,-39.94247397372643],[-72.0017923560921,-39.94281462790881],[-72.00098171809343,-39.94282884491679],[-72.00034126837637,-39.94330698205273],[-72.00001714572683,-39.943356101726906],[-71.99961679451657,-39.94367869244905],[-71.99951087647578,-39.94423121852154],[-71.99932501497149,-39.94435566817043],[-71.99845324405148,-39.94430711233493],[-71.9979393864567,-39.94479453518855],[-71.99677222881532,-39.94513520784369],[-71.99659409046274,-39.94530353889529],[-71.99653438181151,-39.945640972366185],[-71.99685497505273,-39.94611970825942],[-71.99729530986683,-39.94653236747781],[-71.99813905576075,-39.94696931645511],[-71.9987737748748,-39.947048025898376],[-71.99905087865095,-39.94742644183116],[-71.99914556593325,-39.94777693734552],[-71.99899050034993,-39.9479078790286],[-71.99901069035579,-39.94800192940121],[-71.99921649565108,-39.948228637106325],[-71.99995374439061,-39.94863514208927],[-72.00044927631164,-39.94881400734562],[-72.00063125835149,-39.94876337586565],[-72.00090560481814,-39.94824471195521],[-72.00116545075863,-39.94805773571858],[-72.00197936682765,-39.9483555248273],[-72.002257009322,-39.948584086554256],[-72.00261493228716,-39.9486210211826],[-72.00273474562604,-39.948347401670716],[-72.00269310510338,-39.94765452438035],[-72.00298764929121,-39.947496113811084],[-72.00370469243948,-39.94754233630263],[-72.00433784435346,-39.94786310476538],[-72.00460342671485,-39.94836806902044],[-72.0049218176616,-39.94848699019718],[-72.00498761127703,-39.94862705142477],[-72.00487504561634,-39.948734828776935],[-72.00486297993068,-39.94901123676378],[-72.0050543298813,-39.94956962446747],[-72.00526016021185,-39.94979632228494],[-72.00596034326944,-39.950229503120084],[-72.00783203937586,-39.95062136258516],[-72.00795260782475,-39.95050927734417],[-72.0084781850541,-39.95041216453913],[-72.00839792015344,-39.95060379557443],[-72.00801117713146,-39.950815182322614],[-72.00746824184044,-39.950898008499706],[-72.00722937249337,-39.951016360901214],[-72.00698628199001,-39.951231455721675],[-72.00681019571817,-39.95155896950588],[-72.00695794482905,-39.95188101543949],[-72.00700867242512,-39.952366586176325],[-72.00683037894001,-39.953980790467966],[-72.00767668999214,-39.954362393388585],[-72.00779697150693,-39.95449002469473],[-72.00782384565102,-39.954698258876796],[-72.00796389460761,-39.95478489268221],[-72.00859243300462,-39.9548011273959],[-72.00892821642316,-39.95493432302868],[-72.0090184913043,-39.95533789814781],[-72.00895256408043,-39.95561291562222],[-72.00857591700758,-39.956004432482786],[-72.00855180905758,-39.95655724961718],[-72.00864811020168,-39.95682262064983],[-72.0085851932637,-39.95702853561126],[-72.0079954401526,-39.95735920233648],[-72.00791516458075,-39.957550832488636],[-72.0079851918774,-39.95759414944681],[-72.00862870141472,-39.957679950939514],[-72.00879334584899,-39.95761502308808],[-72.00958618469151,-39.95674999199192],[-72.00976829742497,-39.956284269807504],[-72.01029994084375,-39.956048945871125],[-72.01039383892835,-39.956369597497726],[-72.01013929250749,-39.95684728695727],[-72.01013025655512,-39.9570545936563],[-72.0103797618897,-39.95751762191709],[-72.01043412965646,-39.95792026910385],[-72.01108306619074,-39.95788167309675],[-72.01170692179119,-39.95759337837041],[-72.01180213560701,-39.957471310862836],[-72.0117992283761,-39.95712533586549],[-72.01159455940335,-39.95687100738777],[-72.01113666263787,-39.95665165232066],[-72.01096331261543,-39.95567865892548],[-72.01100525158384,-39.95554138119537],[-72.0116129333485,-39.955211161272054],[-72.01200099655763,-39.95455704464909],[-72.01259130851174,-39.95421253529354],[-72.01349282694926,-39.95415276761273],[-72.01356757653379,-39.95450059516052],[-72.01345501362474,-39.95460838090374],[-72.0128030996462,-39.95471609384617],[-72.01221699775344,-39.95496386079308],[-72.01145782632504,-39.95547004336936],[-72.01132599036231,-39.95602008172903],[-72.01159767398167,-39.956386827731514],[-72.01167542601407,-39.95666555378966],[-72.01198483774787,-39.95699176428864],[-72.01261520435247,-39.95696651650788],[-72.01309125739843,-39.95635617378915],[-72.014197656822,-39.955720571898304],[-72.01419172928712,-39.95544369893622],[-72.01390508441688,-39.955007393125285],[-72.01389614998332,-39.95479962266096],[-72.01429011743012,-39.954422370476514],[-72.01446969986675,-39.95442699947903],[-72.01469966095247,-39.95461261504008],[-72.01544597976358,-39.95471504389579],[-72.01678571601617,-39.95450050924729],[-72.01803932204766,-39.95378564490219],[-72.01993513471875,-39.95359922413454],[-72.02074084971488,-39.95367529510827],[-72.02086110825465,-39.95421799325755],[-72.02067492292171,-39.954365400620084],[-72.02014692756498,-39.954517850586434],[-72.01997749757716,-39.954693359896204],[-72.01990861277444,-39.95503748814907],[-72.01999829969182,-39.95586995691386],[-72.01989944629676,-39.95649003444418],[-72.02016102464643,-39.95667663256719],[-72.02026037326186,-39.95687289272064],[-72.02019148700059,-39.95721702100137],[-72.01992745098195,-39.95750078430845],[-72.019945356173,-39.957916325501074],[-72.02051639967024,-39.958429113035336],[-72.02061274993312,-39.958694475835934],[-72.02121736985762,-39.95884838721719],[-72.02135448982042,-39.95858902924165],[-72.021534084312,-39.95859364769864],[-72.02190939020873,-39.95905988681703],[-72.02194526694466,-39.95947588983969],[-72.02218770224316,-39.95968966332277],[-72.02219666156827,-39.95989743394051],[-72.02248871984067,-39.96014092035882],[-72.0230936289236,-39.96005725881423],[-72.02333701214734,-39.95957578730971],[-72.02364207551743,-39.959493162185666],[-72.02386779274572,-39.959506000323366],[-72.02392260363214,-39.959900286493884],[-72.02404532416817,-39.959972619819226],[-72.02438359135684,-39.95963541009607],[-72.02462246423698,-39.959517022460105],[-72.02473924079919,-39.95889740111059],[-72.02490447385087,-39.95881862927322],[-72.02517386737466,-39.958825548638025],[-72.02527682969618,-39.958938881270896],[-72.02525285372849,-39.959491706541726],[-72.02546954821452,-39.959884680475135],[-72.02609394860028,-39.95999756646213],[-72.0261268721736,-39.96006759193743],[-72.02607597094793,-39.960412185653404],[-72.0258508620378,-39.96062778188454],[-72.02567423784927,-39.96096914696084],[-72.02586640557233,-39.9610986058515],[-72.02613580827892,-39.96110552330674],[-72.02671952154583,-39.9609129687702],[-72.02681471436651,-39.96079088816275],[-72.02683029136197,-39.96043155131471],[-72.02698175954143,-39.96025557099883],[-72.02725355529539,-39.960207203124526],[-72.027610358919,-39.96027170442653],[-72.02774265928284,-39.96053798413151],[-72.0281928586197,-39.960521864145065],[-72.02829582847403,-39.960635194339496],[-72.02865383297664,-39.96067205120015],[-72.02889330054515,-39.96095491488007],[-72.02907230378736,-39.96097334255859],[-72.0298739244891,-39.96073101705483],[-72.02995713629475,-39.96047026621461],[-72.02982422878337,-39.96021780941496],[-72.0293524777226,-39.9599013182201],[-72.02865503844995,-39.95898408614809],[-72.0282970427069,-39.95894722960439],[-72.02814618444877,-39.958694310365644],[-72.02807254964057,-39.95873392911441],[-72.028012682492,-39.95887075331429],[-72.02764390735848,-39.95908266673948],[-72.02757505498802,-39.9594268005768],[-72.02763431656398,-39.95971887804592],[-72.02739484879312,-39.95985109271591],[-72.02690455312036,-39.95954795174924],[-72.02697939952108,-39.95906561191007],[-72.02720030656586,-39.95894675771393],[-72.02756189509506,-39.958900693660624],[-72.02767444413682,-39.95879289371307],[-72.0277103706007,-39.95837873467793],[-72.02811985092612,-39.95805717713273],[-72.02884660913273,-39.95788211765335],[-72.02947518784295,-39.95789824017873],[-72.03007802839724,-39.95809356783891],[-72.03047254785594,-39.95853260036471],[-72.03092992517146,-39.95876570230314],[-72.03118376674944,-39.95913194603497],[-72.03217336711498,-39.95953088022496],[-72.03267624363758,-39.95954376452584],[-72.03252476975175,-39.95930467110157],[-72.03197160393691,-39.95920748125867],[-72.03184227943856,-39.95887210225266],[-72.03190810133589,-39.95818198689217],[-72.03209427450228,-39.95803456104011],[-72.03238401795505,-39.95798664083708],[-72.03251451755617,-39.95787929597909],[-72.03254142315251,-39.95725736327097],[-72.03278676961408,-39.956780984143954],[-72.03281792539543,-39.95606071076525],[-72.03239705214351,-39.955399634122266],[-72.032453895116,-39.954916828749774],[-72.03273881801586,-39.95456439087531],[-72.03282260789118,-39.9542898163245],[-72.03224011945889,-39.95362459889731],[-72.03173130669151,-39.9537499215422],[-72.0311925563573,-39.95373611411189],[-72.03107221597838,-39.95319342369619],[-72.03117097817713,-39.95298841436846],[-72.0313744981346,-39.95285527010726],[-72.03137149084911,-39.95250929175485],[-72.03070284405585,-39.95217392377444],[-72.03007611189037,-39.952116347684274],[-72.02982829135705,-39.95202697691922],[-72.02974687882394,-39.95183118458692],[-72.02997912481217,-39.95144973047857],[-72.02988334455908,-39.951170553523966],[-72.02929073729487,-39.9507402749572],[-72.0290153862207,-39.95045649172724],[-72.02905429336342,-39.95038830941077],[-72.0297576249053,-39.95033716671182],[-72.02995995215223,-39.95064674791899],[-72.03022931485276,-39.9506536543698],[-72.0304400073923,-39.950354662919224],[-72.0309170682487,-39.95013167938872],[-72.0316401476115,-39.95003952320798],[-72.03224472072131,-39.95019337529906],[-72.0324655897201,-39.95007450951717],[-72.03346101564203,-39.94992013863502],[-72.03379593228004,-39.95007399425465],[-72.03387108125278,-39.95041490212722],[-72.03420868960163,-39.95050656322984],[-72.03445438364203,-39.95022921453786],[-72.03471206004085,-39.9500905326717],[-72.03543903820962,-39.95011605902037],[-72.03577572948116,-39.95002090520211],[-72.0362794573764,-39.95022058176879],[-72.03664873001101,-39.9497872753816],[-72.03688187774264,-39.94980015783361],[-72.03740237151358,-39.95002793055661],[-72.0378605854573,-39.95003273119948],[-72.03792880652892,-39.949909951143674],[-72.03774890533093,-39.94970472753478],[-72.0377129622195,-39.94949626727606],[-72.03806372696005,-39.94949140109443],[-72.03819360448396,-39.94939786959904],[-72.03826659683826,-39.94916452274154],[-72.03905367604519,-39.94888025129942],[-72.0392158475558,-39.94862151121642],[-72.03956717013952,-39.948395277455795],[-72.03960301566775,-39.94798111126441],[-72.03973288821084,-39.94788757783979],[-72.0401847928165,-39.94782994551623],[-72.04037278128048,-39.94805612616206],[-72.04064154029285,-39.94807682890213],[-72.04108137061606,-39.947465441353124],[-72.04135012763946,-39.947486142373236],[-72.0418451745385,-39.94767865494608],[-72.04292914252272,-39.94755413516782],[-72.04348521152347,-39.947582165515755],[-72.04401787017842,-39.947319037933916],[-72.0446917983865,-39.94711485652406],[-72.04478693944283,-39.946992759019764],[-72.04475092554011,-39.94657675748695],[-72.04407928792504,-39.946310570710864],[-72.0437044866914,-39.945830578740534],[-72.04344347600365,-39.94563021180052],[-72.0425617375717,-39.94523412879228],[-72.04229298879356,-39.94521343088664],[-72.04210687305647,-39.94536087549409],[-72.04183514513109,-39.945409280882],[-72.04164239196213,-39.945293669573196],[-72.04168962471289,-39.9450319901987],[-72.04212593576948,-39.94491860744544],[-72.04215572041537,-39.94422756353652],[-72.04259798151374,-39.94397596994702],[-72.04286493899515,-39.9440381296407],[-72.0430714784955,-39.94425094347622],[-72.04484576197069,-39.94520940378905],[-72.04518693232659,-39.94521810706754],[-72.04515994611614,-39.94500987726222],[-72.04501986659422,-39.944923287349404],[-72.04420995172387,-39.94452904907128],[-72.04369577292259,-39.94436373064176],[-72.04267873896653,-39.94377049034756],[-72.04267209882912,-39.94350743507798],[-72.04287973705588,-39.943277522333446],[-72.04319153559572,-39.94313328455017],[-72.04382475007162,-39.94303875718503],[-72.04391333820156,-39.94306869011444],[-72.04405708167232,-39.94348744112158],[-72.04486807174023,-39.94343895271409],[-72.04556002115409,-39.94365030839415],[-72.04571091536076,-39.943903206641174],[-72.04609761915331,-39.94410677381573],[-72.04687876533607,-39.944334232332196],[-72.04701527792935,-39.944503745680706],[-72.04726963780374,-39.944441049210226],[-72.04749522025573,-39.94421158546823],[-72.047854342592,-39.94422073839059],[-72.04807516648947,-39.94410184103223],[-72.0478183104462,-39.94380473701501],[-72.04804983372505,-39.94343706249454],[-72.04808781212472,-39.94320514628634],[-72.04784078206627,-39.94286445465584],[-72.04743493463857,-39.94268807756386],[-72.04762507427014,-39.94202879078734],[-72.0471431312269,-39.9415322428203],[-72.04739557775436,-39.94109592227991],[-72.04742245138684,-39.94088906564937],[-72.04732007108754,-39.94076193111133],[-72.04673468568575,-39.94058097520535],[-72.04658379417839,-39.94032807829548],[-72.04685062637628,-39.93997514228639],[-72.04722946507636,-39.93994329122247],[-72.0473509882011,-39.94004324155633],[-72.04744195237186,-39.940017887895195],[-72.04748678020526,-39.93981148883494],[-72.0465577663778,-39.93926203443762],[-72.0465457585131,-39.93912336720415],[-72.0476942700029,-39.93916647993733],[-72.04775051219669,-39.93911256886622],[-72.04768463767975,-39.93897252889408],[-72.04728356938745,-39.93868558435436],[-72.04727156008016,-39.93854691713445],[-72.0479081713809,-39.937954353334135],[-72.04795299609256,-39.93774795392928],[-72.0482312274394,-39.93754750218478],[-72.04865203072248,-39.93779343790169],[-72.04875394298536,-39.93834947892706],[-72.04895929696852,-39.938589924433586],[-72.04925739673196,-39.93876355150329],[-72.05010734423327,-39.939061920902084],[-72.05027131329379,-39.939010751804325],[-72.05029817709162,-39.93880389409634],[-72.0494912701323,-39.93834058898817],[-72.04944618565283,-39.93771681541299],[-72.04913785913956,-39.93736305882223],[-72.04880148017797,-39.937243800752135],[-72.04824133081334,-39.93731254567248],[-72.04779663371066,-39.9372043607143],[-72.04781446552018,-39.93678973170498],[-72.04730568428637,-39.936500042234236],[-72.04678977242241,-39.936376202143656],[-72.04689975773212,-39.93590857809581],[-72.04654353697946,-39.935415232644466],[-72.04648052602786,-39.93479100095312],[-72.04666410798053,-39.93428374505414],[-72.04751850037617,-39.933641390134675],[-72.04748544378035,-39.93315628341055],[-72.04713648497405,-39.93291217498232],[-72.04722910231685,-39.932430271500664],[-72.04705611096243,-39.93227366466992],[-72.04661204271376,-39.93215165537101],[-72.0463696201866,-39.931937932934666],[-72.04583698058345,-39.931785990177275],[-72.04538875451657,-39.931760723033314],[-72.04520138516584,-39.931520730057734],[-72.04530244979124,-39.9312604215357],[-72.04518510813483,-39.93106372295706],[-72.04458483218583,-39.930813196507756],[-72.04455477105016,-39.9302589848338],[-72.0441717175493,-39.92997248946433],[-72.04444933153998,-39.92978586676989],[-72.04497411190411,-39.92970240122157],[-72.04498243919831,-39.92950890793049],[-72.04448632084906,-39.92934405459516],[-72.04403394655951,-39.92941552937941],[-72.04358752226237,-39.92934879303674],[-72.04343606965877,-39.92910971385351],[-72.0435646099867,-39.92862873009363],[-72.04322768846023,-39.92852327851761],[-72.04219280749989,-39.92866907760236],[-72.0411560709915,-39.92863641960582],[-72.04060559963737,-39.92889908105375],[-72.04015560825313,-39.928915257075225],[-72.03991619650934,-39.92863241772471],[-72.04007113153119,-39.92837349031351],[-72.0399657252839,-39.92790036926667],[-72.03948877512298,-39.92770831224605],[-72.03938642812192,-39.927581171694676],[-72.03938635306713,-39.92716608637968],[-72.0395059793199,-39.926892421196534],[-72.03965316591362,-39.926813165746864],[-72.03983148876058,-39.9268453946254],[-72.04023424526038,-39.92709089914123],[-72.04038143150986,-39.927011642752845],[-72.04042567384631,-39.92681906738819],[-72.04123289416201,-39.92685352266097],[-72.04148778756054,-39.92677701562344],[-72.04175518364951,-39.92641026876036],[-72.04206809617573,-39.92623838908934],[-72.04201960016226,-39.92611262575948],[-72.04161029295057,-39.9260191574723],[-72.04172871743677,-39.925773131383266],[-72.04271662931286,-39.925784517827005],[-72.0428315749935,-39.92603650220053],[-72.042233322521,-39.92657467453869],[-72.04222736955164,-39.92671288375992],[-72.04236740957518,-39.92679947580387],[-72.04326676935275,-39.92678092468344],[-72.04339659524274,-39.92668738520576],[-72.04329959790942,-39.92643585945897],[-72.04393265675698,-39.92634132564257],[-72.0441534275412,-39.926222433596585],[-72.04421263561542,-39.92609941911535],[-72.04405523811522,-39.92599855028214],[-72.04333659146538,-39.925994047633836],[-72.04335920347833,-39.92546885197974],[-72.04327063786812,-39.925438919384916],[-72.04320468506381,-39.92488379109118],[-72.04445828151614,-39.924984959931784],[-72.04471792276313,-39.924797877727585],[-72.04478367060912,-39.92452283230231],[-72.044913490075,-39.92442929086068],[-72.0459025738437,-39.92441300749714],[-72.04630522163248,-39.924243404234716],[-72.04712014262019,-39.92409814467136],[-72.04726790905276,-39.92400505797774],[-72.04744669804619,-39.923608366703604],[-72.04768956369863,-39.92339317783012],[-72.04822630210572,-39.92344836300075],[-72.04841841394897,-39.92357778290156],[-72.04871275292105,-39.923419247792786],[-72.04934280906215,-39.92339378814176],[-72.04967245283346,-39.92324998587717],[-72.0500332473075,-39.92321766500984],[-72.05040591308041,-39.92290892235297],[-72.0510407120273,-39.922772884963216],[-72.05139186023132,-39.92254660820476],[-72.05191701870007,-39.922034199335734],[-72.05207485907738,-39.921706148134334],[-72.0524098275615,-39.92143794799917],[-72.05277061169221,-39.921405618198825],[-72.05294833501287,-39.92145164767957],[-72.05313867189125,-39.92162252311463],[-72.05349649216467,-39.921659296439756],[-72.05388293449155,-39.92144774571755],[-72.05442144273394,-39.921461438559454],[-72.0546936604016,-39.921399178594434],[-72.05487968217871,-39.92125170987576],[-72.05501955646443,-39.92092319772905],[-72.05483573555959,-39.920600293240355],[-72.05414990992321,-39.920250788824944],[-72.05262416476928,-39.920211983353326],[-72.05182784288328,-39.920343919569575],[-72.05075440748713,-39.92023358167075],[-72.05030031823071,-39.920346546583175],[-72.04949197840045,-39.920339799177775],[-72.04940104141892,-39.920365155501656],[-72.04941305411808,-39.92050382291961],[-72.04928324822829,-39.92059736995568],[-72.04829956406874,-39.920489295132114],[-72.04707290383705,-39.920181313155084],[-72.04661583835106,-39.92036336838051],[-72.04611966188894,-39.919783436831096],[-72.04514656810431,-39.919422930643066],[-72.04492129722861,-39.918912953675836],[-72.04464394456113,-39.918791108115755],[-72.04457809344865,-39.918651066891314],[-72.04450013052258,-39.91795727102957],[-72.0448303513704,-39.91779966087845],[-72.04500984308683,-39.91780423910471],[-72.04588329139862,-39.91754979094846],[-72.04632476748745,-39.91731199634415],[-72.04651495444877,-39.91706779424494],[-72.04681045702218,-39.9168816209582],[-72.0468941359143,-39.91660703094306],[-72.04704129176841,-39.91652776486305],[-72.04740145740654,-39.916509271931105],[-72.04829415071312,-39.91664270795352],[-72.04840659501477,-39.91653488345446],[-72.04841372109392,-39.91636903117143],[-72.04655630430815,-39.91527014901565],[-72.04620089919646,-39.91517807155936],[-72.0459208548781,-39.91500489766282],[-72.04561228211385,-39.915495130749285],[-72.04525212167363,-39.91551361829466],[-72.04494450468165,-39.91514603279654],[-72.04474695935018,-39.914725909630356],[-72.04432690189536,-39.9144661435581],[-72.04379321114517,-39.91434183805764],[-72.04196825119018,-39.91332672832647],[-72.04164042697336,-39.91342904718088],[-72.04122533399145,-39.91388887613985],[-72.0412314685101,-39.91458083982232],[-72.04146607877433,-39.91497424298142],[-72.04074695330712,-39.91498354940688],[-72.04041792858372,-39.91511350627624],[-72.04018587476996,-39.915494990013755],[-72.04061919382497,-39.9162808829095],[-72.0406132397801,-39.91641909217485],[-72.0409962055468,-39.91670559659617],[-72.0410860388797,-39.917122974999],[-72.04125362233299,-39.917403977604764],[-72.04133750498201,-39.91795956517384],[-72.04199933759239,-39.918446893503614],[-72.0420292845235,-39.91858601945032],[-72.04333611931749,-39.91911747875911],[-72.0435648070183,-39.91964908794913],[-72.04370483496464,-39.919735678002645],[-72.04361519007612,-39.92014847453039],[-72.04303464805429,-39.9194418519161],[-72.04261456970204,-39.91918207899784],[-72.04190492309691,-39.91897025596982],[-72.04154236298068,-39.919044014997276],[-72.04136524983089,-39.918984147568025],[-72.0411964717762,-39.918730786889085],[-72.0409176176671,-39.91852995906149],[-72.04075479648215,-39.91813838857594],[-72.04039581272608,-39.91812921860977],[-72.03982636594287,-39.91883414899269],[-72.03946380472225,-39.91890790145713],[-72.03862137641686,-39.91885869874997],[-72.0382671570224,-39.91873895491202],[-72.03807627026433,-39.91858187748808],[-72.03717999985199,-39.918531287794394],[-72.03720689110713,-39.91832443363747],[-72.03743181869116,-39.91810880758095],[-72.03814918829124,-39.91814098563935],[-72.03876549247609,-39.91843346250388],[-72.03912626453491,-39.91840117486612],[-72.03925667494688,-39.91829381863626],[-72.03934336426373,-39.91795013077241],[-72.03932533687856,-39.91753458618348],[-72.0388723656188,-39.91720477865591],[-72.03869347227204,-39.917186370085844],[-72.03830343570296,-39.91748079477941],[-72.03797618240566,-39.917569281377375],[-72.03790617434012,-39.91752598310476],[-72.03818192850689,-39.91717329371197],[-72.03815198987458,-39.91703416704825],[-72.0385713679166,-39.91689269026906],[-72.03902068456323,-39.91689033841493],[-72.03931918385027,-39.91663508041837],[-72.03976969012439,-39.91660508376872],[-72.04023219001441,-39.91671375309937],[-72.04047088356525,-39.9165953255427],[-72.04047386075447,-39.91652622092156]],[[-72.03769697702363,-39.93008382743155],[-72.0379656647698,-39.9301045338393],[-72.03804350185949,-39.930383246109145],[-72.03751930606771,-39.930452858879626],[-72.03718602505761,-39.930679549286374],[-72.03703650100641,-39.9312291691055],[-72.03707246565281,-39.93164517199307],[-72.037679937758,-39.93214497104959],[-72.03769192729267,-39.93228363864882],[-72.03752319541968,-39.9324453570217],[-72.03716175222829,-39.93249145771369],[-72.03689424852229,-39.93244310743167],[-72.03668477950625,-39.9322993883934],[-72.03623774889367,-39.93224644414861],[-72.03521076259861,-39.93147301602431],[-72.03465244191504,-39.931500234019865],[-72.03420780656936,-39.9313919989272],[-72.03420477924688,-39.931046019048225],[-72.03396180361665,-39.93084609295935],[-72.03351060518325,-39.930889884232656],[-72.03293735763754,-39.93126261406286],[-72.03276145000757,-39.93159017471715],[-72.03275249037719,-39.93179748659001],[-72.03333361723054,-39.932490338610684],[-72.03395062150555,-39.932769023643516],[-72.0341888271791,-39.93307951639676],[-72.03413206483692,-39.93397740906642],[-72.03391726277655,-39.93437315599703],[-72.03360548722972,-39.93451736973232],[-72.03315366707541,-39.93457497949063],[-72.03300227502133,-39.93475097121262],[-72.03240204609607,-39.934915465494825],[-72.03222343680507,-39.93530521821382],[-72.03209357942384,-39.93539874388608],[-72.03164593579173,-39.93535960209589],[-72.031542995586,-39.93524627563857],[-72.03127369297573,-39.935239374438105],[-72.03091583929482,-39.935617613290866],[-72.03064832882862,-39.93556924831341],[-72.0302832614602,-39.93528316845355],[-72.02987690866959,-39.93512055364595],[-72.02902531173073,-39.93486350275461],[-72.02903428357912,-39.9346561916927],[-72.0294705330827,-39.93412777212115],[-72.0293861495018,-39.93400108354702],[-72.02904982454531,-39.93388176988349],[-72.02900194630072,-39.93374218118077],[-72.02909170120861,-39.93332940068063],[-72.02939330120593,-39.93300506915648],[-72.02934841284824,-39.93279637684407],[-72.02897019713568,-39.93239926713684],[-72.02888880692231,-39.93220347456851],[-72.02900011141055,-39.93212331270636],[-72.02964760307499,-39.9321122446414],[-72.03012812281771,-39.931806334668025],[-72.0306385454101,-39.93122446738238],[-72.03068040637393,-39.93067209685719],[-72.03042901457304,-39.9294204049838],[-72.03010018196854,-39.92912833547329],[-72.02953708184518,-39.92885101247808],[-72.028918923814,-39.92818486426926],[-72.02848479105602,-39.9280422865864],[-72.02808177789925,-39.928011194327844],[-72.027452276821,-39.92802271567661],[-72.02721411984939,-39.9281272931777],[-72.02676533047666,-39.92811577576801],[-72.02662411411814,-39.9276417244745],[-72.0259844468353,-39.92747310785281],[-72.02609515325003,-39.92699168690117],[-72.02669532551816,-39.926619681862725],[-72.02696040408082,-39.92589317231367],[-72.02736968443303,-39.92557160888153],[-72.02737416981789,-39.92526041194903],[-72.02715068093566,-39.925026381632655],[-72.02717461459831,-39.924888634897776],[-72.02773706363153,-39.92434962294655],[-72.02780387530048,-39.92405155504542],[-72.02804759910319,-39.92381798203887],[-72.02830532020316,-39.92371390442995],[-72.02949859938819,-39.92392437660483],[-72.031121369981,-39.924630107384885],[-72.03147799500258,-39.92469459046917],[-72.03206562331745,-39.92523541817221],[-72.03245825543183,-39.92654606976802],[-72.0325941014259,-39.92672941877812],[-72.03313566375465,-39.927089191918704],[-72.03324102162513,-39.927562317473],[-72.03364733946215,-39.92772491930962],[-72.03354325192034,-39.928054320418894],[-72.03374553715068,-39.92836389426336],[-72.03422187727223,-39.92856979532265],[-72.03395861192391,-39.9288397771934],[-72.0329832391865,-39.928953161447566],[-72.03270559921617,-39.92913975565154],[-72.03180860047577,-39.9291029403406],[-72.03204678448064,-39.929413436851135],[-72.03338183964264,-39.929710518761134],[-72.03392944028401,-39.93034716490501],[-72.034108962998,-39.93035176119745],[-72.03509211297802,-39.93005869742417],[-72.03567249916111,-39.929520106064906],[-72.03581969570556,-39.929440855888316],[-72.03636064393606,-39.92939935152662],[-72.03647611095646,-39.929222436054175],[-72.03700864762051,-39.92895933577536],[-72.03751792493182,-39.92923524634156],[-72.03743419043076,-39.92950982712585],[-72.03732170703145,-39.929617639351186],[-72.03706739520561,-39.92968031577771],[-72.03705844917049,-39.92988762852786],[-72.03724995971861,-39.93003088757685],[-72.03769697702363,-39.93008382743155]],[[-72.01525629752702,-39.922908018973466],[-72.01534124263814,-39.923020896002214],[-72.01528498992856,-39.92307479100699],[-72.01492478727604,-39.92309318242307],[-72.01478899637078,-39.92290981458192],[-72.01436300270711,-39.922788148280915],[-72.01433311099422,-39.922649017261826],[-72.01467776441915,-39.922574882712645],[-72.0150505082012,-39.92268133977409],[-72.01525629752702,-39.922908018973466]],[[-72.01259334132111,-39.92174633116843],[-72.0124354013668,-39.92165924191933],[-72.01251200929609,-39.92155052896042],[-72.01274174770579,-39.92163946948383],[-72.01275368616889,-39.92177813796135],[-72.01259334132111,-39.92174633116843]],[[-72.02677129226242,-39.93212839210848],[-72.02642779823016,-39.9321749198525],[-72.02625844861822,-39.93193535943946],[-72.02599215364489,-39.93185934290728],[-72.02595924197021,-39.93178931759932],[-72.02610465805853,-39.93175154251398],[-72.02667016051349,-39.93197359959125],[-72.02710042400284,-39.931998478293366],[-72.02677129226242,-39.93212839210848]]],[[[-71.99925904144658,-39.93081021187625],[-71.99930668790887,-39.93136488677777],[-71.99976377620914,-39.9315981022101],[-71.99991101599109,-39.93151889941326],[-71.99992913313056,-39.93110428805435],[-72.00009086432951,-39.930693395832265],[-71.99992221629836,-39.930439979991014],[-71.99949016678492,-39.930456462120226],[-71.99925904144658,-39.93081021187625]]],[[[-72.00044724570671,-39.92829515627646],[-72.00013016240534,-39.928148585408174],[-71.99994944334462,-39.928171577492215],[-72.00003299748772,-39.92872718222354],[-72.00048161902598,-39.92915387979753],[-72.00065871830796,-39.929213809333945],[-72.0010322341906,-39.9288914148955],[-72.00107417309275,-39.928754140343436],[-72.00086841585939,-39.92852743721571],[-72.00090914753069,-39.92841780351565],[-72.00055012311296,-39.9284085082203],[-72.00044724570671,-39.92829515627646]]]]}},{"type":"Feature","id":"2017","properties":{"year":2017,"source":"SIG/Delimitacion_glaciar/Surface_2017.shp","sourceCrs":"EPSG:32719","geometryAreaKm2":14.102848161052806,"area":14.09,"error":0.36525600782191114},"geometry":{"type":"MultiPolygon","coordinates":[[[[-72.04103788574183,-39.9552951295945],[-72.04105953265763,-39.955395663824596],[-72.04131692620177,-39.95545222950222],[-72.04173096713338,-39.95579274299262],[-72.0420999338417,-39.955672190235475],[-72.04200386603837,-39.955489770668],[-72.04183903598631,-39.95539557804153],[-72.04118279029585,-39.95524884062107],[-72.04103788574183,-39.9552951295945]]],[[[-72.04059472419675,-39.95412402533914],[-72.04073973229613,-39.95467762701363],[-72.04080418759857,-39.95468927185809],[-72.04105592409223,-39.954575725443476],[-72.04109264748556,-39.954326710438],[-72.0407794194115,-39.95405875722289],[-72.04062498663707,-39.95402481728307],[-72.04059472419675,-39.95412402533914]]],[[[-72.04626122445885,-39.93324756006402],[-72.0462275848183,-39.93357664161428],[-72.04634047741645,-39.933669503508554],[-72.04647106992641,-39.933652836807795],[-72.04658542472896,-39.93356076978214],[-72.04659616570531,-39.933311089605716],[-72.04649646136492,-39.93321356511986],[-72.04632218207894,-39.93318912534857],[-72.04626122445885,-39.93324756006402]]],[[[-72.04631046348975,-39.932253998506766],[-72.04602196654858,-39.932016684673115],[-72.04569850105553,-39.931988439751734],[-72.04572448738435,-39.93213907486842],[-72.04611981730768,-39.932459098856334],[-72.04647442906912,-39.93251813120076],[-72.04655892693619,-39.932365313976184],[-72.04631046348975,-39.932253998506766]]],[[[-72.03983581663447,-39.91057268285659],[-72.03967588708784,-39.91066857841975],[-72.03970876968623,-39.91080939309019],[-72.03985530034778,-39.91072315333369],[-72.04025733672553,-39.910733424382855],[-72.04035113056023,-39.91066583312962],[-72.0401945809578,-39.91038188493999],[-72.03983581663447,-39.91057268285659]]],[[[-72.04038775998461,-39.91011686892848],[-72.04052654535094,-39.91021039768548],[-72.04091862091178,-39.91015042470273],[-72.04100675609239,-39.90991271929083],[-72.04089777907751,-39.90972996878622],[-72.04045684214292,-39.90971870635983],[-72.04038775998461,-39.91011686892848]]],[[[-72.04715713316156,-39.909089808842985],[-72.04724886579643,-39.90937209608203],[-72.0475791871234,-39.90954048498342],[-72.04783942094615,-39.90952711966882],[-72.04802784894729,-39.90937194958212],[-72.04806236762539,-39.90917286518635],[-72.04792304789693,-39.90878938413868],[-72.0473489946239,-39.90885474181912],[-72.04716142501724,-39.908989936300145],[-72.04715713316156,-39.909089808842985]]],[[[-72.04577556753681,-39.90619510721789],[-72.04548932339438,-39.905907858962436],[-72.04533070074201,-39.90597380135758],[-72.04540215448482,-39.90642554218877],[-72.04562227103497,-39.906741099084016],[-72.04606233231738,-39.90677231567338],[-72.04603364221445,-39.90623168174577],[-72.04595840929476,-39.90616977448014],[-72.04577556753681,-39.90619510721789]]],[[[-72.03839956704444,-39.955017740379176],[-72.03875646372369,-39.95517683706404],[-72.03911853480786,-39.95521608748231],[-72.03964064398822,-39.955159445936616],[-72.04002651565314,-39.95524929242244],[-72.04025278226273,-39.955425042480485],[-72.0403704912046,-39.95570799765091],[-72.04048642618176,-39.95573095619467],[-72.04056773751918,-39.95565304876109],[-72.04058109386474,-39.955343448205745],[-72.04038901896273,-39.95527855179455],[-72.04025488618409,-39.95507516194554],[-72.040018709449,-39.95512911546693],[-72.03968340651608,-39.95477061209232],[-72.03952499877533,-39.95422666483253],[-72.03911705871097,-39.95404626950792],[-72.0387588291825,-39.953617190592674],[-72.03860478584465,-39.95327331613379],[-72.03861987429691,-39.95292376759524],[-72.0381652109441,-39.952622196956135],[-72.0378485117715,-39.95213418849138],[-72.0378354942261,-39.95183391189993],[-72.037654683595,-39.95180929160577],[-72.03754267699082,-39.95199639134012],[-72.03710448921908,-39.951915196671166],[-72.0372052453535,-39.951687817110496],[-72.03743059156042,-39.951583601587274],[-72.03743706024702,-39.951433795189374],[-72.03732544625305,-39.95131096295448],[-72.03736390563962,-39.95102200106782],[-72.03717917761821,-39.950787319265636],[-72.03692913754205,-39.950560964579566],[-72.03628592607602,-39.95041453330749],[-72.03608998638455,-39.95043951412026],[-72.03592003213365,-39.95076510320976],[-72.03518472144309,-39.950946246969785],[-72.03516745869958,-39.95134572990566],[-72.03594140225643,-39.95237534746919],[-72.03573944721634,-39.95284009091933],[-72.0361495941894,-39.95357045101731],[-72.03617773853617,-39.95382112412874],[-72.03609426731428,-39.953948963781635],[-72.03643170425349,-39.954257541369124],[-72.03744654419816,-39.95452345719464],[-72.03827356911094,-39.95488069770163],[-72.03839956704444,-39.955017740379176]]],[[[-72.0023021708169,-39.93733418238418],[-72.0023186019757,-39.93755275114737],[-72.00218843051246,-39.93755938056378],[-72.00215812183922,-39.93765857703354],[-72.00233059265847,-39.937873000135305],[-72.00256019238952,-39.93796892426582],[-72.00244680871971,-39.93818594812685],[-72.00198924144144,-39.93825409135997],[-72.0016293552124,-39.93846473435938],[-72.00148914771577,-39.93870105907034],[-72.00130446127598,-39.938766264792484],[-72.00097880856934,-39.93878782837296],[-72.00068957662945,-39.938570380135076],[-72.00049671675488,-39.93852539405205],[-72.00004176463867,-39.938533608766065],[-71.99996043053915,-39.93861148698232],[-72.00024180394591,-39.939008698939794],[-71.9999415395674,-39.939340857472864],[-72.0000240629753,-39.9395329582015],[-72.00031722472508,-39.939660527160505],[-72.00070600559998,-39.9396805923688],[-72.00113894464884,-39.939581822519365],[-72.00204450099467,-39.93966525110002],[-72.00224085465527,-39.93963034040454],[-72.00230964980578,-39.939542138007404],[-72.00256869186506,-39.939558839426134],[-72.00274422117883,-39.93970335449331],[-72.00276351815863,-39.94015376748885],[-72.00298440432559,-39.940449427016425],[-72.00278901596303,-39.94122222305152],[-72.00253816056582,-39.94164098003636],[-72.00239030665452,-39.94245366656639],[-72.0011999146715,-39.9429427550889],[-72.00061256900324,-39.943007532602536],[-72.00035601307314,-39.94323084482784],[-72.00002510023752,-39.943372246134544],[-71.99980403864569,-39.944566289335754],[-71.99996385672792,-39.94507033224069],[-71.99980847061552,-39.94535625173262],[-72.00011744230595,-39.94601412860408],[-71.99987971351267,-39.946697838320745],[-71.999704485653,-39.946843270695915],[-71.99964385122341,-39.94704166147794],[-72.00002818401684,-39.94746153692773],[-71.99985382770689,-39.94758699593462],[-71.99984727792415,-39.94773679730244],[-72.00008376878392,-39.947972877996754],[-72.00023280279821,-39.94842665078919],[-72.00047671905472,-39.94849295585496],[-72.00106498509211,-39.948408207289575],[-72.00109922937166,-39.94821913058521],[-72.00094015050239,-39.94799505435154],[-72.00104189099702,-39.947747736810015],[-72.00115093210901,-39.94763058308281],[-72.00138798115275,-39.94755673543709],[-72.00223826839454,-39.94652894676336],[-72.00293697055369,-39.945997133149376],[-72.00320595930462,-39.946084077284546],[-72.00312843511732,-39.94637201573422],[-72.00344049602197,-39.94695997744646],[-72.00373369555585,-39.947087539018845],[-72.00425445372267,-39.94706101620575],[-72.00435564060643,-39.947123621600696],[-72.0045176771899,-39.94757772548086],[-72.004777519578,-39.94787438908355],[-72.00476226157899,-39.94822392716031],[-72.00495863646292,-39.948332918420284],[-72.0053478771539,-39.94876809523629],[-72.00509484674063,-39.94893739117844],[-72.00507751190304,-39.94903692371272],[-72.00530934807666,-39.949677795573486],[-72.00562110506233,-39.94997579952702],[-72.00614069828883,-39.95027417576919],[-72.00731809170128,-39.95037458850032],[-72.00779905666622,-39.950712337614874],[-72.00762652666103,-39.95097100511026],[-72.00732093231936,-39.95115409420806],[-72.00733162569149,-39.95166188405109],[-72.00694268434748,-39.952139546750516],[-72.00674716780226,-39.952154490497115],[-72.00654250045123,-39.952379156944296],[-72.00628050152987,-39.95332220235058],[-72.00654595888486,-39.953720358870754],[-72.00660845737343,-39.95413312602866],[-72.0070915209991,-39.954167578284746],[-72.00727839936197,-39.95437846518469],[-72.00749286306585,-39.954411345192455],[-72.00760430491596,-39.95451239490887],[-72.00803197845721,-39.95456722713285],[-72.00835587446721,-39.95488553361333],[-72.00887538520877,-39.95488895263649],[-72.00906834385034,-39.95498010842792],[-72.00921213344576,-39.955419751751464],[-72.0091289276089,-39.9556400803984],[-72.00891100782336,-39.9558596855877],[-72.00862028632153,-39.955972154485075],[-72.00849347548927,-39.95619883496241],[-72.00875684993564,-39.95641559650339],[-72.00912970450442,-39.95650520960234],[-72.00884272521286,-39.95712767725189],[-72.00912988164124,-39.95739504248367],[-72.00944011699008,-39.95713310515843],[-72.00969417084671,-39.95666975507969],[-72.00992000772081,-39.956555608500096],[-72.01011466592698,-39.95656063351329],[-72.01017563441171,-39.95665218997647],[-72.01008035881792,-39.957049653470925],[-72.0101374099249,-39.95723109147898],[-72.01084115442097,-39.95747921120744],[-72.01140701492092,-39.957313847973914],[-72.01153164311378,-39.95713709830501],[-72.01154469600162,-39.956837492847946],[-72.01119272276291,-39.956268518735136],[-72.01145357155754,-39.956245255244006],[-72.01183462099249,-39.956445049925435],[-72.01201492356124,-39.95677963788194],[-72.01223988724686,-39.95668546035815],[-72.01331553186822,-39.95555342485844],[-72.01336794206401,-39.95524483582021],[-72.01325345812049,-39.95459200855089],[-72.0139671868757,-39.9546104107343],[-72.01420816037523,-39.95444665540327],[-72.01440411728524,-39.9544217123603],[-72.01468315893209,-39.95440969842642],[-72.0149461037465,-39.95450566806155],[-72.01532634404121,-39.95442548407905],[-72.01573992278695,-39.95417619035216],[-72.01600250028123,-39.954112968679866],[-72.01632561784373,-39.954151286768266],[-72.01652499497261,-39.95434638610906],[-72.0166543293999,-39.95435971550766],[-72.01714666614251,-39.954264940130344],[-72.01732511935757,-39.95401956772451],[-72.01832149349214,-39.9539627283759],[-72.01927404997063,-39.953567325632605],[-72.02044456156472,-39.95353745310959],[-72.0209817798671,-39.953731236895585],[-72.02110070655839,-39.95398424789066],[-72.0213602437708,-39.953990922449655],[-72.02165050417265,-39.95388840738989],[-72.02195801755,-39.95428623993509],[-72.02197096524371,-39.95458651566989],[-72.02187752503706,-39.95464410177092],[-72.02175209086509,-39.954540895641074],[-72.02171319029937,-39.954239952566745],[-72.0215881906782,-39.954126759343765],[-72.02093934639122,-39.95411007308749],[-72.02086665546537,-39.954288169153095],[-72.0204990000818,-39.954078750491895],[-72.02049075882795,-39.9542685022568],[-72.02069275092907,-39.954403673249146],[-72.02065595377807,-39.95465267906165],[-72.02037866573228,-39.95475552527169],[-72.02054212601544,-39.955179649963455],[-72.02030329632079,-39.9555934260415],[-72.02018520049964,-39.955620382186616],[-72.02005976729383,-39.95551717426582],[-72.02005109056812,-39.95571691283594],[-72.02016260405146,-39.95643964421444],[-72.02023439439438,-39.95658146437535],[-72.02048743438418,-39.95673794519193],[-72.02061717228973,-39.95704122517944],[-72.02105186529684,-39.957502319974715],[-72.02134417797353,-39.95854963893268],[-72.02145880911333,-39.95860257727484],[-72.02165954624702,-39.95846776599246],[-72.02210295650781,-39.95842917661044],[-72.02221579511807,-39.95912194584781],[-72.02240959568776,-39.95914692436803],[-72.02243560817995,-39.95854770770093],[-72.022623799122,-39.958402574098166],[-72.02281933177373,-39.95838760407353],[-72.02279987853579,-39.95823713267818],[-72.02252303990699,-39.95803005460149],[-72.02267793169769,-39.957754089682005],[-72.02300537995428,-39.95799246246446],[-72.02313515635055,-39.95799579796068],[-72.02310267428953,-39.9584448772487],[-72.02323201813478,-39.95845819961964],[-72.02341587332019,-39.95841293419256],[-72.0234548302675,-39.958113992573935],[-72.02356989582319,-39.95815694190618],[-72.02358718392733,-39.95835734801472],[-72.02366461686415,-39.95836933591072],[-72.02433256621663,-39.95794658201383],[-72.02455103899918,-39.957702242218446],[-72.02479154895356,-39.9578483937615],[-72.02502904469233,-39.95776451120409],[-72.02511340740506,-39.95761670658767],[-72.02510044617337,-39.957316430815155],[-72.02519475384283,-39.957238868224785],[-72.025388550525,-39.957263841608835],[-72.0254318139035,-39.957164971711684],[-72.02543400873999,-39.95651515176545],[-72.02500103994214,-39.95571418210852],[-72.0250486338495,-39.955515442578445],[-72.02516586169976,-39.95550845534432],[-72.02521343963127,-39.95560965827934],[-72.02533543137999,-39.95549281414127],[-72.02527705649891,-39.955041400500924],[-72.02546133427157,-39.95498614443837],[-72.02556083447107,-39.95478873763651],[-72.02614221595601,-39.95456371152844],[-72.02691650976439,-39.95468356977046],[-72.02714620838748,-39.95447950530961],[-72.02741699493309,-39.95452644743125],[-72.02754374103668,-39.9542997437582],[-72.02743473745238,-39.9541169805258],[-72.02750005497697,-39.95410865868077],[-72.02773926136959,-39.95428476494514],[-72.02785691620846,-39.95456773092823],[-72.02819777858161,-39.954796435225596],[-72.02833057636104,-39.95502979874093],[-72.02824405873511,-39.955527484199145],[-72.02790016029734,-39.95566863191607],[-72.02779071698569,-39.955795798907864],[-72.02789280069173,-39.95613835387495],[-72.02776650538605,-39.95622422659983],[-72.0280092089109,-39.95666644779854],[-72.02854512713786,-39.95667499198312],[-72.02892785005018,-39.95709820965133],[-72.02905514410229,-39.95749792130121],[-72.02925413543142,-39.957702987308245],[-72.0298978293289,-39.957839472433335],[-72.03049957341543,-39.958344808343924],[-72.0308132076767,-39.958502820324995],[-72.03123109517809,-39.95855352452454],[-72.0314434951388,-39.958448989281585],[-72.03139589514991,-39.95804784511312],[-72.03163944707721,-39.95812407379871],[-72.03183627438416,-39.958079127348334],[-72.03213906971999,-39.95768696214543],[-72.03215636848203,-39.95758742432866],[-72.03205600409385,-39.95750486777208],[-72.0324163383301,-39.9572841439686],[-72.03287453894711,-39.956605518683155],[-72.03282091969604,-39.955728865782504],[-72.03291955109528,-39.95544860065827],[-72.0331714732295,-39.95524548989721],[-72.03326014535999,-39.95499111752493],[-72.03305479280618,-39.9543642336714],[-72.03306048406286,-39.954116306437484],[-72.03273602655648,-39.95380867164506],[-72.03261476004961,-39.95357688469602],[-72.03216025587109,-39.95334100575029],[-72.03187058193572,-39.953066634128945],[-72.03165800425727,-39.95302947803806],[-72.0313315608479,-39.95255100951411],[-72.03088155863921,-39.952165486142974],[-72.03068580607692,-39.9521321599886],[-72.03056601195398,-39.95231044811842],[-72.03057901034394,-39.95270366504107],[-72.03019317915387,-39.952817998021224],[-72.02995224774568,-39.95298178827899],[-72.02998556363998,-39.95341256123245],[-72.02953526977447,-39.95361097448227],[-72.02914553076593,-39.95361097697144],[-72.02901100072037,-39.95311761912651],[-72.02868441784594,-39.95285928922482],[-72.02892059414324,-39.95280535885197],[-72.02896601177525,-39.9526565522068],[-72.02867879364378,-39.95238923389111],[-72.02873459294767,-39.9523006822958],[-72.02924543862903,-39.95220380617621],[-72.02951145715406,-39.95206065695134],[-72.02964510953564,-39.95167415812536],[-72.02929084804639,-39.951455112586785],[-72.02914507667117,-39.95122141735978],[-72.02881893598015,-39.95125304439426],[-72.02863986105685,-39.9511884621317],[-72.0285793042458,-39.95108692758061],[-72.0286930631654,-39.950859889274284],[-72.02826787146091,-39.95077899465849],[-72.02807885015389,-39.950644169595456],[-72.02809831530728,-39.95049469737946],[-72.02841190883876,-39.95045275233951],[-72.0289313902338,-39.95015613676342],[-72.02927699192108,-39.950274980141295],[-72.03012390720394,-39.950216712956916],[-72.03062607162325,-39.94971968336616],[-72.03114208126928,-39.949502953585274],[-72.03178959193194,-39.94954954229258],[-72.03243452983095,-39.94995599368868],[-72.03275763996267,-39.94999426554911],[-72.03298212293367,-39.94991003281311],[-72.03327755346525,-39.94998758668139],[-72.03349640008686,-39.94973324055816],[-72.03413005045196,-39.9494995138604],[-72.03461229935677,-39.94916192653911],[-72.03626172959339,-39.94905943159437],[-72.03654135624154,-39.94871138934759],[-72.03699767424523,-39.94867307221605],[-72.03744834619174,-39.94846464071802],[-72.03782406332378,-39.948406800889344],[-72.03829295884898,-39.94819269378714],[-72.03862195100871,-39.948132799050754],[-72.03889838972611,-39.94793182459768],[-72.0392129895123,-39.94790987201934],[-72.03929644701232,-39.94778202952142],[-72.03912254138675,-39.94759761802439],[-72.03953556525718,-39.94735822147332],[-72.03958095577168,-39.94720940956939],[-72.04069954099502,-39.947172162976486],[-72.04136610525839,-39.946890018254656],[-72.04157561055148,-39.94644052342167],[-72.04203148127446,-39.946412172921306],[-72.04236934145155,-39.94671074602519],[-72.04233994630732,-39.94678998056443],[-72.04201641366274,-39.94676172293191],[-72.04192256984248,-39.9468293134273],[-72.04189883093616,-39.94707866059998],[-72.04218909509125,-39.94727603738935],[-72.04257621819218,-39.94733591255034],[-72.04348711037674,-39.947299176580735],[-72.04380326385156,-39.94719726600494],[-72.0438867120482,-39.947069419840425],[-72.0437249106054,-39.94690532031402],[-72.04418594637436,-39.94675711548438],[-72.04419670109239,-39.94650743641836],[-72.04408809346197,-39.946314700326404],[-72.04370140469437,-39.94624484321554],[-72.04343537021887,-39.94608808119419],[-72.04297973713055,-39.94520661265723],[-72.04254711643598,-39.94469566107236],[-72.04216043858266,-39.94462579918679],[-72.04203849488836,-39.94474266299803],[-72.04201906238275,-39.94489213885486],[-72.04216314466245,-39.945165767787685],[-72.04190972335863,-39.945319266673785],[-72.0416506446166,-39.94530265216514],[-72.0415001058227,-39.94517882977933],[-72.0414637043014,-39.94481796710499],[-72.04154500086696,-39.944740058345296],[-72.04186981524295,-39.94473835551438],[-72.04209470096873,-39.94464411685787],[-72.04220920279157,-39.94409714295171],[-72.04245740351217,-39.94367643970362],[-72.04246081951337,-39.94332851525195],[-72.0426558972527,-39.943206935414096],[-72.04280623491266,-39.94290261098309],[-72.04384767866755,-39.94284920797212],[-72.0439721967966,-39.94267241898219],[-72.04416725180783,-39.94266739822324],[-72.04455478135151,-39.94271727875258],[-72.04487184603182,-39.94289533628159],[-72.04532468276597,-39.94293688213217],[-72.0455409593839,-39.94304237997467],[-72.0460599626998,-39.94305561608928],[-72.04658197486481,-39.94299893955139],[-72.04673630436625,-39.94273292424436],[-72.04704074621225,-39.94260071143619],[-72.04723494174263,-39.94261565988511],[-72.04751437715494,-39.94276275659233],[-72.04761946644685,-39.94273544061799],[-72.04763888590396,-39.94258596330614],[-72.04754067108885,-39.94245348410919],[-72.04726123683558,-39.94230638750245],[-72.04691684592407,-39.94185768979367],[-72.04602665905482,-39.94141507047127],[-72.04601583349697,-39.941364803663504],[-72.04615941559497,-39.94134846873649],[-72.04668106723537,-39.94160172506835],[-72.04692715913659,-39.94161799709658],[-72.04697467775149,-39.941419245460516],[-72.04680506311365,-39.941134973202736],[-72.0469771722602,-39.94105937560745],[-72.04698791466437,-39.94080969566629],[-72.04667128317989,-39.94062165683324],[-72.04564430495476,-39.940280744536615],[-72.04563909153765,-39.940220388639155],[-72.04565588187663,-39.94007086179164],[-72.04615571007801,-39.93962369321977],[-72.04673196391265,-39.93875854837554],[-72.04717235996313,-39.938484827678984],[-72.0473674454777,-39.93787491373881],[-72.04761631643844,-39.93782626697999],[-72.04753666636498,-39.93756428488413],[-72.04759968729046,-39.93715596664285],[-72.04750315434413,-39.936833565279606],[-72.04697676620492,-39.93654019949697],[-72.04618940247293,-39.93627517070461],[-72.04609862640817,-39.93642282835379],[-72.04614235648948,-39.93661390839575],[-72.04566089815211,-39.93693656888011],[-72.04578913309972,-39.93697483275254],[-72.04586766140393,-39.937111810452265],[-72.04622380082733,-39.93713588920551],[-72.04654106006492,-39.937308947930404],[-72.04651124466109,-39.93739817116238],[-72.04618457107499,-39.93759480402958],[-72.04572262345926,-39.937313073849104],[-72.04480340490177,-39.93724463592984],[-72.04438343416415,-39.93704395654056],[-72.04419807108106,-39.936824266714964],[-72.04420129636304,-39.93674936286711],[-72.044459016943,-39.936645958842654],[-72.04478221321014,-39.93637925504746],[-72.0447004256464,-39.936167207327074],[-72.04475761962841,-39.93574374484814],[-72.04499497697753,-39.93550984406193],[-72.04507578963066,-39.93529194603874],[-72.04493550644719,-39.93462848931579],[-72.04508358821509,-39.93450728969708],[-72.04506842678497,-39.93440692139298],[-72.04496374109945,-39.93427427499204],[-72.0445677995099,-39.93411920104659],[-72.04470616964949,-39.93407274030908],[-72.0447316485689,-39.933933416103315],[-72.04500150967544,-39.93400028909685],[-72.04530527004583,-39.93388306017997],[-72.04553208873597,-39.933893844229004],[-72.04569010148744,-39.93375580941197],[-72.04574170125989,-39.93352767870523],[-72.0456685292739,-39.93320375210123],[-72.04459737784771,-39.93222530476825],[-72.0447934778309,-39.93219531388147],[-72.04493987349913,-39.932264036373276],[-72.04505659196809,-39.93211704125654],[-72.0450824600842,-39.93181775628914],[-72.04454752198126,-39.931724124894465],[-72.04394431747282,-39.93185870673514],[-72.04368528859307,-39.93184209858168],[-72.04360049868804,-39.93169996054494],[-72.04363067324509,-39.93130080427068],[-72.04297286099212,-39.9308940869595],[-72.04310208886994,-39.930607438900765],[-72.04302117257787,-39.93037541588989],[-72.04199626844598,-39.93004930594791],[-72.0419459695669,-39.92940813951281],[-72.04237399414198,-39.929119123192024],[-72.04283620095705,-39.92894095755297],[-72.04289411199768,-39.92880246155153],[-72.04270521605038,-39.92870189942116],[-72.04239034106234,-39.92873961047088],[-72.04168116543654,-39.928621521311534],[-72.04165915717425,-39.92883092063123],[-72.04084663400508,-39.92870018901633],[-72.04053185491442,-39.92877213326844],[-72.04007868468796,-39.92874055925517],[-72.03957927810369,-39.92887777057069],[-72.03906296889129,-39.92880458645103],[-72.03893362452513,-39.92849133768127],[-72.03843761399027,-39.92824870101927],[-72.03798531029506,-39.92819714469041],[-72.03767919466178,-39.928369284207676],[-72.03683944891557,-39.92826782290591],[-72.03653634743527,-39.92837004940024],[-72.03638632544528,-39.92853618018494],[-72.03635175991464,-39.92873525892693],[-72.03669683919155,-39.928864064183415],[-72.03677945635273,-39.92905614231668],[-72.03704101431062,-39.9287128970655],[-72.03731558666934,-39.928669928569335],[-72.03846839640732,-39.92873939748503],[-72.03842387970845,-39.92886823544031],[-72.03778263529992,-39.92898181653395],[-72.03754616284765,-39.9293457012777],[-72.03750944560892,-39.929594716108724],[-72.03795017257879,-39.9302158730044],[-72.03825677544141,-39.9303336917388],[-72.03858109034324,-39.93034198278342],[-72.0389775902653,-39.93018214939719],[-72.03943033856893,-39.930223715191126],[-72.03946936383251,-39.93082460168789],[-72.03938808246312,-39.930902509668286],[-72.03860794704535,-39.930622617572226],[-72.03828578482562,-39.93056439086964],[-72.03805012320585,-39.9306083564611],[-72.0379485433838,-39.93085571297523],[-72.03796298030625,-39.931123140112334],[-72.03772034347769,-39.931629733554495],[-72.03796562830476,-39.93226588884837],[-72.03799382209885,-39.93281650787026],[-72.03791296751058,-39.93288442751432],[-72.03752291358377,-39.93289444963863],[-72.03712195570455,-39.932254312038346],[-72.03662502258784,-39.931731695784],[-72.03533155018283,-39.93100872882616],[-72.03500938951339,-39.9309504930445],[-72.03469416348092,-39.93103240790278],[-72.03436984646244,-39.93102410586769],[-72.03399838463928,-39.93090461629915],[-72.03295927849405,-39.93090800170618],[-72.03226132416857,-39.93053019044507],[-72.03200230472623,-39.93051355643432],[-72.03199151179075,-39.93076323343462],[-72.03219043958796,-39.930968292698374],[-72.0322661391134,-39.931320166921196],[-72.03243133103012,-39.93140438384038],[-72.03302510611834,-39.93208946834816],[-72.0332660325232,-39.932825502892356],[-72.03344940755895,-39.933090150579616],[-72.03326133704428,-39.933535250552396],[-72.03328515130087,-39.93388579529375],[-72.03304604733187,-39.934309591591365],[-72.03247951788045,-39.93389515483141],[-72.03222134916975,-39.93385854669733],[-72.0321184478543,-39.93413585825658],[-72.03172363723675,-39.9342557183491],[-72.03077791526228,-39.93480137558854],[-72.03038612280002,-39.93485132146466],[-72.03013358037349,-39.9349848211245],[-72.02998740552488,-39.934761114613515],[-72.02975907084452,-39.93463528266653],[-72.02950564557041,-39.934188866665295],[-72.0295337049374,-39.93263987551007],[-72.02917823362651,-39.93215084953627],[-72.02998556180272,-39.931801619618305],[-72.03069702344906,-39.93090603377598],[-72.03073109166954,-39.930702355195436],[-72.03047431224812,-39.92973074093239],[-72.02995906818772,-39.928961469227865],[-72.02908299732957,-39.92849908733912],[-72.02864539504431,-39.92810793483682],[-72.02774124202459,-39.92799475747915],[-72.02660834993983,-39.92836561099531],[-72.02659062265187,-39.92817519142738],[-72.02675536850367,-39.92796945895194],[-72.02675753176605,-39.92761957971363],[-72.02612277548697,-39.927283346483726],[-72.02576649449949,-39.92651434167091],[-72.02570380400267,-39.926162797398234],[-72.02602766301442,-39.92618110986953],[-72.02641594597625,-39.92651101733816],[-72.02723532860924,-39.926781999799225],[-72.02733391492336,-39.92690450723297],[-72.02764523860868,-39.92691249541638],[-72.02768415082923,-39.926613549634354],[-72.02752710412193,-39.92641620713901],[-72.02750705326191,-39.926068018013495],[-72.02782250975318,-39.926117192457994],[-72.02793319896837,-39.92596006198066],[-72.02760631101785,-39.92571171992266],[-72.0275392856555,-39.925160102483346],[-72.02739573220683,-39.92487647115595],[-72.0274087010469,-39.92457685969913],[-72.02759765231927,-39.92471168370221],[-72.02789815584639,-39.92466940277002],[-72.02797597913445,-39.92437145502935],[-72.02779437137595,-39.92376690734993],[-72.02808795575378,-39.923884418647454],[-72.02823150391153,-39.92386810473012],[-72.02834045969634,-39.923750921876646],[-72.02832316012848,-39.923550515250966],[-72.02849394628836,-39.923504905245906],[-72.02864571171872,-39.92359878116085],[-72.02867814395664,-39.92374958515057],[-72.02852898627766,-39.924195675923265],[-72.02855926552637,-39.92469635971762],[-72.02868984390467,-39.924679712585416],[-72.02902146456061,-39.92421830477034],[-72.0292467294147,-39.92411410190097],[-72.02931157486702,-39.9238158203761],[-72.02957100007073,-39.92382247240368],[-72.03033761609083,-39.9241120760756],[-72.0305503557467,-39.92429749582405],[-72.03156691292249,-39.92481345688366],[-72.03185966736581,-39.92525087816306],[-72.03193751893006,-39.92555281716936],[-72.03262892401709,-39.92578049007686],[-72.03274092214465,-39.925893338388164],[-72.03257619908088,-39.92609908028528],[-72.03277600469691,-39.926584109143434],[-72.0334550454025,-39.92699809262732],[-72.03380561443022,-39.92740032967595],[-72.03415844629059,-39.927349374236044],[-72.03427565733665,-39.92764232122048],[-72.0346476277481,-39.92770933244539],[-72.0358051983427,-39.927454683566026],[-72.03683532566411,-39.92745111327038],[-72.03745542133036,-39.92755105145716],[-72.03761077093111,-39.92769765827679],[-72.03780362896299,-39.92774258237558],[-72.03843873119766,-39.927168928861676],[-72.03880711532317,-39.927058367820905],[-72.03884339528945,-39.926819339410656],[-72.03912102462088,-39.92689696839437],[-72.03963292560167,-39.92661049307755],[-72.03995532638807,-39.92662339332495],[-72.04013683780457,-39.92671261500745],[-72.04076795385063,-39.926494831035484],[-72.04103860646757,-39.926505497515635],[-72.041310953568,-39.926212508527314],[-72.04122746584517,-39.92604040755083],[-72.0409170029792,-39.92601248164146],[-72.04092776167684,-39.92576280241796],[-72.04115602726561,-39.925588665729414],[-72.04239049340644,-39.92557019706398],[-72.04272295857682,-39.92538871919949],[-72.04274453178239,-39.9251893065974],[-72.04235796239676,-39.92511944916935],[-72.0419125583464,-39.92490811390792],[-72.04240074845882,-39.925030558005794],[-72.04305277098193,-39.92496721667432],[-72.04319975902511,-39.92487098662736],[-72.04333542273129,-39.92443452971206],[-72.04342923324211,-39.924366936676826],[-72.04405839031597,-39.92453296391028],[-72.04444925666935,-39.92450294357864],[-72.04459667162047,-39.92439672443961],[-72.0445680720453,-39.9241560387933],[-72.04494029864513,-39.92395557237259],[-72.04538519570806,-39.923876936150315],[-72.04574410045252,-39.92398607064968],[-72.04688292715024,-39.92377514949309],[-72.04708308148506,-39.923650275112],[-72.04701341200789,-39.92345853399585],[-72.04792355689271,-39.92343173858666],[-72.04816700879994,-39.923507929086675],[-72.04882115925872,-39.92339461832197],[-72.04898368237293,-39.92323878744694],[-72.04874967208966,-39.9229428792864],[-72.04939909657323,-39.9229394247452],[-72.05004026863465,-39.92282577644826],[-72.05030698689743,-39.92266259856116],[-72.05063512911985,-39.92258096923147],[-72.05151781660307,-39.92198354995577],[-72.05184327192602,-39.921661892346314],[-72.05230154741432,-39.92157357149137],[-72.05241303127431,-39.92139644063349],[-72.05287601832549,-39.921198257297334],[-72.05326729205103,-39.92115821906108],[-72.0535746231452,-39.92095607367248],[-72.05361996256624,-39.92080725393256],[-72.05295404256209,-39.92059035269463],[-72.05182428669868,-39.92059160347566],[-72.0514018203343,-39.920450875653565],[-72.05065347450103,-39.92064178894777],[-72.04999067154225,-39.920654908300094],[-72.04986353632393,-39.920591681866185],[-72.04982023223528,-39.92039061550652],[-72.04952833788383,-39.920233209422086],[-72.04926935059008,-39.92021661528253],[-72.04903501782276,-39.92023064309594],[-72.04883487718595,-39.920355521408474],[-72.04882844045,-39.920505330153915],[-72.04856902324414,-39.92049872166531],[-72.04809391722172,-39.920676582539244],[-72.04785777265835,-39.92043060912948],[-72.04760050243294,-39.920374062286285],[-72.04655671726908,-39.92041444570905],[-72.04564859198834,-39.91989913811011],[-72.04479333361733,-39.91922268788228],[-72.04465049830581,-39.918619153806915],[-72.04480168646575,-39.918123101537006],[-72.04452837019304,-39.91783618059442],[-72.04457364698875,-39.91738741761279],[-72.04473358634093,-39.91729151570234],[-72.04501377549319,-39.91741864061104],[-72.04522868480433,-39.917554098155954],[-72.045469388105,-39.91794109653415],[-72.04621071202537,-39.91706018292549],[-72.0467089217339,-39.91665769377785],[-72.04751388577691,-39.91657721808842],[-72.04741322588487,-39.91586770738394],[-72.04669049082328,-39.91505257012004],[-72.04583348789296,-39.91464919510652],[-72.04524973446087,-39.91462332429535],[-72.04508570224793,-39.91484094466111],[-72.04476059931996,-39.91485264890776],[-72.04457413182185,-39.91455418998922],[-72.04347807305626,-39.91385657761398],[-72.04302508698552,-39.9141484874446],[-72.04284609200867,-39.91408392984495],[-72.04293680572458,-39.91378629979889],[-72.04279449802524,-39.91347272400386],[-72.04259816437879,-39.91320775988306],[-72.04217662344816,-39.91304702618348],[-72.04198208280857,-39.91304205947667],[-72.04124640196748,-39.91354317950404],[-72.04119889117604,-39.91374192971864],[-72.04133381378615,-39.913925342501265],[-72.04130314350037,-39.91403453921443],[-72.04114062669183,-39.91419035968184],[-72.04076248340792,-39.91430657678328],[-72.04024855332466,-39.91530736567573],[-72.04087294466304,-39.91580183717554],[-72.040904543787,-39.91608317787811],[-72.04119719871196,-39.91639362854432],[-72.04136051415077,-39.91767703251683],[-72.04193651992898,-39.91783761823397],[-72.04264514935319,-39.918641203225036],[-72.04349190425137,-39.918989520311335],[-72.04376479050237,-39.919286430866684],[-72.04404256010112,-39.920073375903044],[-72.04382987048132,-39.92018792710206],[-72.0433459079254,-39.92028328624867],[-72.04314867339956,-39.920253711207955],[-72.04268536519247,-39.91992875982696],[-72.04245182328357,-39.91962285299808],[-72.0419195304567,-39.919319316318266],[-72.04120658031117,-39.919291112338676],[-72.04085114978396,-39.91910206741635],[-72.04010746813393,-39.91888310653603],[-72.03997776360265,-39.918879792720084],[-72.03966400554081,-39.919531654984965],[-72.03940459415664,-39.91952502612721],[-72.03920223111412,-39.91939987665017],[-72.0388779134566,-39.91909164284615],[-72.03870483084606,-39.91828736555352],[-72.03962911005497,-39.91793105642342],[-72.03975869579887,-39.91733447739433],[-72.0396453494816,-39.91695165074224],[-72.03975685700934,-39.916774532867215],[-72.03999376073513,-39.916700600406024],[-72.04005855086454,-39.91640231056712],[-72.04001527760887,-39.91620124155921],[-72.03981679603959,-39.91598620882116],[-72.03963823008299,-39.91591165903978],[-72.03938792847497,-39.91599524660571],[-72.03919897579405,-39.91586044170025],[-72.03921625009282,-39.91576090144574],[-72.039534326904,-39.91561105854296],[-72.03954345118724,-39.91539933044655],[-72.03922092823457,-39.91535109596825],[-72.03913616604387,-39.91520895539248],[-72.03962981882492,-39.914901628711405],[-72.04017018238596,-39.914715471289476],[-72.04030239899652,-39.91435891469684],[-72.04023742792333,-39.91375736442731],[-72.04029569773718,-39.91330893509175],[-72.04045563284868,-39.91321303890358],[-72.04082265939458,-39.91327631704582],[-72.04117368085167,-39.91312139889847],[-72.04129814704481,-39.9129446102796],[-72.04133692166418,-39.91234570975407],[-72.04202465159109,-39.91205332650602],[-72.04207215854329,-39.91185457577224],[-72.04156715390029,-39.9115217399812],[-72.04143832319137,-39.91149845390559],[-72.04090923713233,-39.91172489839607],[-72.04079042888212,-39.91207180018353],[-72.04059072901232,-39.91218667752809],[-72.04030884855912,-39.91209949164404],[-72.04018210664132,-39.911726321304634],[-72.03984605505131,-39.91154050856251],[-72.03965117137939,-39.91152426159808],[-72.03952825605222,-39.91163001580028],[-72.03913376303693,-39.911678813510576],[-72.03908703430659,-39.9118765539006],[-72.03878063941151,-39.912010451665886],[-72.03791423880712,-39.91162836999933],[-72.03694629768994,-39.911493639448345],[-72.03697659070845,-39.91169437763329],[-72.03725980589284,-39.91205155638358],[-72.03720534530261,-39.91211015274312],[-72.03679894756755,-39.91189979600978],[-72.03648510459824,-39.91195175779435],[-72.03551582820995,-39.9115470304954],[-72.03513800294331,-39.911577355162095],[-72.03492277954086,-39.912051759474636],[-72.0351450577558,-39.91261734530493],[-72.03510834454616,-39.91286636000716],[-72.03497089368705,-39.91304280948749],[-72.03477161282225,-39.913147689182374],[-72.03467346214234,-39.91301520093275],[-72.03441580090139,-39.91296861327614],[-72.03430471781425,-39.91313573869883],[-72.03371635624056,-39.91323065633811],[-72.03366922227903,-39.91311946974694],[-72.03401375358229,-39.91295832149869],[-72.03392641806548,-39.91287610033192],[-72.03283222786565,-39.912658117770526],[-72.03252786909496,-39.91249035200953],[-72.03203808734376,-39.912707763989715],[-72.03168886193507,-39.91253229247658],[-72.0309210110119,-39.91271913487159],[-72.030533211026,-39.91237925679952],[-72.03035813739528,-39.912524741918666],[-72.03020076279732,-39.91226075584692],[-72.02955274042729,-39.91223414510112],[-72.02943037552346,-39.91176109423698],[-72.02923929540034,-39.91167620957817],[-72.02885065837022,-39.91165624562945],[-72.02865395285022,-39.91140124703783],[-72.02827395692249,-39.911181539594125],[-72.02769122242327,-39.911146594954424],[-72.02768473425182,-39.91099645612389],[-72.02751959613971,-39.910912234189595],[-72.02694032173243,-39.91079738930307],[-72.02696625481157,-39.910498110028534],[-72.02688109176623,-39.91036594859715],[-72.02628107267529,-39.91013059023257],[-72.02618683421032,-39.9102081566741],[-72.02591492444382,-39.91109101304778],[-72.02557946292696,-39.91134235333072],[-72.0253948722231,-39.911407601298514],[-72.02483548278961,-39.911333249012735],[-72.02435737031061,-39.91108101477252],[-72.02422811489538,-39.911067696833726],[-72.0241148481478,-39.91128474694129],[-72.02358918316949,-39.91113126965821],[-72.02333659151864,-39.91141714748208],[-72.02334212564377,-39.911921107014564],[-72.02318884834192,-39.911967827505464],[-72.02318246009685,-39.91207479588675],[-72.02333216633525,-39.91219905127818],[-72.02336644512044,-39.91234767908279],[-72.02391292454719,-39.91264930700179],[-72.02422287689326,-39.912987207450094],[-72.02435687878918,-39.913490556713576],[-72.02471007007838,-39.91372958491407],[-72.02516149343116,-39.91421470637325],[-72.02542985533204,-39.9147978731345],[-72.02524556675233,-39.914990026749706],[-72.02519712105403,-39.91521665009324],[-72.02564384595843,-39.91555322833673],[-72.02573765807851,-39.91578559417428],[-72.02615891233992,-39.91607690949688],[-72.02630525744647,-39.91637640318902],[-72.02632359688903,-39.91675526013083],[-72.02665375850833,-39.91711886650056],[-72.02658545031738,-39.91719709858094],[-72.02614533594327,-39.9171658058849],[-72.02610426523974,-39.916914797926275],[-72.025395252677,-39.91619672562431],[-72.02504420922543,-39.91590776383674],[-72.02434298805692,-39.915609807500246],[-72.02407279807848,-39.915252932415754],[-72.02188835848092,-39.914126999740766],[-72.02143702961213,-39.9140554084967],[-72.02102894026004,-39.91388494586597],[-72.02089231820366,-39.91404140318331],[-72.02051447564155,-39.91407167937461],[-72.02045653440493,-39.91421016328494],[-72.02053088540008,-39.91429206053374],[-72.0211270209618,-39.91461733224701],[-72.02175472979728,-39.914813436701664],[-72.02204480215657,-39.91501085781922],[-72.02259814702548,-39.91542500546792],[-72.02286400157207,-39.915881753955],[-72.02260980217025,-39.915755243771976],[-72.02107854044002,-39.915435933436726],[-72.02036694656529,-39.915377641895475],[-72.01955322878361,-39.915158088407445],[-72.0191692286173,-39.915151868409865],[-72.01902093032993,-39.91527802858038],[-72.01903386837425,-39.915578305652794],[-72.01938315050045,-39.91590723264981],[-72.0190822484246,-39.91595947974143],[-72.01883929224684,-39.9158732431795],[-72.01825609233376,-39.91584823676895],[-72.01788817398408,-39.91594874662015],[-72.01784319537624,-39.916087562769924],[-72.01849467902937,-39.91633428759642],[-72.0187423709636,-39.91661061136431],[-72.01921098534432,-39.91688262075246],[-72.0194336089999,-39.91713830181852],[-72.01945951863637,-39.91743891251527],[-72.01906741867278,-39.917198867258236],[-72.0188555662675,-39.91729339745275],[-72.0184215599834,-39.91682231456272],[-72.01829142839632,-39.91682896361177],[-72.01825681871468,-39.917028035587265],[-72.01812755378009,-39.91701471048082],[-72.0180311651737,-39.91684226126823],[-72.01765113848103,-39.91692246236246],[-72.017526605122,-39.91709922294893],[-72.01757844619445,-39.91740050153729],[-72.01744744622746,-39.917427123536136],[-72.01718848168404,-39.91741045829958],[-72.01711933575827,-39.91720871534945],[-72.01689325116648,-39.91703292587621],[-72.0163442242427,-39.916818825105324],[-72.01608569622326,-39.91679217053455],[-72.01583623352916,-39.91685573208251],[-72.01539916619087,-39.91675449011089],[-72.01510254852083,-39.917006799754894],[-72.01484185044835,-39.917030077142286],[-72.0146126830523,-39.91722413465222],[-72.01396500539497,-39.91748739069508],[-72.01350460277992,-39.9173255513359],[-72.01327847037928,-39.917449697486255],[-72.01289111161225,-39.917399718156226],[-72.01267838212152,-39.91751421056369],[-72.01221841706962,-39.91734237927053],[-72.01208089938898,-39.91751879895897],[-72.01193550299251,-39.917559205949836],[-72.01136935547878,-39.917443289616365],[-72.01000784173668,-39.917487216003465],[-72.00991084321322,-39.91780586957693],[-72.009966235839,-39.918074126742326],[-72.01021259406603,-39.91838042835902],[-72.01086704303079,-39.918857229369785],[-72.01048997097448,-39.9191674396942],[-72.01075662543902,-39.91960423948129],[-72.01099610651126,-39.91977038833325],[-72.01125290473082,-39.91983700223907],[-72.0114011610066,-39.920010794928764],[-72.01243010000574,-39.920237296147384],[-72.01241321998765,-39.920326843946356],[-72.01208244325015,-39.92046828519281],[-72.0120564390215,-39.92076755815584],[-72.01247447365853,-39.92100829584031],[-72.01296077926132,-39.92147075100534],[-72.01311772970641,-39.92144480327298],[-72.01356689565849,-39.921967375558864],[-72.01362246716482,-39.922222254076985],[-72.01400120457608,-39.92225512183129],[-72.0141761402484,-39.92236912580896],[-72.01470992241278,-39.92245566055667],[-72.01494817212763,-39.92235182030744],[-72.0152201252038,-39.92236882539279],[-72.01563818105207,-39.9226095523639],[-72.01585820456049,-39.922925161956115],[-72.01574059826581,-39.92294212875663],[-72.01537659366724,-39.92265280404626],[-72.01520667021788,-39.922678420580866],[-72.01523516607872,-39.922919109723665],[-72.01499088893657,-39.9228628252654],[-72.01453517070658,-39.92289107472276],[-72.0141780639562,-39.92274189776415],[-72.01380060590127,-39.92276216320049],[-72.01322734044201,-39.92250743010883],[-72.01310886571002,-39.92254436808487],[-72.01299728071515,-39.92272145726345],[-72.01281481994535,-39.92273674889393],[-72.01224329650499,-39.92244206340424],[-72.01200169490681,-39.92202590937944],[-72.01209813811357,-39.92189842123966],[-72.01205060015572,-39.9217972139766],[-72.01170262990247,-39.92143830460332],[-72.01152321425828,-39.92138368594283],[-72.01122228320294,-39.921435911456804],[-72.01090149551655,-39.92134765019663],[-72.0101804423141,-39.92088820399225],[-72.009436873757,-39.92088616181521],[-72.00943763650876,-39.92128344470059],[-72.00983829798645,-39.92156353680313],[-72.01018197657994,-39.92168276940925],[-72.01078747554982,-39.92229169549372],[-72.01132137342907,-39.922952805806666],[-72.01136660169594,-39.9232250426003],[-72.01171275275435,-39.92359316023363],[-72.01194008280862,-39.92403894107063],[-72.0120663176672,-39.924122181886524],[-72.01251208336939,-39.92417367055702],[-72.01262857536858,-39.92433164540217],[-72.01302286256295,-39.92452177829229],[-72.01315015571645,-39.924730021705614],[-72.0131656734524,-39.924970376617054],[-72.01304350207886,-39.925092203156666],[-72.01287509231423,-39.92508286179746],[-72.01263580593478,-39.92491172265602],[-72.01248151677804,-39.92457780605696],[-72.01216093007305,-39.92448455427104],[-72.01207220777252,-39.92488219065532],[-72.0119174218137,-39.924858202115296],[-72.01186622132249,-39.92469191257308],[-72.01152918704564,-39.924678219721294],[-72.01152353722458,-39.92480804947478],[-72.01179071843275,-39.92493491889577],[-72.01180669881275,-39.92501531601978],[-72.0117070240478,-39.92506773459028],[-72.01093707577898,-39.92455796364045],[-72.01073732663862,-39.9245228152893],[-72.01055569473786,-39.92466810015972],[-72.01055671051377,-39.92494307449727],[-72.01096458355805,-39.925268539487185],[-72.01057301749205,-39.92546339718151],[-72.01014844163879,-39.92537245539524],[-72.00958871782974,-39.92540299991554],[-72.00895711621394,-39.92499676813363],[-72.00882762131985,-39.92498842561163],[-72.00869743430202,-39.925145033894076],[-72.00846982475352,-39.92500418207898],[-72.00823786533196,-39.92496319858617],[-72.00794035616832,-39.92508549046387],[-72.0077963254142,-39.925261736371375],[-72.00778331246396,-39.925411371889204],[-72.00795964785604,-39.92568587524305],[-72.00785648814868,-39.925818185302326],[-72.00759819064686,-39.92563654672232],[-72.00728278653335,-39.92557340962844],[-72.0071137240148,-39.92557904016852],[-72.00700429485754,-39.925706188429174],[-72.00723508186665,-39.92607208260003],[-72.00715764543972,-39.926210055588044],[-72.00725445309988,-39.926372526227055],[-72.0070935721025,-39.92648834723986],[-72.00708704298948,-39.92663815014706],[-72.00729846235157,-39.926852572422554],[-72.00730460109145,-39.92715867303911],[-72.00760486473104,-39.9272714095817],[-72.00764395504257,-39.92741739184211],[-72.0071074149977,-39.92721356752088],[-72.00653462026496,-39.92679884372865],[-72.00613925120072,-39.926633656114866],[-72.00584630350869,-39.92665108025012],[-72.00542567706117,-39.927065127385774],[-72.00592947165994,-39.92757305527721],[-72.00647031956169,-39.9278269868843],[-72.00649082078507,-39.92795249293827],[-72.00607202301771,-39.92802665409431],[-72.00600019683682,-39.9281847674187],[-72.00581079920315,-39.92820986662295],[-72.00560511641574,-39.92845950185091],[-72.00509359953371,-39.92842628269293],[-72.00500470869927,-39.9285289646424],[-72.0050397038545,-39.9286198522834],[-72.0053211651446,-39.9287171115149],[-72.00595299461058,-39.92911836995544],[-72.00646991477052,-39.92917672024849],[-72.00660154922672,-39.92928510179489],[-72.00689211373631,-39.9293226038603],[-72.00704359870234,-39.92957147122249],[-72.00802299144334,-39.9295967706738],[-72.00860121625631,-39.930036622781095],[-72.00874901070328,-39.93037037655494],[-72.00959998536749,-39.93125718281082],[-72.00918965317967,-39.93113661056282],[-72.00761934122771,-39.93111105522232],[-72.00734674708002,-39.93095904098869],[-72.00661877207436,-39.93097522582847],[-72.00557323990448,-39.93082822747921],[-72.00422603248956,-39.93089837578275],[-72.00425006634664,-39.930794017303235],[-72.00490042318415,-39.93077084154838],[-72.00491666287577,-39.93069627569197],[-72.0046955299666,-39.930555583874806],[-72.00502784685521,-39.93052918259742],[-72.00526679217147,-39.93041038372031],[-72.00471334376564,-39.930296093949686],[-72.00431021648426,-39.93001072221499],[-72.00375999061698,-39.92997149698227],[-72.00361647708047,-39.92983780974382],[-72.00374155739256,-39.929501109682676],[-72.00359695525718,-39.929392389508905],[-72.00266945735781,-39.929368395329725],[-72.00202641715386,-39.929521723246154],[-72.00198096017432,-39.92967051824497],[-72.00215422937781,-39.93001493747524],[-72.00274369981345,-39.930345130471025],[-72.00280022422997,-39.930686528125015],[-72.00307258862951,-39.9308435460668],[-72.003154022419,-39.93106061179512],[-72.00360042620824,-39.931247125998574],[-72.00340404528674,-39.931432010017126],[-72.00352483388659,-39.93164009540992],[-72.00346771361588,-39.93175859500155],[-72.00285261233985,-39.9317176871396],[-72.00272305236363,-39.93185930735191],[-72.00286820527228,-39.93225298850067],[-72.0032977199467,-39.93252904978714],[-72.00295285633914,-39.93254512327048],[-72.00287066097918,-39.93264297760923],[-72.0027082853519,-39.932643775464236],[-72.00273477711801,-39.932929406501515],[-72.00225980355282,-39.932802138118284],[-72.00170055999726,-39.93311760166378],[-72.0016317710444,-39.93320580399275],[-72.00168573048093,-39.933457152847836],[-72.00196873236663,-39.93351946691623],[-72.00208919418779,-39.93343760071113],[-72.0021403207685,-39.933753863631786],[-72.00181834349024,-39.93384051254822],[-72.00171837419231,-39.93404788495789],[-72.00138969050379,-39.93413935811853],[-72.00142468319994,-39.934230246704985],[-72.00163655505109,-39.934285721322176],[-72.00164750880043,-39.93448096754377],[-72.001818880192,-39.93472035814925],[-72.00176088177756,-39.93485883023574],[-72.00155113250482,-39.93490339163587],[-72.0015478609399,-39.93497829260112],[-72.0020146723251,-39.93499537383131],[-72.00221182952998,-39.93509045894773],[-72.00225827043742,-39.935216636857504],[-72.00176276527459,-39.93541044008789],[-72.00190047046826,-39.93567728711006],[-72.00173906557339,-39.93595305600002],[-72.00189877591123,-39.93616215040814],[-72.00160774995884,-39.9361346216712],[-72.0014173994596,-39.93632965616183],[-72.0016877625921,-39.93668158831274],[-72.00189337354051,-39.936731901432],[-72.00194193965848,-39.936958115297855],[-72.00242996926697,-39.93693575180916],[-72.00253610039906,-39.93703347993451],[-72.00255114485914,-39.93728382135607],[-72.00239742561534,-39.937234852220854],[-72.0023021708169,-39.93733418238418]],[[-72.01579384698114,-39.925968412139014],[-72.01556655828276,-39.92605606772049],[-72.01535372170154,-39.92581119707606],[-72.01507024469751,-39.92529145468625],[-72.01507966388728,-39.92507475253139],[-72.0156956197055,-39.92521031520787],[-72.01612157856601,-39.924910831718734],[-72.01617571807958,-39.92523016264138],[-72.01579384698114,-39.925968412139014]],[[-72.01330683453993,-39.92688057194202],[-72.01320415677691,-39.92667220125858],[-72.01332115716849,-39.926439570852274],[-72.01360926171625,-39.92640585348458],[-72.0136577466431,-39.926631528970134],[-72.01354332496781,-39.92691659217195],[-72.01330683453993,-39.92688057194202]],[[-72.01385141025337,-39.924747605276664],[-72.01399961197724,-39.924579365595434],[-72.0144955625687,-39.92456970511926],[-72.01454163318644,-39.924739211661084],[-72.01415743559866,-39.92486022507958],[-72.01385141025337,-39.924747605276664]],[[-72.01420533306354,-39.92912180596791],[-72.01382935358072,-39.929276693595824],[-72.01375495491652,-39.92919996726276],[-72.01385697662593,-39.928641533235705],[-72.01419741995007,-39.92818649545168],[-72.01446301264073,-39.92833547672251],[-72.01447527669173,-39.928500371554094],[-72.01420533306354,-39.92912180596791]],[[-72.04213276044005,-39.93293532241238],[-72.0420684986224,-39.93352467123987],[-72.04152780945974,-39.933443536235764],[-72.04132355098282,-39.93299694765741],[-72.0410138984063,-39.93296659604499],[-72.04095915559101,-39.932658481640665],[-72.0411497035259,-39.93252121194503],[-72.04164019410214,-39.932414044672804],[-72.04194952261936,-39.932451867192704],[-72.04213174613898,-39.932733312698225],[-72.04213276044005,-39.93293532241238]],[[-72.00518469950472,-39.93556727832733],[-72.00486549971788,-39.935738991239496],[-72.00475004801729,-39.93570601181199],[-72.0047565843219,-39.93555620945985],[-72.00519341326033,-39.935367541772514],[-72.00518469950472,-39.93556727832733]],[[-72.0255998744212,-39.9332088119187],[-72.02551381520574,-39.93339656663451],[-72.02534516594241,-39.93339223612498],[-72.02559555515765,-39.933008738469006],[-72.0256989060907,-39.9330213902005],[-72.0255998744212,-39.9332088119187]],[[-72.02408078004414,-39.93229996060687],[-72.02408725944619,-39.93245009894509],[-72.02402239531817,-39.93244843262799],[-72.0237923479984,-39.9323625375664],[-72.02377073177529,-39.93226200095432],[-72.02397181722263,-39.93211719513233],[-72.02408078004414,-39.93229996060687]],[[-72.02696766736287,-39.931914172103106],[-72.02703253116026,-39.931915836754094],[-72.02701566624874,-39.93200538712008],[-72.02655945655252,-39.9320436688563],[-72.02634324089514,-39.93223808150857],[-72.02616205412788,-39.93222343225936],[-72.02620097722377,-39.93192448756103],[-72.02509183115625,-39.93114615003955],[-72.02460537611128,-39.93068374098073],[-72.02448000265294,-39.92998065174467],[-72.02453319048882,-39.92995202348803],[-72.02470571542946,-39.930166415356915],[-72.0247662393339,-39.9305678949791],[-72.02500665820956,-39.93071404319661],[-72.02508881131065,-39.93091611551772],[-72.0255225153868,-39.931397164393765],[-72.02650021564527,-39.931912172574364],[-72.02671858995672,-39.93196776827842],[-72.02696766736287,-39.931914172103106]]],[[[-72.03360361378282,-39.92891987476844],[-72.0332127196667,-39.9289498573685],[-72.03315651534155,-39.929048399431636],[-72.03278983865772,-39.92911899337528],[-72.03262726542303,-39.92927479952439],[-72.03314098031629,-39.92940793477516],[-72.03364002757252,-39.92988062909962],[-72.03413902048264,-39.929753431228455],[-72.03475479676804,-39.92992916485871],[-72.03530050339808,-39.92992313541342],[-72.03513527613082,-39.929538977264734],[-72.03475731777841,-39.92926935171776],[-72.03384056609441,-39.92884595681027],[-72.03360361378282,-39.92891987476844]]],[[[-72.02709437004597,-39.92763822238659],[-72.02690670895592,-39.92777338032699],[-72.02697891957479,-39.927905209285576],[-72.02743207510973,-39.927936834158494],[-72.02766902982815,-39.92786292894068],[-72.02763313432546,-39.92719213272387],[-72.02690584505889,-39.9268935221181],[-72.02678563865597,-39.92727036630348],[-72.0270303748675,-39.92731663972715],[-72.02709437004597,-39.92763822238659]]],[[[-72.01105938340208,-39.92100178964167],[-72.0111838733946,-39.92112497883931],[-72.0114437187194,-39.92112168414211],[-72.01164646754584,-39.921236893518056],[-72.01175283914218,-39.921179648591206],[-72.0116326932873,-39.92095659084992],[-72.01133958645913,-39.920829052362485],[-72.01107756921826,-39.92088228140045],[-72.01105938340208,-39.92100178964167]]],[[[-72.0344091885117,-39.9119186364127],[-72.03421422132276,-39.911923643923664],[-72.0339881422697,-39.912047832650266],[-72.03366434620284,-39.91202954477356],[-72.03360902026725,-39.91210811358351],[-72.03382392374924,-39.91254353684765],[-72.03442226731887,-39.91281880628761],[-72.03483164152912,-39.91265931529804],[-72.03494358454657,-39.91247221500666],[-72.03482423738872,-39.912229204563836],[-72.03483501295922,-39.91197952612267],[-72.03457433802663,-39.91200284890577],[-72.0344091885117,-39.9119186364127]]],[[[-72.03150716589465,-39.912074275935694],[-72.03175705498083,-39.91230063785046],[-72.03220016203466,-39.912261998392545],[-72.03224338337675,-39.91216312388579],[-72.03218457760923,-39.912021643236976],[-72.0318910350534,-39.91190414372164],[-72.03148770036296,-39.91192380474067],[-72.03150716589465,-39.912074275935694]]],[[[-72.03429282551947,-39.91130576957743],[-72.03428635916639,-39.91145557658753],[-72.03437412450941,-39.91152781031538],[-72.03476534970666,-39.911487832927435],[-72.03461140824932,-39.911143955173735],[-72.03435073646176,-39.91116727756973],[-72.03429282551947,-39.91130576957743]]]]}},{"type":"Feature","id":"2020","properties":{"year":2020,"source":"SIG/Delimitacion_glaciar/surface_2020.shp","sourceCrs":"EPSG:32719","geometryAreaKm2":13.792170766425748,"area":13.782,"error":0.3894461308063029},"geometry":{"type":"MultiPolygon","coordinates":[[[[-72.03636159551104,-39.95420763162242],[-72.03684566587863,-39.95442997667756],[-72.037168368834,-39.954478224144204],[-72.03745476703261,-39.95476549701382],[-72.03806214940752,-39.95514096271607],[-72.03898961668439,-39.955324645898635],[-72.03969427118837,-39.95525267427844],[-72.03983271214513,-39.955356193642444],[-72.03980896080321,-39.955605539682935],[-72.04036574680316,-39.9559497060022],[-72.040742954805,-39.95593934754587],[-72.04101499698083,-39.955656351974504],[-72.0409842497989,-39.95546560214702],[-72.04104956744455,-39.95545727264438],[-72.04216746224367,-39.95604571995627],[-72.0424270122082,-39.95605234763481],[-72.04237288959793,-39.95580101251604],[-72.04204624189077,-39.95554271811708],[-72.04086826184842,-39.95514269904163],[-72.04052697419257,-39.955223962605125],[-72.0402972604097,-39.955128109979626],[-72.04009283052379,-39.954897928356864],[-72.03970413529817,-39.95472302590484],[-72.0395925121156,-39.95460019557312],[-72.03958923193807,-39.95437515397712],[-72.03943681094454,-39.954068815021984],[-72.03922364719475,-39.95396588472765],[-72.03926979791076,-39.95379959584253],[-72.0388353458102,-39.9534810476832],[-72.03867612926031,-39.95325701853471],[-72.03859548552411,-39.95271755764583],[-72.03841400395659,-39.95255794669826],[-72.03808635357592,-39.95187219592335],[-72.03759434673805,-39.951232231519356],[-72.03703426979025,-39.95096545348341],[-72.03678552358292,-39.95070913721807],[-72.03633695696313,-39.950567685477765],[-72.0358585564345,-39.95051545166205],[-72.03549222830152,-39.95087600718537],[-72.03508175874552,-39.95105546545764],[-72.03496543062036,-39.95134243322456],[-72.03518821878636,-39.95159808891687],[-72.03545745852091,-39.95243232444505],[-72.03591431380387,-39.95313388644289],[-72.03596718098161,-39.954015073691295],[-72.03636159551104,-39.95420763162242]]],[[[-72.02584629613281,-39.91730622705232],[-72.02559684256705,-39.91706986555075],[-72.02593276569733,-39.91680853940954],[-72.02556917951094,-39.91650925905057],[-72.02527477009,-39.91611177230851],[-72.02411399181025,-39.91563204547683],[-72.02193386913174,-39.91440624300849],[-72.021310493556,-39.91411026951673],[-72.02092487825387,-39.91402036948125],[-72.02061014990845,-39.91409226143136],[-72.0205094025835,-39.91431962783628],[-72.02238991248328,-39.91526780698458],[-72.02292985905734,-39.9156916068712],[-72.02298227199611,-39.91598022297303],[-72.02275100458314,-39.91597314229163],[-72.02237979261956,-39.91577897663842],[-72.02114259950449,-39.91567142883111],[-72.02004252278462,-39.91539697111234],[-72.01955508067549,-39.91545544224906],[-72.01917303018995,-39.91577699234833],[-72.0192909248369,-39.91589364131627],[-72.02015293059233,-39.91627086490755],[-72.01980841942695,-39.91627620534825],[-72.01933593460224,-39.916131498738295],[-72.0187365502422,-39.91634330789406],[-72.01871340712951,-39.916451594072896],[-72.0190790329166,-39.91665036166593],[-72.0195098210733,-39.91722478956857],[-72.01945374085079,-39.917649405713426],[-72.01921009509003,-39.91761473330642],[-72.01903184316842,-39.91718882206492],[-72.01891066345647,-39.917147832102295],[-72.01866050510955,-39.91728150427211],[-72.01851477802232,-39.91706190093649],[-72.01832458237536,-39.917044046513276],[-72.01793852662205,-39.917162941560456],[-72.01796038425545,-39.9169585423949],[-72.01778249201973,-39.916868979232284],[-72.01753718020073,-39.91738231949904],[-72.01774862802195,-39.91746824044601],[-72.01773571208236,-39.917624129517776],[-72.01758565657923,-39.917681808563444],[-72.01730092580965,-39.91758453266743],[-72.01694562204966,-39.91713039001431],[-72.01637475072049,-39.91682691645551],[-72.01562614020989,-39.91693545244316],[-72.01469040702627,-39.91657523147476],[-72.01444371519122,-39.916734563952204],[-72.01447786498913,-39.91693900530938],[-72.0142934629499,-39.91732717384031],[-72.01397430793007,-39.91745623385951],[-72.01416057016931,-39.91755571413312],[-72.01398738667426,-39.917579654522406],[-72.01393926011592,-39.91769676367953],[-72.0137257610585,-39.91765812277008],[-72.01374133241276,-39.91758278041002],[-72.01384573074112,-39.917585471353846],[-72.01372540222563,-39.91738354249142],[-72.01331821497334,-39.917557671332936],[-72.01338103801399,-39.917668172491695],[-72.01315343408638,-39.917529753276156],[-72.01263000378975,-39.91754939527475],[-72.01264878147961,-39.917824450446574],[-72.01241051288352,-39.91778990239238],[-72.01232906243182,-39.91768365433611],[-72.01223773970258,-39.917804382763286],[-72.01192516132255,-39.91778211924165],[-72.01157617878158,-39.917607428430834],[-72.01157000707586,-39.917749288677626],[-72.01146951760374,-39.917656750861866],[-72.01111161029989,-39.917581242050105],[-72.0108968468734,-39.917712986634335],[-72.01016667694316,-39.91767994341626],[-72.01052505699919,-39.917921156668],[-72.0104593242584,-39.918018874068544],[-72.01058966243856,-39.91827313829059],[-72.01097583997199,-39.91872336259102],[-72.01107280036207,-39.919038306863676],[-72.01069304283949,-39.91914685818856],[-72.01095296683008,-39.91939026366699],[-72.01091159229208,-39.91949334373144],[-72.01067390371739,-39.91958662446798],[-72.01087221079352,-39.91983317418997],[-72.01115344252594,-39.92001085328286],[-72.01110754083524,-39.920217964165616],[-72.01146943483829,-39.92037878759687],[-72.01160642633936,-39.92019769616688],[-72.01181811069382,-39.920136880661445],[-72.01233345808457,-39.92019751179015],[-72.01247611873968,-39.92031007230146],[-72.01240894640634,-39.920440891526816],[-72.01200832035136,-39.92046369728492],[-72.01201299158669,-39.92063897502894],[-72.01221830029449,-39.92072474775422],[-72.01252325287369,-39.92106399065827],[-72.0127058489886,-39.921106571012736],[-72.0128370234537,-39.92134191840203],[-72.01317374498518,-39.92151628946074],[-72.01310433848688,-39.92155710584461],[-72.01315059091407,-39.92162457405599],[-72.01349325047251,-39.92180383127627],[-72.01346719076048,-39.92212033616775],[-72.0144572365713,-39.92250563714904],[-72.01460545530176,-39.92249052084195],[-72.01450865503307,-39.92231286901261],[-72.01494858271008,-39.92237627903933],[-72.01514092795566,-39.92230075725955],[-72.0156604449175,-39.9226549880481],[-72.01568416639708,-39.922816554496315],[-72.01590585650142,-39.922950082575326],[-72.01590430993183,-39.92302105246326],[-72.01547170505849,-39.92321346966352],[-72.0151505167007,-39.92310578112541],[-72.0146972732748,-39.9230656985929],[-72.01462645213955,-39.922997597867045],[-72.01443524134265,-39.92301160624546],[-72.01419554058525,-39.92286814322654],[-72.014023782729,-39.92285898238693],[-72.01392533874993,-39.922719159564906],[-72.01369378398672,-39.922812604496634],[-72.01302682383606,-39.92273860230256],[-72.01260263535403,-39.9225430394011],[-72.01238582028388,-39.92238596088947],[-72.01257644162582,-39.92224412323818],[-72.01248640557169,-39.92205244226131],[-72.01212652753351,-39.92198635350536],[-72.01213904618103,-39.92183992300895],[-72.01195054320695,-39.92165043603237],[-72.01164185673036,-39.92153832633758],[-72.01153654203466,-39.92135715979863],[-72.01202681752542,-39.921429794555465],[-72.01140909197122,-39.92092895196033],[-72.01107618814059,-39.920895368300755],[-72.01101637441006,-39.921076290781095],[-72.01124613313972,-39.9212421883081],[-72.01118137215002,-39.92131300392722],[-72.01062215093572,-39.92130487157313],[-72.00961415531711,-39.9211214878197],[-72.0097498133673,-39.92139482610816],[-72.01050336418463,-39.92184506581607],[-72.01092191360281,-39.92225825383442],[-72.01130805048446,-39.9229925147169],[-72.01134789102531,-39.92334859087517],[-72.01152973275607,-39.92358524677218],[-72.01221593661981,-39.92417102362956],[-72.01241329254441,-39.92415717744057],[-72.01275840151878,-39.92442171168],[-72.01320080849447,-39.92442838465998],[-72.01325770090466,-39.924533998975484],[-72.01309654876638,-39.92470500133044],[-72.01321562472958,-39.92507732171258],[-72.0126350390955,-39.924996075952215],[-72.01258655181636,-39.924838604330816],[-72.01243139288702,-39.9247304555788],[-72.01207150102948,-39.92466436616236],[-72.01202518661083,-39.924880934594455],[-72.01181022643702,-39.92487539010252],[-72.01181101839941,-39.92499849394213],[-72.01152132826903,-39.92501469118208],[-72.011506195584,-39.92493855717596],[-72.0113237960766,-39.92489124593721],[-72.01116767485917,-39.924522701947076],[-72.01097141876438,-39.924422958908636],[-72.01079447305698,-39.92447993507141],[-72.01074959561933,-39.92466340219523],[-72.01068859035712,-39.92465236009602],[-72.01068931353774,-39.92505950074124],[-72.01091755369107,-39.92518373938563],[-72.01113389026273,-39.92544022181985],[-72.0110308882233,-39.92554644578173],[-72.01070046754315,-39.9255095163061],[-72.01065418165938,-39.925584065565985],[-72.0101980008325,-39.92536399837151],[-72.00955390489914,-39.92547045707085],[-72.00948394636586,-39.92524142034823],[-72.00926552101096,-39.92517423998412],[-72.00917446132094,-39.92500620000838],[-72.00857017721285,-39.92476336691786],[-72.00838139464072,-39.92486263945829],[-72.0080620264095,-39.924854391750856],[-72.00825189160082,-39.92529482079948],[-72.00817629799874,-39.92547749357781],[-72.00827473356702,-39.925617320944646],[-72.00808697828067,-39.92569294962177],[-72.00804490116117,-39.925900157770066],[-72.00777408104122,-39.92595943867703],[-72.0074157639329,-39.92575135622201],[-72.00743926044534,-39.925917652258114],[-72.00732133004456,-39.925943009659264],[-72.00754091190204,-39.926265858133966],[-72.00744606541646,-39.92646696894513],[-72.00728534728087,-39.9264864870221],[-72.00727788758262,-39.926798736522954],[-72.00754565687542,-39.92686246131786],[-72.00759722457072,-39.926949004877216],[-72.00743465064335,-39.927011080967176],[-72.00737319126036,-39.92715151249964],[-72.00722599184067,-39.92714297586427],[-72.00705282337414,-39.92702488675391],[-72.00683785747194,-39.927019332797656],[-72.00672227605986,-39.926708638217264],[-72.00611205114525,-39.9264609047844],[-72.00598632818543,-39.92652393119387],[-72.00595676924168,-39.92677880173018],[-72.0057080021541,-39.92684338166038],[-72.00574398465794,-39.92700526673165],[-72.00563095651718,-39.92705915291305],[-72.00604311390164,-39.92761894624775],[-72.00645350758975,-39.92793726003024],[-72.0064364821722,-39.92804570142085],[-72.00592747979115,-39.92815563040867],[-72.00582208340609,-39.928351733119555],[-72.00566369870897,-39.92842338287041],[-72.00516324749297,-39.9284112114644],[-72.00502029132338,-39.92856248621241],[-72.00539185760353,-39.92872063505373],[-72.00555078415287,-39.92896450192719],[-72.00613575440539,-39.92930190012464],[-72.00690446206863,-39.929582132310216],[-72.00802125735181,-39.92977667080264],[-72.00875522215863,-39.930254820296184],[-72.00871342477593,-39.930367356348576],[-72.00908744317766,-39.9305332346077],[-72.009064690762,-39.93063206058264],[-72.00977398686564,-39.931189930424736],[-72.00981612706192,-39.93130948138901],[-72.00967749565696,-39.931386380432585],[-72.00953478129287,-39.93141583418762],[-72.00934440733194,-39.931268900423945],[-72.0084443778199,-39.93117938582673],[-72.00804026463915,-39.93099852629319],[-72.00772268243657,-39.931089736849884],[-72.0076300687611,-39.93100970051148],[-72.00775631911071,-39.93088231098357],[-72.00730059853362,-39.93075692351058],[-72.00723679567369,-39.930845220648926],[-72.00700973946977,-39.930834620564006],[-72.00703814140918,-39.931029447143295],[-72.00663481517486,-39.93097168629095],[-72.00645797036196,-39.93079669361725],[-72.00560841912979,-39.93071319542031],[-72.0053741903841,-39.930726076574366],[-72.00526647286131,-39.930799035461106],[-72.00529920110787,-39.93089456091041],[-72.00508236704792,-39.9309315609825],[-72.0048696584063,-39.93087398793797],[-72.00478866461924,-39.930616259513044],[-72.00495170799054,-39.93040271242924],[-72.00475231684592,-39.93032181365325],[-72.00473904749006,-39.9302031213411],[-72.00565941280148,-39.930671907800885],[-72.00593869881648,-39.93061285091819],[-72.00620063214434,-39.93038765596039],[-72.00562475563237,-39.9301976150355],[-72.00482027177209,-39.929750760424575],[-72.00470744458933,-39.929799916852794],[-72.00456988915745,-39.92971114866261],[-72.00445371410486,-39.92997798083977],[-72.00406350630234,-39.92990161444704],[-72.0039693110884,-39.92994651803205],[-72.00396713728493,-39.92971449735736],[-72.0038033156048,-39.92980493974861],[-72.00358286734381,-39.929643016898794],[-72.00366725442309,-39.929541052315614],[-72.00363157328962,-39.929407578294956],[-72.00332394122937,-39.929446960514625],[-72.00240717155764,-39.92931909445674],[-72.00164440728516,-39.92936089617665],[-72.00156822457754,-39.92941573194258],[-72.00177803485612,-39.9295395115164],[-72.0021109193692,-39.9301540743796],[-72.00296622779827,-39.93042237184224],[-72.00267940397747,-39.93037234524786],[-72.00256858778019,-39.93051623092792],[-72.00305624632243,-39.930614059406615],[-72.00314667811847,-39.93079628965865],[-72.00338008171063,-39.93080232755114],[-72.00359950117813,-39.93098789402682],[-72.00416356925061,-39.93158949484422],[-72.00419562952736,-39.93184122423595],[-72.00413865027444,-39.932019641440505],[-72.00354429072802,-39.93197113110653],[-72.00273092461353,-39.931727592774685],[-72.00253824303987,-39.93177468086806],[-72.00307087038985,-39.93211037126673],[-72.00290151864452,-39.93218646730994],[-72.0029837955852,-39.93227380736251],[-72.00356148934334,-39.9325633218125],[-72.00312471267434,-39.93270824394589],[-72.00265856535613,-39.93310330463561],[-72.00228160655038,-39.93370896586025],[-72.00198299921576,-39.93392846845977],[-72.00207343192842,-39.934110699516204],[-72.00175665422681,-39.93418297835923],[-72.00190856451458,-39.93422478178557],[-72.00192358232967,-39.93458495173968],[-72.00209082371781,-39.934698161182006],[-72.00181760762096,-39.93489938453167],[-72.00186013951928,-39.9350519721773],[-72.00203786111618,-39.93506603970598],[-72.00241431285738,-39.93531721389522],[-72.00204508484413,-39.93546387961191],[-72.00211683789423,-39.93564851838884],[-72.00186582087935,-39.9358944735694],[-72.00189182034224,-39.93604261824179],[-72.00221647854627,-39.93604352189064],[-72.0022540346732,-39.936224459338966],[-72.00197126287071,-39.93630934849801],[-72.00173314394442,-39.9362700477709],[-72.00153920953652,-39.936345505371925],[-72.00150802911152,-39.936496185077125],[-72.00157843672638,-39.93657375095729],[-72.00200470894134,-39.936669995296036],[-72.00200563572558,-39.93693038723613],[-72.00222899245857,-39.93690417379762],[-72.00254360221007,-39.937140528588294],[-72.00258843421898,-39.93763189365429],[-72.00244957553538,-39.93771351181703],[-72.00222311752809,-39.93768871568589],[-72.00225696685403,-39.937793738840575],[-72.00306962669539,-39.93791417979263],[-72.00321457738637,-39.937974737378454],[-72.00323620798284,-39.93818359134103],[-72.00307231357934,-39.938416049364456],[-72.00234709350663,-39.93826473343746],[-72.00200206064885,-39.93827947397242],[-72.00143168001398,-39.938842253834274],[-72.00123753126712,-39.93892243923295],[-72.00110486634235,-39.93886219723665],[-72.00084372506291,-39.93850512319873],[-72.00084749961201,-39.93827799079904],[-72.00109048644418,-39.93792450064797],[-72.00051161472827,-39.93794265062458],[-71.99996726914502,-39.93815578425993],[-72.0000470689036,-39.93829986974528],[-71.99962826354849,-39.93845471141085],[-71.99990395743419,-39.93876009146708],[-71.99988098175048,-39.93886364353239],[-72.00012463119678,-39.93891729325707],[-72.00017026118502,-39.93899895226463],[-72.00007572965255,-39.9393326153027],[-71.9999637098926,-39.93936285189978],[-72.00053693920057,-39.94017773564757],[-72.00148241093576,-39.93951105554367],[-72.00178341645534,-39.93951884688316],[-72.00196610659626,-39.93941942817514],[-72.00246838417475,-39.93946556450157],[-72.00199300366357,-39.93922603189486],[-72.00274101074052,-39.939524692555636],[-72.00293689622171,-39.9398965266885],[-72.00280351007832,-39.940111685532464],[-72.00296890226444,-39.940488393379454],[-72.00297517172982,-39.94079099755401],[-72.00276567507153,-39.941870368774914],[-72.00261741880317,-39.94207309949508],[-72.00267659934867,-39.94241658586031],[-72.00218874263842,-39.94273776963384],[-72.00183417715385,-39.94282607415881],[-72.00141855621365,-39.94282531390618],[-72.00121556739853,-39.94293753639796],[-72.00063999604593,-39.943030113576384],[-72.00001101458524,-39.94337875500588],[-71.99976889636014,-39.94371741763613],[-71.99990124880324,-39.94395829986424],[-71.99963830268265,-39.944415024857626],[-71.9997756729373,-39.94450852816968],[-71.99971521389617,-39.944625311101284],[-71.99991484581108,-39.944701491096595],[-72.00000466519205,-39.9448979096056],[-71.99991098588116,-39.94499835151312],[-71.99967073177595,-39.94499712768527],[-71.9997436071926,-39.94526146465077],[-71.99996624146874,-39.945517182792244],[-72.00002413395922,-39.946341506688995],[-72.00019857599207,-39.94651675819275],[-72.0001996062882,-39.94664176074451],[-71.99993618874014,-39.94694737813527],[-72.0000930313012,-39.94707391662965],[-72.00010022155696,-39.947206577259],[-71.99995312664691,-39.9473027482599],[-72.00046540432972,-39.947395999738426],[-72.00041701331155,-39.94753721908818],[-72.00020487423659,-39.94770005070219],[-72.00056738286293,-39.94870338841208],[-72.00041068026408,-39.949019268629876],[-72.0008967333639,-39.94874690972654],[-72.00103102338106,-39.94849793548791],[-72.00144510891238,-39.94808873692115],[-72.00140224177545,-39.947657710192665],[-72.00176883329522,-39.94729477166485],[-72.00205820018023,-39.946692379006706],[-72.00304792013247,-39.946040620997586],[-72.00326740727873,-39.94607129480501],[-72.00360187470461,-39.94659234878088],[-72.00356941103882,-39.94696393727475],[-72.00443732962921,-39.94712239541148],[-72.00475263446593,-39.9476819075175],[-72.00472890117058,-39.94815120333594],[-72.00522939894854,-39.94858906281041],[-72.00527596204688,-39.948712743096316],[-72.0050930858969,-39.9491079377934],[-72.00526786394039,-39.949642354648255],[-72.00602233806583,-39.950214252393486],[-72.00664341814642,-39.9503452823321],[-72.00752297819572,-39.95035801116155],[-72.0074232394004,-39.95048540934492],[-72.00786468394841,-39.95071427184668],[-72.00739331478839,-39.95109701835277],[-72.00696455913194,-39.95195452276152],[-72.00676705863535,-39.95208939216145],[-72.00650436138352,-39.952527517478686],[-72.00648627716932,-39.9529419700885],[-72.00636279443881,-39.953241220327165],[-72.00649636103047,-39.95352961739018],[-72.00671791974752,-39.95358783313156],[-72.00656125652652,-39.9538287371732],[-72.00662506309257,-39.95415282394891],[-72.00753589268622,-39.95426884155871],[-72.0076165157559,-39.954430893627276],[-72.00823121289173,-39.954709222081014],[-72.00838867710127,-39.954673296937656],[-72.00850285700159,-39.954363806179344],[-72.00865870912034,-39.954290346244846],[-72.00928702113123,-39.95500143743072],[-72.00938824850095,-39.95536148226759],[-72.00925371055362,-39.955393001702284],[-72.0090913908956,-39.955763738057904],[-72.009161654716,-39.9558655331426],[-72.009012701811,-39.956004159334334],[-72.00896385305367,-39.95626784679345],[-72.00907666373315,-39.956585699168045],[-72.00931811461038,-39.95670941116703],[-72.00909591292937,-39.95696362341393],[-72.00914085492323,-39.957124753055666],[-72.00952599257762,-39.95700722211252],[-72.01006735306858,-39.956658768031275],[-72.01020279125757,-39.956904717436295],[-72.0106547510235,-39.95681890177323],[-72.010788935641,-39.95731726950839],[-72.01123955364845,-39.957411382284484],[-72.01144938650054,-39.95729182071782],[-72.01142274643293,-39.957008687741556],[-72.0110415476,-39.956961358468405],[-72.01104891044386,-39.95671784541599],[-72.01121361226403,-39.95651588524675],[-72.01087445296581,-39.95617469704286],[-72.01076562059316,-39.95591443792487],[-72.01087321453313,-39.95553228876068],[-72.01107069842816,-39.95547239756263],[-72.01124954849445,-39.95554200019208],[-72.01145589011563,-39.955949746954786],[-72.01162966723047,-39.955986724370064],[-72.01187615507367,-39.95617789730512],[-72.01215486024186,-39.95623272871038],[-72.01251390742048,-39.956191999750295],[-72.01280900792564,-39.95582968198582],[-72.01324620050121,-39.955486024672815],[-72.01335120467414,-39.95501382352023],[-72.01320896061628,-39.95470021512163],[-72.01327754098642,-39.95461699987566],[-72.01436853193627,-39.954325188432634],[-72.01502528404644,-39.954507083756056],[-72.01573030399723,-39.95421397300005],[-72.01678621045971,-39.9543253327148],[-72.01731057275632,-39.954086358733065],[-72.01768996590742,-39.953736918643415],[-72.0184837892861,-39.953763094974356],[-72.01951831858986,-39.95339725077791],[-72.0199512803477,-39.95337188460736],[-72.0207003397711,-39.95352557174664],[-72.02087946408587,-39.95368166593297],[-72.02114999095946,-39.95374753519967],[-72.02178573190862,-39.95371338766441],[-72.02211958635964,-39.95408385689882],[-72.02222259298452,-39.95448205440592],[-72.02217705086008,-39.95477544154923],[-72.02165634853827,-39.954930372419575],[-72.02137093164333,-39.954451740263735],[-72.02107310724675,-39.95425893032056],[-72.02081894910768,-39.95431972098638],[-72.0203517386126,-39.95475374784507],[-72.02053594674835,-39.95504462838159],[-72.02019500192662,-39.956096265905586],[-72.02064922385318,-39.95656740816402],[-72.02061653786858,-39.957091774510545],[-72.0209999092346,-39.95758134377253],[-72.02129696132513,-39.95829592223969],[-72.02183987742931,-39.95838562671874],[-72.02210643400133,-39.95829148900876],[-72.02207478190753,-39.958012949254865],[-72.02223029672072,-39.9577055577726],[-72.02241965282424,-39.95762626639743],[-72.02242476169164,-39.95750857458074],[-72.02223287567378,-39.957394234323864],[-72.02272028262342,-39.957187949608105],[-72.02278908735086,-39.95736645294294],[-72.02301522679556,-39.95719553070474],[-72.02323260958643,-39.95722636554402],[-72.02340883068943,-39.95744970881996],[-72.02355339491508,-39.957394512277105],[-72.0235060711004,-39.9572249773352],[-72.02393503794346,-39.95691619432498],[-72.02386513637367,-39.95676291127822],[-72.02341981420952,-39.956692556363734],[-72.02329456561598,-39.95655468251069],[-72.02362483182876,-39.95650425818841],[-72.02397440978379,-39.956260762425245],[-72.02437858756932,-39.956271146573975],[-72.02452240360765,-39.9564852397483],[-72.02434286632628,-39.95684251301159],[-72.02437708014504,-39.957062206494214],[-72.02463778638234,-39.95722880676848],[-72.02482127503465,-39.957788972336104],[-72.02497094348652,-39.95761608192944],[-72.02505435236772,-39.95720584307245],[-72.02530670184929,-39.95706083730098],[-72.02515198514436,-39.95634150845948],[-72.02518404700363,-39.9559804462984],[-72.02495721561074,-39.95566323034837],[-72.02502263692325,-39.95515548300227],[-72.02518628632359,-39.95492009468725],[-72.02585209278419,-39.954507979434716],[-72.02612736590932,-39.954464551681724],[-72.02639680844683,-39.95455562875243],[-72.02697517870278,-39.95431563009906],[-72.02714908233595,-39.95410364594521],[-72.02711668195626,-39.95384191991549],[-72.02733951585418,-39.95399912610444],[-72.02774677744114,-39.953938041900415],[-72.02809540943359,-39.954725462970494],[-72.02858186970039,-39.955108245318925],[-72.02834336903838,-39.95556500387598],[-72.02826435070769,-39.956126845156824],[-72.02831241248404,-39.95653204378854],[-72.02883420671326,-39.956856820034716],[-72.02897548935196,-39.95712975447203],[-72.02948928211622,-39.95763947345388],[-72.03081638284667,-39.9582457856803],[-72.03122858814142,-39.958323679396436],[-72.03138624641716,-39.957965834396795],[-72.03182357295012,-39.957968626270905],[-72.03232532738797,-39.95749335797114],[-72.0328805885437,-39.956792227311304],[-72.03314087965724,-39.95583106000499],[-72.03282091969604,-39.955728865782504],[-72.03280758481134,-39.955428895101875],[-72.03296286147544,-39.95514292753711],[-72.03309302694717,-39.954536376940915],[-72.03305191673722,-39.95428537110168],[-72.03273602655648,-39.95380867164506],[-72.03275619836025,-39.95355200319513],[-72.03183058325037,-39.953105072375585],[-72.03075465908958,-39.95209214158254],[-72.03062753014574,-39.95221862408249],[-72.03060375626131,-39.952767910720006],[-72.03055055250168,-39.95279654111306],[-72.0305029682516,-39.95269534011245],[-72.03040260454951,-39.95231283886882],[-72.0302953406669,-39.952690017028495],[-72.02998563505909,-39.95294202705755],[-72.0297866650878,-39.95333684939403],[-72.02971962383232,-39.953685064018245],[-72.0294847422971,-39.95370903487429],[-72.02928576110894,-39.95350396954],[-72.02909327061461,-39.95344904196126],[-72.02881426679659,-39.95299197061813],[-72.02834355207007,-39.95261811068693],[-72.02831825897266,-39.95232632241155],[-72.02811536306372,-39.95208757412782],[-72.02838543702686,-39.95191145619759],[-72.0284922100669,-39.951718524480455],[-72.028509413643,-39.95132131198912],[-72.02839526880423,-39.95092704180849],[-72.02769729434515,-39.95094700516303],[-72.02878275494483,-39.95012273830809],[-72.02899602243942,-39.95012189671807],[-72.02929940553581,-39.95031272496497],[-72.03022852065668,-39.95002095163765],[-72.03104225173648,-39.94959997392816],[-72.03191088212708,-39.949615923089226],[-72.03237033856855,-39.94994329387525],[-72.0329642723454,-39.950053188606425],[-72.03335392259292,-39.94976650619144],[-72.03363327131264,-39.94975472451661],[-72.03381787337578,-39.94984781949655],[-72.03421557076462,-39.94951715637455],[-72.03473385071658,-39.949479929543],[-72.03499734063196,-39.94926575541191],[-72.03518926124771,-39.94880989378946],[-72.03539378849332,-39.94882144058438],[-72.03597135559117,-39.94912026018834],[-72.0370994941746,-39.94856289771151],[-72.03872247736635,-39.94803553365314],[-72.0390430505626,-39.94801848072728],[-72.03916215854107,-39.94749131906241],[-72.03953599184597,-39.94757030580904],[-72.03956679251972,-39.947236558063906],[-72.03977648422402,-39.947128301425366],[-72.04028386660087,-39.947343250202046],[-72.04015629953778,-39.94706857545205],[-72.04025732081907,-39.94700803693311],[-72.04061534747433,-39.94726335176765],[-72.04084471905772,-39.94726921162819],[-72.04104155975308,-39.94707856861338],[-72.0412198768261,-39.94712730741119],[-72.04135118162455,-39.94693498983669],[-72.04169880852876,-39.94705117211393],[-72.0418839966551,-39.947321004758095],[-72.04216034562782,-39.947378557546834],[-72.04409239527969,-39.94740894054764],[-72.04406094199302,-39.94718721844523],[-72.04418540525597,-39.94696316305497],[-72.04475829061148,-39.94699040422417],[-72.04473968892387,-39.946851065963116],[-72.04456489989943,-39.94672036677845],[-72.0445948609065,-39.946405531920135],[-72.04425623824544,-39.9462706521295],[-72.04370028597458,-39.946231216727625],[-72.04355989725788,-39.946063522086526],[-72.04381927287955,-39.94594390207891],[-72.0432113733932,-39.94558753937426],[-72.04287267597704,-39.945073934579824],[-72.04228579184924,-39.9446107998509],[-72.04223660342535,-39.944420184333865],[-72.04252655353478,-39.944126190135364],[-72.04258696278941,-39.943152530720845],[-72.04292336840705,-39.94291021744333],[-72.04397329730519,-39.94295121703528],[-72.04389418025302,-39.942646222615686],[-72.04411144261317,-39.942599692906285],[-72.04497716925295,-39.94306204207203],[-72.04515590676816,-39.942910379809135],[-72.04552766407826,-39.942810980362495],[-72.045903269644,-39.94294364347882],[-72.04640541067553,-39.94299431995341],[-72.04647498618564,-39.9428067342323],[-72.04671936523853,-39.94270171608601],[-72.04722262431652,-39.942726380538886],[-72.04744456408916,-39.94257108191495],[-72.04674203792797,-39.94196854992875],[-72.04713169677534,-39.941980825690116],[-72.04734850797863,-39.94180172650701],[-72.04731632648854,-39.94169202434937],[-72.04674653823541,-39.94135558766792],[-72.04685154684425,-39.94120204295505],[-72.0472668953022,-39.94141145869176],[-72.04748785410398,-39.941421824717594],[-72.04750193099356,-39.94123755771957],[-72.04724041041294,-39.94116934987162],[-72.04687762966024,-39.940738776447915],[-72.04668531602238,-39.94063445970175],[-72.04621923774339,-39.94060364015837],[-72.0458809109407,-39.9404624608335],[-72.0456779413855,-39.940319998760536],[-72.0456406005716,-39.940044474783015],[-72.04587529246564,-39.9397356494761],[-72.04614443754684,-39.93962652997535],[-72.04666164758616,-39.93871363865496],[-72.04695133617793,-39.938471069988296],[-72.04702694861801,-39.938223043622486],[-72.04752787147618,-39.93790087362689],[-72.04754707103362,-39.93700152884235],[-72.0474884298812,-39.936855060962095],[-72.04729291859601,-39.936720101679335],[-72.04664611541925,-39.93650864941616],[-72.04619650202558,-39.93624223283949],[-72.0460659045,-39.93625889904203],[-72.04585599988181,-39.93645850856009],[-72.04573506500442,-39.93681859826217],[-72.04565101276879,-39.93680195377301],[-72.04494861874163,-39.937404191676535],[-72.04442141563426,-39.93729187654],[-72.04373277829004,-39.93679088858137],[-72.04353204175139,-39.936061464468864],[-72.04388442682566,-39.936018383373266],[-72.04420307743614,-39.936187470234465],[-72.04437504404486,-39.936049838091584],[-72.04415776839414,-39.93595434836586],[-72.0442568343719,-39.93579592024997],[-72.04416319693249,-39.93554262927501],[-72.04456105735,-39.93558591834299],[-72.04466626467804,-39.93542764653365],[-72.04460496885537,-39.93513730900399],[-72.0447095646256,-39.934993223524515],[-72.04470009326008,-39.9347846860578],[-72.044617519408,-39.93456008163889],[-72.04437608413052,-39.93445450800159],[-72.04413315512079,-39.93409799394544],[-72.04505383300695,-39.933991625614425],[-72.04548230478375,-39.933692611369864],[-72.04551469838921,-39.93354346516073],[-72.045153439977,-39.932884370780286],[-72.04518798296235,-39.93268528867897],[-72.04510318894188,-39.93254315160942],[-72.04519392230596,-39.93224552115145],[-72.0451091287604,-39.9321033840962],[-72.04518317351959,-39.93184772842974],[-72.04447101211105,-39.931678073526186],[-72.04423002926602,-39.93170506314501],[-72.04412340208349,-39.931896436439324],[-72.04369590279343,-39.93197073965474],[-72.04376465813445,-39.93180207032109],[-72.04371853812123,-39.931587863493974],[-72.04340174215247,-39.93137621680134],[-72.04336347175017,-39.93101545624509],[-72.04319433438465,-39.9309448634067],[-72.04310454278512,-39.93045970380167],[-72.04287211772046,-39.93028808116148],[-72.04210001222916,-39.93022576362932],[-72.04201002533061,-39.929745332235676],[-72.04210762930624,-39.929477986516844],[-72.0430451312712,-39.92898354689525],[-72.0428497355732,-39.92866611542698],[-72.04207500011275,-39.928665272758096],[-72.04142759191434,-39.92856352876708],[-72.04082571222685,-39.928832195927484],[-72.04037792696786,-39.92873554500459],[-72.03947586195724,-39.9288355797859],[-72.03880348020043,-39.92874265090298],[-72.03777502129462,-39.92906430628047],[-72.03757728900679,-39.92937169369549],[-72.03724483259317,-39.92966616728264],[-72.03686831644607,-39.92969914327028],[-72.03685564386001,-39.92985030692188],[-72.03742032786094,-39.929874217154136],[-72.03775031689376,-39.93017142924938],[-72.03856992315163,-39.93027286203877],[-72.0391412204541,-39.93003656323942],[-72.03981070504618,-39.93044659395192],[-72.03988783655534,-39.93068999861341],[-72.03959979418246,-39.93098103157647],[-72.03925031051311,-39.93110457561543],[-72.03894008877668,-39.931032908422125],[-72.03892552907124,-39.930918807296756],[-72.03855474033054,-39.93067062329743],[-72.03814002687396,-39.930687931062245],[-72.03803952720762,-39.93087945526389],[-72.03815870341687,-39.93096771420813],[-72.0378904473478,-39.931377446781134],[-72.0381861148099,-39.932103432386484],[-72.03809629510918,-39.93316269138573],[-72.03798716018197,-39.93325313159333],[-72.0375875785694,-39.933182925127326],[-72.03750818699359,-39.932915943981136],[-72.03690899224605,-39.93250569240855],[-72.03680621722674,-39.932308828674415],[-72.03515080309414,-39.93116771018164],[-72.03464200259135,-39.931281651215336],[-72.0346052733999,-39.931530664629584],[-72.0344210662771,-39.93158593801673],[-72.0342446241677,-39.931461443321886],[-72.03430743007252,-39.931210083766],[-72.0341832790177,-39.93121632096487],[-72.033752268638,-39.93101592600729],[-72.03301398015306,-39.93130946290996],[-72.03277691292459,-39.931672642149024],[-72.03286701760464,-39.93186430960511],[-72.03316801045415,-39.93201403824521],[-72.03305250199321,-39.93230075583425],[-72.03318223103963,-39.93230407831856],[-72.03362155619524,-39.932055377096496],[-72.03372318167135,-39.932107970038516],[-72.03337900897839,-39.93255907122895],[-72.03358356190576,-39.93328392112668],[-72.03357909254869,-39.93367199376331],[-72.03345097749198,-39.93435987533561],[-72.03318440163687,-39.93455187594391],[-72.03269262028347,-39.93511682647812],[-72.03283841121137,-39.93515843272867],[-72.03280443824409,-39.93537532595622],[-72.03256569825298,-39.93549229424954],[-72.03239844768734,-39.93601821629661],[-72.03136972493492,-39.93591611438839],[-72.03134924357975,-39.93582090980434],[-72.03110721258041,-39.93572949533218],[-72.0310871406548,-39.93562483322596],[-72.03134595572301,-39.93561253017217],[-72.03161826600973,-39.93528812925914],[-72.03121405541228,-39.9349653278262],[-72.03102506464646,-39.9349426849594],[-72.03078117680658,-39.93517638918636],[-72.03025662366706,-39.93529291857627],[-72.02981725540175,-39.93524166150101],[-72.02965508286181,-39.93508753132177],[-72.02965334471925,-39.9348275353331],[-72.02937699809401,-39.93431054440326],[-72.0293510257618,-39.933410046454746],[-72.02950452304523,-39.932864085241754],[-72.02918840992281,-39.93266601440953],[-72.02896577055667,-39.932322683499194],[-72.02880991608222,-39.93225888152001],[-72.02759771430097,-39.93258521758227],[-72.02749976878914,-39.93252271559659],[-72.02757392985077,-39.932384644674094],[-72.0279954381143,-39.93224798689559],[-72.02842591919116,-39.93220404045692],[-72.02846494444789,-39.932127555974844],[-72.02710961077355,-39.93201029757613],[-72.02659480730142,-39.932052074818266],[-72.02620540300566,-39.93234702214921],[-72.02624908210686,-39.93208819204691],[-72.02576231135882,-39.93186161361601],[-72.02470712944074,-39.93107984325668],[-72.02425108327178,-39.9305355563735],[-72.02428315421163,-39.92980312773828],[-72.02460982692308,-39.929635846052726],[-72.02466632102309,-39.930034951715896],[-72.02487359687996,-39.93026320969599],[-72.0248741934148,-39.930535975219215],[-72.02500289318499,-39.93078209716589],[-72.0255875237131,-39.93148117023025],[-72.02660864655495,-39.93188246181625],[-72.02759976533531,-39.93193789118339],[-72.02797273180713,-39.93187247438796],[-72.02898428124588,-39.93199439407779],[-72.02960302746966,-39.93190611348027],[-72.02996729695847,-39.93164789072583],[-72.0302775339874,-39.93128170309988],[-72.03030130597993,-39.93103235906575],[-72.03044853328308,-39.93078118064166],[-72.03033868445878,-39.93046842246532],[-72.03038818475132,-39.930224736984634],[-72.03028438430354,-39.92977215984594],[-72.02992566872173,-39.92905809479647],[-72.02957346280205,-39.928794111843594],[-72.0290000849522,-39.92853945309058],[-72.0288076596737,-39.928334555229355],[-72.0284178452951,-39.92818958190651],[-72.02757422868636,-39.928177937403504],[-72.02702248387149,-39.92832374946053],[-72.02649603353083,-39.92833523328709],[-72.0266367828835,-39.92793392141636],[-72.02619413890157,-39.927413681444584],[-72.02609802212824,-39.927180230156004],[-72.0262236351363,-39.92697849289191],[-72.0268497423464,-39.92661463398075],[-72.02704020977843,-39.92596464396895],[-72.02722815490439,-39.925856160847424],[-72.02721402767895,-39.92554918259207],[-72.02730501548655,-39.925330833583416],[-72.02708906578388,-39.924836107959116],[-72.02724809696845,-39.92465714658002],[-72.02749225777598,-39.924521514347504],[-72.02763163651255,-39.92453317722311],[-72.0276984929498,-39.923806939593476],[-72.0280046136663,-39.923784798738566],[-72.02824760340691,-39.923571072941506],[-72.02858697734716,-39.92355533742508],[-72.02881932177253,-39.92377103683273],[-72.02855114593932,-39.92420874198139],[-72.02848500032896,-39.924536984104186],[-72.0285725629556,-39.92476418824849],[-72.02884581825751,-39.92445125608266],[-72.02904858789942,-39.92396654720341],[-72.02930476245056,-39.92374815820855],[-72.02959553561858,-39.923780609380785],[-72.03129622425507,-39.9245415697606],[-72.03157361969568,-39.92488361576428],[-72.03187927113106,-39.92568311000999],[-72.03251291716083,-39.92621118824853],[-72.03265277865637,-39.926655938990294],[-72.03334207540439,-39.927299483337265],[-72.03343963016853,-39.927549054052584],[-72.03373550582906,-39.927614119633915],[-72.03342842614883,-39.92795869116163],[-72.03400318855326,-39.92788092514453],[-72.03445267452189,-39.92792242672415],[-72.03483173688821,-39.927805510364486],[-72.03535822402645,-39.927853121201636],[-72.03559439761725,-39.92764670415789],[-72.03611037359215,-39.92749326130117],[-72.03625575717157,-39.92766862474101],[-72.03642558968934,-39.92772046067616],[-72.03731533999883,-39.927565751296044],[-72.0375343685333,-39.92768133219186],[-72.03812717769777,-39.927814067693774],[-72.03864021334763,-39.92760941947857],[-72.03867452202608,-39.92709902488034],[-72.03941106593547,-39.926594743436794],[-72.03996382150108,-39.926466848198764],[-72.04019273419834,-39.92657684483821],[-72.0404994000062,-39.9264521274456],[-72.04087716023014,-39.92574953800185],[-72.0410164729523,-39.925762969172204],[-72.04152664729139,-39.92556376837613],[-72.04267880124179,-39.92563909330248],[-72.04297728049842,-39.92556150025222],[-72.04299933808888,-39.92533483122446],[-72.0426848449393,-39.92521318753101],[-72.04171849612658,-39.92509383540765],[-72.04186176578013,-39.92490813376542],[-72.04233241534358,-39.92495882632176],[-72.0431022568709,-39.92487349716079],[-72.04319080082585,-39.92447583042367],[-72.04433598955266,-39.92457004106007],[-72.04447043326229,-39.92446349115418],[-72.04456072670864,-39.92417584774685],[-72.04492371406472,-39.924190106331594],[-72.04646745420183,-39.923924528861896],[-72.04713196134547,-39.92372150820845],[-72.04716477476026,-39.923562373783305],[-72.04754283263381,-39.92337704473841],[-72.0485865532025,-39.92326366457887],[-72.04855622302095,-39.92306292835558],[-72.05075771294095,-39.92259908717023],[-72.0518127732919,-39.921616124405304],[-72.05260818343548,-39.92123643554437],[-72.05314470995438,-39.921140103845055],[-72.05322639254318,-39.92105219781496],[-72.05308842493704,-39.920938708431265],[-72.05151496863344,-39.9206887126753],[-72.05107910269915,-39.920557640839895],[-72.04989746492282,-39.920557552191895],[-72.0491416226624,-39.92031834296428],[-72.04880266466036,-39.92034970175865],[-72.04850829398275,-39.92055216453197],[-72.04773304725262,-39.9204624244822],[-72.04717893677888,-39.92052828834288],[-72.04677610812234,-39.92047466588275],[-72.04568252393376,-39.920134339909346],[-72.04529666850627,-39.91968897126413],[-72.04469045063252,-39.91927914617793],[-72.04451100663987,-39.91839063645505],[-72.0445412445417,-39.91829142606291],[-72.04473580048413,-39.918296389015296],[-72.0447785787237,-39.91820749661452],[-72.04438028596616,-39.91780740742762],[-72.04413439797835,-39.9177014925274],[-72.04395785728533,-39.91713632788009],[-72.04415356199742,-39.917160257114],[-72.04433787271411,-39.91744899971442],[-72.04453561303102,-39.91742564017578],[-72.04460061196313,-39.91705804573214],[-72.0448679769282,-39.917131141807204],[-72.04506904831254,-39.91731616262967],[-72.04544532996285,-39.917429907340775],[-72.04566836850015,-39.91710421451768],[-72.04570147496176,-39.91690623039692],[-72.04596835269663,-39.91670473903451],[-72.04689237610015,-39.91666201939466],[-72.04686244083496,-39.91650030005201],[-72.04771968287663,-39.91653132988976],[-72.04790083054755,-39.91640743816479],[-72.04815937385497,-39.91643402208997],[-72.04849015959539,-39.91659242228213],[-72.04857012579694,-39.9165444685123],[-72.04824982330459,-39.91608033271595],[-72.04741407061195,-39.91568117385318],[-72.04661393359498,-39.915130570748474],[-72.04530103878577,-39.91463147564064],[-72.04475643682248,-39.91464758001484],[-72.04487660103472,-39.914570659591675],[-72.04467510073283,-39.91442554531],[-72.04430370698074,-39.91430609113356],[-72.04400239724755,-39.914368391173525],[-72.04347765208712,-39.91400909786594],[-72.04272486420848,-39.914359137977776],[-72.04298515707218,-39.914024933132694],[-72.0429972993854,-39.91345716209898],[-72.04199583199023,-39.91301500510388],[-72.04162168097956,-39.913138004194145],[-72.04134788169453,-39.91350026510068],[-72.04146296080198,-39.91368309605528],[-72.04112727988937,-39.913769203794786],[-72.0413062116919,-39.91389685752471],[-72.04138240929672,-39.914126035685804],[-72.04166163375533,-39.91420890990509],[-72.04185576509056,-39.914554715208844],[-72.04108206560085,-39.91481899840807],[-72.04059100567262,-39.91487273209672],[-72.04034298004473,-39.91520724472809],[-72.04055142635656,-39.91550607777486],[-72.04045159866018,-39.91582544005186],[-72.04021294078848,-39.91594242741864],[-72.04007137405236,-39.916374339104586],[-72.03988861957919,-39.91608562965273],[-72.03966177914994,-39.915928345564915],[-72.03915923026221,-39.91589183343181],[-72.03938185765892,-39.91543359032801],[-72.03901418485323,-39.915263238053726],[-72.03894923074508,-39.914915995697264],[-72.03996520817589,-39.91470052312845],[-72.04014175452573,-39.91417009098018],[-72.04012624305975,-39.9133885837749],[-72.04032024690856,-39.91316630761017],[-72.04073240764683,-39.913090132345985],[-72.04093980189829,-39.913125423974066],[-72.04119894144277,-39.91298706860719],[-72.04126666610108,-39.912318920187346],[-72.04187074134269,-39.91200940423873],[-72.04191502377596,-39.91188555759807],[-72.04155765909907,-39.911591484796666],[-72.04129050244994,-39.91161465725854],[-72.04091790491307,-39.91182510156371],[-72.04072085115872,-39.912180003008885],[-72.04110734648896,-39.91224986331639],[-72.04098438665483,-39.91239169660196],[-72.04077426569411,-39.912296346361885],[-72.0404686286803,-39.912308535854976],[-72.04026324132423,-39.9121033256599],[-72.04009304392055,-39.911684053306864],[-72.03979171258393,-39.911596369265126],[-72.03918262541539,-39.91172077996237],[-72.03919240290143,-39.91194581465893],[-72.0386546519746,-39.91201598967206],[-72.03811405295265,-39.911953337851564],[-72.03796603915055,-39.91180429254981],[-72.03694319461181,-39.91171659612754],[-72.03686769339433,-39.911899291355674],[-72.03716761417894,-39.91221467182232],[-72.03704357601347,-39.91223990378125],[-72.03687612233558,-39.912131473134515],[-72.03663326347272,-39.91216786773165],[-72.03637123086216,-39.911971805173906],[-72.03580402198872,-39.91186734872996],[-72.03592012401774,-39.912168561304426],[-72.03582597309571,-39.91221349258416],[-72.03605095650896,-39.912413342564626],[-72.03602910744428,-39.91277730185759],[-72.03588580922036,-39.912678955751936],[-72.03579226962286,-39.912709700624525],[-72.03551022147697,-39.91310966536361],[-72.03544481700303,-39.91229007718025],[-72.03524937751149,-39.912005127427896],[-72.03513140241583,-39.91233204804832],[-72.03518982345848,-39.91278346064743],[-72.0349302178509,-39.91312048694653],[-72.03377233415613,-39.91325448762482],[-72.03389329670274,-39.9131581704546],[-72.03387485822228,-39.913015678366705],[-72.03313199894801,-39.91270788371385],[-72.03288493940748,-39.912734694817495],[-72.03266478120933,-39.91260123836498],[-72.0319250450227,-39.91279058605002],[-72.0318943292213,-39.9126477791626],[-72.03118712293401,-39.91265332947844],[-72.03095439820554,-39.9127751837578],[-72.03074008528516,-39.91275548945368],[-72.03020689156222,-39.9123441674033],[-72.0294403767185,-39.91228191081835],[-72.0293284486254,-39.911931343726586],[-72.02776363087479,-39.91100333422706],[-72.02728650527474,-39.91080646720716],[-72.02697108237518,-39.91056640778346],[-72.0268595259848,-39.91030317525253],[-72.02655792292836,-39.91006346936619],[-72.0260308651074,-39.909884251761284],[-72.02605031015432,-39.91000310081898],[-72.02580448671733,-39.91000152462297],[-72.02606422939503,-39.910391645864465],[-72.02609636589075,-39.91092741239558],[-72.02586343410806,-39.91105398509846],[-72.0254656248718,-39.91147456615214],[-72.02531415586607,-39.91156535717592],[-72.02504826908547,-39.91145911627784],[-72.02469702664669,-39.9114785007071],[-72.02442418470613,-39.911248995900735],[-72.02420004832337,-39.91145626900441],[-72.02406475453576,-39.91131550808385],[-72.02366152509822,-39.911257810112716],[-72.02349878197455,-39.91175069862856],[-72.023348948865,-39.91180365711402],[-72.02321118607595,-39.91200367933989],[-72.02324720459177,-39.91216556056188],[-72.02353334631493,-39.91251375964258],[-72.02380005390224,-39.91260108914003],[-72.02393923699003,-39.912794024208004],[-72.02397422457423,-39.913263588321456],[-72.02445677437274,-39.91372571199829],[-72.02474375050251,-39.91391297379511],[-72.02496911758655,-39.913961367053695],[-72.0251877258824,-39.914307827957046],[-72.02534369361103,-39.91510714354833],[-72.02547960979679,-39.915375736821915],[-72.0261903218881,-39.915857913103416],[-72.0262609432318,-39.916214775338375],[-72.02640341522277,-39.916332048029155],[-72.02638089861681,-39.91685220938735],[-72.026668711555,-39.917020552038025],[-72.02676410543083,-39.91737331572925],[-72.02584629613281,-39.91730622705232]],[[-72.00527553300746,-39.935587748153814],[-72.00515029416758,-39.93582350526149],[-72.00487448814334,-39.93577484184012],[-72.00485106209544,-39.93566879015203],[-72.00504270751115,-39.9354704102636],[-72.00520979621365,-39.93544632629873],[-72.00527553300746,-39.935587748153814]],[[-72.040136576851,-39.91850891887789],[-72.03976528668605,-39.91898934277423],[-72.03967670324693,-39.91923703350377],[-72.03948908967006,-39.91937221375575],[-72.03968372733793,-39.919427178165364],[-72.03983169462309,-39.919653613430086],[-72.03950989566044,-39.91970219874705],[-72.03909921054709,-39.91953074745031],[-72.0389108402356,-39.9193365730234],[-72.03898326187132,-39.91908278793174],[-72.03888907732964,-39.91898570068007],[-72.03844934734127,-39.91891765279206],[-72.0385627456411,-39.91885427548903],[-72.03836322050103,-39.91806333086038],[-72.03882587921031,-39.918169837084086],[-72.03920087795798,-39.91802793313388],[-72.03924873190475,-39.91777351995073],[-72.03952139200675,-39.91772367960267],[-72.03951557676862,-39.917288002735695],[-72.03969858992882,-39.9173210831943],[-72.04008423460682,-39.917217320341315],[-72.03997730450584,-39.916845336128254],[-72.03981111358765,-39.91699257807478],[-72.03962606333847,-39.91700678578294],[-72.0396092426758,-39.91682646384863],[-72.0398912721319,-39.916559097816354],[-72.0401783040921,-39.916746323248816],[-72.04022423082925,-39.91710728083979],[-72.04040479908257,-39.917197105764686],[-72.04063897929872,-39.91718415177763],[-72.04078229370091,-39.91728249252647],[-72.04099353895376,-39.917231079975906],[-72.04095866826181,-39.91689880905714],[-72.04054642458318,-39.917049235455615],[-72.04032528423988,-39.916759546131736],[-72.04053117248425,-39.916547041414276],[-72.04064572784469,-39.91617124724507],[-72.0405834427665,-39.91590455200251],[-72.04078688311237,-39.915748792300334],[-72.0411029596866,-39.91583260918939],[-72.04088642280907,-39.91600697097022],[-72.04114441005174,-39.91629760028754],[-72.04130244972764,-39.916339508399176],[-72.04136962590174,-39.91649271206176],[-72.04129355020821,-39.916831617626954],[-72.0414004874999,-39.91720360088487],[-72.04128098414223,-39.917408845263765],[-72.0413358787074,-39.917561735287215],[-72.04204181036872,-39.91801528934174],[-72.04229655184449,-39.91838157735298],[-72.04255903274048,-39.91856817020932],[-72.04312451112978,-39.91885717616573],[-72.04341726082619,-39.918911987493594],[-72.04367656161266,-39.919458281079976],[-72.04375487886993,-39.919924211996],[-72.04367141186326,-39.9201493143545],[-72.04328046252621,-39.92037603774022],[-72.04286487708853,-39.92031809071846],[-72.04208957062941,-39.91919054176848],[-72.04163015792966,-39.919008387320446],[-72.04122197651657,-39.91906423963096],[-72.04100292455884,-39.91901130507009],[-72.04076867887181,-39.91874021786897],[-72.04095204394382,-39.91847979716829],[-72.0409973870429,-39.917998086901854],[-72.0407807832336,-39.91788840643565],[-72.0406668628005,-39.917393160190045],[-72.04037086228263,-39.91741400299455],[-72.04009663060913,-39.91778571744114],[-72.03991402354293,-39.917743179968475],[-72.03979981317556,-39.91782547390274],[-72.03988829177409,-39.918054966717236],[-72.04037877821168,-39.918086433700054],[-72.040136576851,-39.91850891887789]],[[-72.01387601112928,-39.92665024675537],[-72.0139325923463,-39.92673165683246],[-72.01373072640004,-39.92697472419384],[-72.01316586577144,-39.9268928342941],[-72.01317226471438,-39.92674571998207],[-72.01304834263469,-39.926704653069415],[-72.0130680119853,-39.92662941657807],[-72.01362745980185,-39.926458688584006],[-72.01376903968051,-39.92647075418598],[-72.01387601112928,-39.92665024675537]],[[-72.01399830446748,-39.927608610487134],[-72.01358918052951,-39.927715887798804],[-72.01347983179467,-39.92759103742661],[-72.01356428404543,-39.92753430286198],[-72.01409950047281,-39.927543891145056],[-72.01399830446748,-39.927608610487134]],[[-72.01422666756369,-39.92776177574885],[-72.01446049124598,-39.9279150812959],[-72.01449539556755,-39.92811796387459],[-72.01461459251802,-39.928142075577966],[-72.01464563687394,-39.92855946561635],[-72.01449381806461,-39.928782784035626],[-72.01436022824332,-39.928838252868715],[-72.01404706648601,-39.92862399045687],[-72.01404656597411,-39.928384122723806],[-72.01421405645542,-39.92805180133058],[-72.01410159883694,-39.92799840706307],[-72.0140648679404,-39.92783755709491],[-72.01420026012345,-39.927866294630604],[-72.01422666756369,-39.92776177574885]],[[-72.01423805855845,-39.929133870708355],[-72.01396774526454,-39.929442501841976],[-72.01381887151761,-39.92947232819159],[-72.0137763399401,-39.92919350522369],[-72.01404393518202,-39.928821684778114],[-72.0143239978267,-39.928917270720994],[-72.01423805855845,-39.929133870708355]],[[-72.01470808664358,-39.924828595859196],[-72.01464511058764,-39.92489430072334],[-72.01469876787658,-39.925042962798045],[-72.01422981363629,-39.92501825337977],[-72.01401822630031,-39.924730865161045],[-72.01403953873424,-39.92461779898389],[-72.01434199295763,-39.9245750984807],[-72.0146595233329,-39.92468848101906],[-72.01470808664358,-39.924828595859196]],[[-72.01631320400253,-39.92496252257715],[-72.0163364443503,-39.925308175726684],[-72.01607453797622,-39.92554970100866],[-72.01589194333218,-39.92597841989346],[-72.01546551910607,-39.92623253773116],[-72.01537962971396,-39.92619666110819],[-72.01550067151207,-39.92605250012948],[-72.01483270165693,-39.92557661977122],[-72.01492242692848,-39.92552422801682],[-72.01473086765094,-39.92515319750191],[-72.01491356194231,-39.92522523288524],[-72.0150387832768,-39.92511063593342],[-72.01521074180931,-39.92517818624778],[-72.01535469433307,-39.925135607245345],[-72.01513309665812,-39.92482692320401],[-72.01458848910978,-39.92453095515787],[-72.01456158061494,-39.92439560629966],[-72.015281980951,-39.924670855827415],[-72.01562642413445,-39.92491958454956],[-72.01576891463638,-39.92491063121855],[-72.01594454637693,-39.924767875930044],[-72.01588215968141,-39.92456849374841],[-72.01631320400253,-39.92496252257715]],[[-72.02489985615853,-39.92583559234979],[-72.02497155384047,-39.92594684129142],[-72.02448403209027,-39.92571971312459],[-72.02432698812133,-39.92555998385431],[-72.02438086292942,-39.925325720329305],[-72.02489985615853,-39.92583559234979]],[[-72.02561633801962,-39.93326846281436],[-72.02542905050795,-39.93355400481205],[-72.02515259088383,-39.93350061782413],[-72.02534370395144,-39.933126806839226],[-72.02559286848933,-39.9329270134332],[-72.02574665354287,-39.93316240111054],[-72.02561633801962,-39.93326846281436]],[[-72.02434171616433,-39.932692898687705],[-72.02334563700313,-39.932595772488405],[-72.02338349956031,-39.9324789218363],[-72.02373438870143,-39.932580513102174],[-72.02363247813004,-39.93240957540144],[-72.02433301491934,-39.931884742161934],[-72.02399101373142,-39.932460866540026],[-72.02422378834885,-39.93251313408966],[-72.0248105421103,-39.932848011898756],[-72.02434171616433,-39.932692898687705]],[[-72.03495440461995,-39.9253443431491],[-72.03511746245911,-39.92536534831399],[-72.03522340060232,-39.92557004327604],[-72.0356165151826,-39.92583258280711],[-72.03572336269055,-39.92601626061482],[-72.03552045340196,-39.926032108486524],[-72.03506929505579,-39.92584803503272],[-72.03496518675281,-39.92572754667299],[-72.03445488538668,-39.92552091716156],[-72.03440428413305,-39.92542704595568],[-72.03460480364835,-39.925213363083905],[-72.03482354447543,-39.92521054599026],[-72.03495440461995,-39.9253443431491]],[[-72.03697448428979,-39.92716759377746],[-72.03672025855438,-39.9272326271437],[-72.03657975972952,-39.927195369275516],[-72.03651404541127,-39.92707165640338],[-72.0366439697013,-39.92697398799838],[-72.03701758006743,-39.92692884025967],[-72.03711951741482,-39.92709976723926],[-72.03697448428979,-39.92716759377746]],[[-72.04142817969984,-39.94511209208994],[-72.0415602992932,-39.94492189898552],[-72.04179756547549,-39.944998091656835],[-72.04148461888572,-39.945155613485646],[-72.04142817969984,-39.94511209208994]],[[-72.03886296187912,-39.91416716220162],[-72.03890492551497,-39.914323206393945],[-72.03882441755994,-39.914383637314266],[-72.0385275297223,-39.91441854107035],[-72.03834381597989,-39.91453882209419],[-72.03799514358005,-39.914494914869536],[-72.03813065242737,-39.9143634038956],[-72.03886296187912,-39.91416716220162]],[[-72.0393996277695,-39.91444332933962],[-72.03938074018735,-39.91458032156752],[-72.03928509629557,-39.91461537059117],[-72.03919483264848,-39.91452557987188],[-72.03921047817896,-39.914388504825226],[-72.03931206856933,-39.91436610553605],[-72.0393996277695,-39.91444332933962]],[[-72.03990299213325,-39.91247905198074],[-72.03989589229087,-39.91264384049524],[-72.03968039314287,-39.91267332806859],[-72.03963779783547,-39.91260725156008],[-72.03973958565605,-39.912504871495244],[-72.03982711303557,-39.912432121514726],[-72.03990299213325,-39.91247905198074]]],[[[-71.99932812807434,-39.93073599124534],[-71.9994300385532,-39.9310785659706],[-71.99933724288296,-39.93171603991415],[-71.9996216419113,-39.932043345136776],[-71.99975636295707,-39.932526742577856],[-71.99998768694188,-39.9325827239554],[-72.00011185850974,-39.93241597214197],[-71.99997102561076,-39.93207239002616],[-71.9996611163764,-39.931734426840755],[-71.99983075025337,-39.93141888145735],[-71.99973145582976,-39.93101638629692],[-72.00019639390055,-39.93077847478235],[-72.00023062872484,-39.93058939760048],[-72.00002831001864,-39.930464181289686],[-71.99970313311454,-39.93047575596378],[-71.99950636848651,-39.930520650108285],[-71.99932812807434,-39.93073599124534]]],[[[-72.03503356582199,-39.929432018480696],[-72.0349319431073,-39.929379426776194],[-72.03491462382458,-39.92917902054793],[-72.03445972951644,-39.9291873729636],[-72.03417258175084,-39.928920070150326],[-72.0338482748541,-39.92891176701904],[-72.03353305714705,-39.92899367903268],[-72.03358972080223,-39.92918509475627],[-72.03393350234856,-39.92934386942977],[-72.03377136248942,-39.9294896901572],[-72.03371777600228,-39.929828254992806],[-72.03407884752235,-39.929887490525104],[-72.03420382689035,-39.930000669808685],[-72.03459472679472,-39.92997068406995],[-72.03480749562317,-39.93015609691833],[-72.03535967237879,-39.930000260619686],[-72.03540462683456,-39.929861436989604],[-72.03512440753516,-39.92973428785507],[-72.03518492209923,-39.92953587365713],[-72.03514988605767,-39.92944499366159],[-72.03503356582199,-39.929432018480696]]],[[[-72.00172582578634,-39.928468518019166],[-72.00146464515034,-39.928501750271415],[-72.00102883784685,-39.92837049185335],[-72.00080276144115,-39.92819467141461],[-71.99966168491815,-39.928155125498535],[-71.99969393492316,-39.92860587487855],[-72.0003670438529,-39.92895324308884],[-72.00038862476994,-39.92905378281482],[-72.00071379492447,-39.92904220595909],[-72.00117097818412,-39.928684112378924],[-72.0017659389073,-39.928739504768764],[-72.00201883549607,-39.928896021261544],[-72.00235436081692,-39.92894469633442],[-72.00235010888622,-39.92874462440326],[-72.00210026424455,-39.92851820094343],[-72.00172582578634,-39.928468518019166]]]]}},{"type":"Feature","id":"2022","properties":{"year":2022,"source":"SIG/Delimitacion_glaciar/Surface_2022.shp","sourceCrs":"EPSG:32719","geometryAreaKm2":12.755291499010044,"area":12.752,"error":0.37387563948457514},"geometry":{"type":"MultiPolygon","coordinates":[[[[-72.03573261211058,-39.950837167610246],[-72.0352788984543,-39.951115501115204],[-72.0352465017756,-39.951564587299195],[-72.0355960992369,-39.952493361896984],[-72.03634971603563,-39.95339248102237],[-72.03640165788904,-39.95369375357373],[-72.03710680286113,-39.9542116991576],[-72.03740402041558,-39.954549239501155],[-72.0378119585118,-39.954729640794255],[-72.03813901703981,-39.95497795935731],[-72.03871217167892,-39.954942623510256],[-72.03914822560772,-39.95507374834442],[-72.03934374683064,-39.9550587499189],[-72.03941251232133,-39.954970524494506],[-72.03938694194765,-39.95465992913213],[-72.03955473593881,-39.9543842704311],[-72.03918654208077,-39.953884951276414],[-72.03861080974774,-39.9539802124072],[-72.03822451610247,-39.95390034860924],[-72.03805232371101,-39.95367598682981],[-72.03814096508711,-39.95342830046052],[-72.03850082754549,-39.953217543182426],[-72.0381442886242,-39.95244856945846],[-72.03755288442771,-39.95170358242868],[-72.03759306806657,-39.95137467207721],[-72.03709776468827,-39.95111205044973],[-72.0367365430379,-39.950752875735084],[-72.03603926751353,-39.95065505058095],[-72.03573261211058,-39.950837167610246]]],[[[-72.04748872155238,-39.93730123616722],[-72.04722571853834,-39.93707457314233],[-72.0472100810754,-39.93683421877795],[-72.04694630621078,-39.93692747647894],[-72.04662238746042,-39.93690922050525],[-72.04683770420992,-39.9367347429609],[-72.04681777158372,-39.936594260621746],[-72.04644668576505,-39.93646482200584],[-72.04622046210201,-39.936289085255176],[-72.04602671448755,-39.93626414855353],[-72.04589705673244,-39.93656078688631],[-72.04589928588554,-39.936810797614775],[-72.04633884391313,-39.937461887949304],[-72.04659746523684,-39.93748847814782],[-72.04674404681494,-39.937402231778776],[-72.04693693865386,-39.937447141808725],[-72.0471225271516,-39.937661834006676],[-72.04711393458797,-39.937861578093525],[-72.04726661676644,-39.937935457072236],[-72.0475230054907,-39.93771203440309],[-72.04748872155238,-39.93730123616722]]],[[[-72.0410746701965,-39.92986892428167],[-72.04116849058047,-39.92980133348592],[-72.04115244410724,-39.92957096604045],[-72.0415446308997,-39.92951099513169],[-72.04226880624203,-39.928979587850144],[-72.04280196456736,-39.92896320436218],[-72.0429113350458,-39.92883602008998],[-72.0428633165795,-39.92874481092994],[-72.04256925415903,-39.92863732268364],[-72.04179134538208,-39.92860746295577],[-72.04003319732374,-39.92872252514682],[-72.03955801308821,-39.92890034788475],[-72.038668090917,-39.92875762490368],[-72.03808046035931,-39.92883258554272],[-72.03758324992677,-39.92921979812316],[-72.0375854501838,-39.92946980817174],[-72.03772905496818,-39.92975342856025],[-72.03789381956925,-39.929847624945815],[-72.03860170754712,-39.92999569893184],[-72.0392183073879,-39.92985148907925],[-72.03955602342238,-39.9298501217141],[-72.04034912709155,-39.93013033869919],[-72.04041275646472,-39.93046190339365],[-72.04051352427312,-39.93053446480488],[-72.04096928907431,-39.93050611457936],[-72.0412663075115,-39.93024375066124],[-72.04134844670517,-39.93014586691724],[-72.04131598424699,-39.929995065493905],[-72.04126796722583,-39.929903855735766],[-72.04108333887902,-39.929969127256946],[-72.0410746701965,-39.92986892428167]]],[[[-72.03806006812806,-39.92840214358203],[-72.03812928563016,-39.92860387635244],[-72.03838830022279,-39.92862049644994],[-72.03854784410521,-39.92853459166142],[-72.03859752900212,-39.92828590791159],[-72.03853654452705,-39.92819436556504],[-72.03826714390391,-39.92811749136587],[-72.03806653013632,-39.9282523364986],[-72.03806006812806,-39.92840214358203]]],[[[-72.04134886420074,-39.91687331383286],[-72.04167282032725,-39.91749147493336],[-72.04224615929928,-39.917746069689045],[-72.04241355273628,-39.918080282805285],[-72.04251638494355,-39.91780295903042],[-72.04241248250047,-39.91720041617773],[-72.04250542357936,-39.917152797885954],[-72.04292376731263,-39.918293270089116],[-72.04321090858892,-39.918560551243225],[-72.04355982070977,-39.918599450006425],[-72.04376863726593,-39.918574783979224],[-72.04448322197707,-39.91826307579555],[-72.04409309622115,-39.917673228627734],[-72.04413192942313,-39.917374274096716],[-72.04434689194379,-39.917409801091516],[-72.04488967019326,-39.91702649497341],[-72.04515660865269,-39.91725773041789],[-72.04540648785516,-39.91720799643251],[-72.04545395006456,-39.91712804671827],[-72.04571464237773,-39.91710470003276],[-72.04570596738135,-39.91700449702374],[-72.04549148827456,-39.9168590531563],[-72.04554543248663,-39.916510492498],[-72.04568243492038,-39.916344017044864],[-72.04589124403866,-39.91631934690285],[-72.04628472684433,-39.91652934288626],[-72.04667340004727,-39.916549249489925],[-72.04696732863391,-39.91635677807192],[-72.04769193533798,-39.916415237812615],[-72.04788037739893,-39.916272359188625],[-72.04732931880704,-39.915598921554796],[-72.04663060988072,-39.91512841672503],[-72.04560719833349,-39.9147723839773],[-72.044701035351,-39.914709280366544],[-72.04441390323124,-39.91444200313],[-72.04353403945531,-39.91406961774799],[-72.04298243911036,-39.91421551155569],[-72.0429667433088,-39.9136752092599],[-72.04281798743273,-39.91351144161344],[-72.04220749218504,-39.91321590863585],[-72.04194896404321,-39.913189311933394],[-72.04168785587765,-39.91322263784757],[-72.04121979902321,-39.91384057077573],[-72.04168504938211,-39.91419238942984],[-72.04178106526597,-39.91437480825109],[-72.04143783375639,-39.914506018406165],[-72.04131336483515,-39.91468280704355],[-72.04059444005314,-39.91479442167379],[-72.04042675674638,-39.91507008720324],[-72.04043327266257,-39.91522022626139],[-72.0408125347377,-39.91575981711961],[-72.0409600637782,-39.916253495695074],[-72.0412034820863,-39.91632969970825],[-72.04132543934756,-39.916512781379495],[-72.04134886420074,-39.91687331383286]]],[[[-72.04109186110396,-39.911987640530725],[-72.04123065110586,-39.91208116859076],[-72.04163398602587,-39.91206147356256],[-72.04175844897459,-39.91188468430726],[-72.04175408007949,-39.91168460914978],[-72.04160232099794,-39.91159075055841],[-72.041211527856,-39.9116207639763],[-72.04101748709321,-39.91190575565198],[-72.04109186110396,-39.911987640530725]]],[[[-72.04034689144399,-39.94685647102207],[-72.04055868853476,-39.947079645749405],[-72.04085318622091,-39.94709663744148],[-72.04124489896124,-39.94678473253069],[-72.04158521842143,-39.94618394168209],[-72.04212653131306,-39.94629774685966],[-72.04221133428233,-39.94643988621158],[-72.04212493145397,-39.946937586754416],[-72.04228500710869,-39.94714163695805],[-72.0427616691653,-39.94723379215536],[-72.043347303368,-39.94720874929294],[-72.04354753476966,-39.94708388419104],[-72.04334766741052,-39.94689881630484],[-72.04337792208001,-39.946799607160294],[-72.0442256489922,-39.94672126044745],[-72.04427274963827,-39.94653249765003],[-72.04366196253385,-39.946236962860354],[-72.0434940723567,-39.94591273739002],[-72.04322760931059,-39.94576596210405],[-72.04284258165592,-39.94535620782599],[-72.04267727963133,-39.944972058433486],[-72.04220584842886,-39.94439049587836],[-72.04229825785396,-39.94432155583603],[-72.04223594747683,-39.94405486144081],[-72.04246081951337,-39.94332851525195],[-72.0433224527329,-39.9427476138472],[-72.04421200388981,-39.94265669983412],[-72.04645289678427,-39.942703967735646],[-72.04672883048865,-39.942585885884775],[-72.04664831990036,-39.942343877671924],[-72.04708061779789,-39.94240988834242],[-72.04696166045906,-39.94215713025171],[-72.04674203792797,-39.94196854992875],[-72.04659657958115,-39.94194247160791],[-72.04550177272438,-39.941269405372836],[-72.04609601581147,-39.94133090450707],[-72.04651729211243,-39.941615671134706],[-72.04691523539982,-39.94158001912071],[-72.04683801718129,-39.94095397195142],[-72.04647816383822,-39.940864812210144],[-72.04621515136436,-39.94063814663451],[-72.04576963670038,-39.94042682260016],[-72.04558103639648,-39.94028203850752],[-72.04547501299183,-39.94002938063853],[-72.04567417879068,-39.939521946333805],[-72.04598214895003,-39.93941243062851],[-72.0460909585002,-39.93929856019974],[-72.04621466671176,-39.93883846692928],[-72.04664480107326,-39.93819955398064],[-72.04650638237338,-39.93809604338413],[-72.0461098515307,-39.938255901339865],[-72.04552558372434,-39.93825099946559],[-72.04523542295279,-39.93835357834812],[-72.04503049153483,-39.93858830659973],[-72.04493615674325,-39.93836594085051],[-72.04506711227216,-39.93803934239397],[-72.04525831984229,-39.93795557314435],[-72.04529135997477,-39.93765673505882],[-72.04518770599937,-39.93749313532642],[-72.0446386812191,-39.93743568744453],[-72.04366695344598,-39.93681997968623],[-72.0436214090133,-39.93644956579096],[-72.0433166412807,-39.93610093987949],[-72.04343600843457,-39.935625071416965],[-72.04379895160042,-39.93551744674154],[-72.04447773197047,-39.93483489575582],[-72.04452310192315,-39.934686080941916],[-72.04438418917842,-39.93429260874898],[-72.04396277387274,-39.93407564410792],[-72.04369093644073,-39.93410495050529],[-72.04278101301283,-39.933821773868026],[-72.04174616174035,-39.9337253648827],[-72.04125612962075,-39.93334291849223],[-72.04131835207878,-39.93310455202501],[-72.0411937855795,-39.93298139268085],[-72.04035397703633,-39.932879954692474],[-72.04030595953584,-39.93278874454776],[-72.04056579372329,-39.93248544001366],[-72.04161630346293,-39.932175653566475],[-72.04212121403573,-39.932160142609085],[-72.04221711182457,-39.932503438849594],[-72.04239161080008,-39.93273512588495],[-72.04252157726954,-39.93342960735328],[-72.04298801178236,-39.93345098238587],[-72.04300226902217,-39.933119966587036],[-72.04325374249527,-39.93327787320625],[-72.04328245214751,-39.933467965821194],[-72.04399140512793,-39.933855310151614],[-72.04508643486265,-39.933845375037855],[-72.04543157274132,-39.933541734346676],[-72.04548837223119,-39.933079251186705],[-72.0447911046105,-39.932533316092815],[-72.04500676373182,-39.93204890754998],[-72.04495006600804,-39.93185749624877],[-72.04420845785604,-39.93188856731258],[-72.04389467326271,-39.9320120398798],[-72.0430015436716,-39.93186776479018],[-72.04281469255218,-39.93168302836896],[-72.04314890772838,-39.93146160177466],[-72.04265673193989,-39.93112909737485],[-72.04259832071934,-39.93097763386447],[-72.04259610248091,-39.93072762329931],[-72.0428144196481,-39.93048324250178],[-72.04268985483364,-39.930360084794685],[-72.04236855007929,-39.93028189501904],[-72.04186807050338,-39.93038822159405],[-72.04142597658083,-39.93075773448189],[-72.0412608358441,-39.93097347627476],[-72.0414364294375,-39.93111793503311],[-72.04144294692702,-39.93126807380962],[-72.04129292965658,-39.931434211083086],[-72.04109618509267,-39.931479176808395],[-72.0408375891671,-39.93145257520011],[-72.04060358919428,-39.93115665119783],[-72.04028314453933,-39.931058481283344],[-72.03956797489428,-39.93138014452817],[-72.03872727709698,-39.930998723990605],[-72.0384669610857,-39.93101206574028],[-72.03836700846702,-39.931448806164504],[-72.0384833236262,-39.9328151698361],[-72.03833186749286,-39.933190017234224],[-72.03798524019763,-39.933313706627175],[-72.03753414485048,-39.93315068394158],[-72.03671684853154,-39.93221138603913],[-72.03614186541965,-39.931855829253685],[-72.03587564376414,-39.93147029840652],[-72.03515080309414,-39.93116771018164],[-72.03487140178034,-39.93127002630518],[-72.03458732799386,-39.93153270479832],[-72.03419555632212,-39.93158266437596],[-72.03416914900899,-39.93129204215177],[-72.03388978940518,-39.93114491573137],[-72.03368179482909,-39.931149588175344],[-72.03307124089942,-39.931453893321006],[-72.03295451119439,-39.93175084790496],[-72.03314349280782,-39.93188566383382],[-72.03320838291557,-39.93218726992241],[-72.03340297619941,-39.932192253321205],[-72.03382846407764,-39.93196319322489],[-72.0339171167314,-39.93201545383054],[-72.0336559614736,-39.932348703730426],[-72.03363522144198,-39.932528139192165],[-72.03364822211924,-39.93282841631839],[-72.03384885803278,-39.93269357974187],[-72.03390722204091,-39.932545101999466],[-72.033983333971,-39.93258704332244],[-72.03382792040141,-39.933165129765335],[-72.03381137472267,-39.934162346588856],[-72.03357140976999,-39.934606118214376],[-72.03306765679599,-39.93514311486285],[-72.03262792249485,-39.93600168942053],[-72.03234388771457,-39.93614226921769],[-72.03163706096885,-39.936275646942484],[-72.03097648264135,-39.93590840323727],[-72.03007840515494,-39.935913785905576],[-72.02941333731148,-39.935650565935035],[-72.02952470883658,-39.9350664077445],[-72.02943745798332,-39.93424045699835],[-72.02928224290802,-39.933848289912774],[-72.02940833484011,-39.93263962302484],[-72.02895029834887,-39.93221128588806],[-72.02833359549028,-39.93225227550972],[-72.02737414263969,-39.93254010234158],[-72.02731926966987,-39.93238720674216],[-72.02750647577675,-39.93221091313027],[-72.02796432909302,-39.93212283701085],[-72.02673164227642,-39.932040747173204],[-72.02621325268258,-39.93228510040743],[-72.02588205665873,-39.9326534550079],[-72.0258356413592,-39.93313496692893],[-72.02560467632145,-39.93335626806966],[-72.02535651554639,-39.933406703797836],[-72.02514644832351,-39.93314567439268],[-72.02513089391681,-39.93293697971632],[-72.02550641057962,-39.93278566699449],[-72.02574754993881,-39.93251585901552],[-72.02596391743728,-39.93243143082878],[-72.0260845716954,-39.93204460126106],[-72.0259362529546,-39.931870825367696],[-72.02470712944074,-39.93107984325668],[-72.02414924175619,-39.930118716728764],[-72.024073510483,-39.92959603309057],[-72.0239584278128,-39.92949603329048],[-72.02372668209681,-39.92951450866763],[-72.0231464114193,-39.929119670185415],[-72.02231534654959,-39.92881836402749],[-72.02223277076186,-39.92862627706191],[-72.02247016591755,-39.92854239578982],[-72.02272917431668,-39.928559050775085],[-72.023753521611,-39.92889531419725],[-72.02433770143627,-39.9289003229851],[-72.02439072274794,-39.92918167582482],[-72.02479992917871,-39.9293221183789],[-72.02468964922193,-39.92976920194098],[-72.02505456846664,-39.93093835682466],[-72.0253438035443,-39.931103036837904],[-72.0255875237131,-39.93148117023025],[-72.02615712499829,-39.931675685280815],[-72.02649167905932,-39.93190203643442],[-72.02765956023202,-39.931913071990486],[-72.02786225939094,-39.93177625312184],[-72.02831966440064,-39.93172171174208],[-72.02898428124588,-39.93199439407779],[-72.02960302746966,-39.93190611348027],[-72.03020885843696,-39.931476651366026],[-72.03056713576443,-39.93087041716954],[-72.03044166920232,-39.92961269412107],[-72.03004772300153,-39.9290534524821],[-72.02941138036307,-39.92869628965702],[-72.02862906094397,-39.92808921191018],[-72.02802918207846,-39.928026484121034],[-72.02649757497667,-39.928205921981295],[-72.02631899378471,-39.92813135115742],[-72.02622776046064,-39.927839063333735],[-72.02589697743142,-39.927680599697105],[-72.02568770164244,-39.927415275341644],[-72.02543822069465,-39.92687896865278],[-72.02500972748311,-39.92657801974937],[-72.0244580232105,-39.92582398863893],[-72.02423232468982,-39.92563822497209],[-72.02408533407345,-39.9251345424327],[-72.02417916357832,-39.925066965733876],[-72.0244377268328,-39.92509360345882],[-72.02477540801932,-39.92539222221016],[-72.02497084589075,-39.92537724500902],[-72.02518747507983,-39.92517284704203],[-72.02547198220915,-39.92520014865627],[-72.02542700526263,-39.92563891184263],[-72.02572016047027,-39.92576641628742],[-72.02597915967232,-39.925783063652666],[-72.02638906329962,-39.925613619347054],[-72.02690619646417,-39.92566688456496],[-72.02701299566057,-39.925599638396],[-72.02711676708468,-39.92530235721771],[-72.02672459595618,-39.92476239136904],[-72.02616855272592,-39.925008070762495],[-72.02605397219376,-39.924955138743364],[-72.02605872961541,-39.92484528134684],[-72.02650365098681,-39.92446677454639],[-72.02720540104023,-39.92445478975334],[-72.0273624375832,-39.92425714800306],[-72.02759121215581,-39.92415231269589],[-72.02776153544092,-39.923626475735446],[-72.02809400561867,-39.92361606911829],[-72.02825000036285,-39.92342124313886],[-72.02860785465644,-39.92339255020883],[-72.02892845855996,-39.923656408317584],[-72.02966914493253,-39.92359018960231],[-72.02999711599928,-39.92368380997561],[-72.03034065790428,-39.92398612421863],[-72.03131127231748,-39.92421929622428],[-72.03230407079792,-39.9251654061856],[-72.03237111057541,-39.925417077218725],[-72.03273609271723,-39.92598632244339],[-72.0337826075641,-39.92731288169154],[-72.03437019596758,-39.926937997245545],[-72.03456304944045,-39.926982926592174],[-72.03481300025828,-39.92720928376195],[-72.03514554217614,-39.927337775564794],[-72.03624161467825,-39.927343101931704],[-72.03636528599885,-39.927049041817234],[-72.03651228753526,-39.92695282079701],[-72.03719630833936,-39.92675035715752],[-72.03745574647373,-39.92675699194697],[-72.03758417303392,-39.92679027053611],[-72.03759283649143,-39.92689047361849],[-72.03732752105334,-39.92714318636686],[-72.03696634910999,-39.927264379739476],[-72.03687037362482,-39.927381902779885],[-72.0373585707562,-39.92750436840924],[-72.03820476975353,-39.92745601852085],[-72.03840193494884,-39.9274010701866],[-72.03844731202392,-39.927252257889776],[-72.03835131059692,-39.92719838457871],[-72.03845635727197,-39.92704252785645],[-72.03941106593547,-39.926594743436794],[-72.03996382150108,-39.926466848198764],[-72.04019273419834,-39.92657684483821],[-72.0404994000062,-39.9264521274456],[-72.04087716023014,-39.92574953800185],[-72.0410164729523,-39.925762969172204],[-72.04152664729139,-39.92556376837613],[-72.04269729361738,-39.9255109259857],[-72.04286183537292,-39.92534763817169],[-72.04277855426702,-39.925215943256084],[-72.04174347761415,-39.925196867687994],[-72.04162365636873,-39.9249638502071],[-72.04172177139777,-39.92479638687286],[-72.04204864219261,-39.92474474419133],[-72.04286227516351,-39.924912373616294],[-72.0430813136846,-39.92482328445809],[-72.04313221367208,-39.92449793750508],[-72.04326243921057,-39.92443579147765],[-72.0434843700376,-39.92460160513364],[-72.04395270782346,-39.92458259401079],[-72.04406906487364,-39.92464148119232],[-72.04455373225896,-39.9244119813309],[-72.04460949680349,-39.924207049677925],[-72.04497611939377,-39.92400960133941],[-72.0457495997329,-39.92383936274276],[-72.04637671100895,-39.92391110846872],[-72.04655584312582,-39.923866364852316],[-72.04676524979008,-39.923775025884495],[-72.04681617831956,-39.92349662358277],[-72.04775088667998,-39.923200504956185],[-72.0484024594076,-39.923147119902985],[-72.04841318982481,-39.92289743886792],[-72.04872905519268,-39.92272574554441],[-72.05009914502719,-39.922645433716475],[-72.05006227381962,-39.92229455857355],[-72.05063729627831,-39.9222092170459],[-72.05108732247467,-39.922010711054554],[-72.05195048660742,-39.921262818595],[-72.05205585829384,-39.920925561585435],[-72.0512360065879,-39.92066474080747],[-72.0503924683044,-39.92065326579873],[-72.05022041516898,-39.92072887070249],[-72.0498300007129,-39.92074892415221],[-72.04931545457609,-39.92063583847446],[-72.04886147346079,-39.920624275114655],[-72.04869981491552,-39.92076013159881],[-72.04849056371727,-39.92079479358036],[-72.04784631096724,-39.92067839688087],[-72.04745503795787,-39.920718416783565],[-72.04642638655,-39.92048223516357],[-72.04595938351497,-39.92025501575328],[-72.04529666850627,-39.91968897126413],[-72.0449225365532,-39.91923916638385],[-72.04451285677695,-39.91904408980704],[-72.04388538267413,-39.91890973089925],[-72.04388630483948,-39.91931687888157],[-72.04418225596501,-39.91986884052809],[-72.04419217002251,-39.920209941823664],[-72.04488399573628,-39.92056370487612],[-72.04563713382342,-39.92119833871648],[-72.04527300628517,-39.921032719250675],[-72.04467059952813,-39.92054743970109],[-72.0441750526704,-39.92029484147678],[-72.04370853501038,-39.92027293988921],[-72.04300252487009,-39.920384898365114],[-72.04293501953892,-39.92014321925168],[-72.04248011448864,-39.91985165850409],[-72.0423079863823,-39.91962730451938],[-72.04178565389618,-39.91939400870657],[-72.04120068782579,-39.919409065231726],[-72.04057330601461,-39.91920307559942],[-72.03999178473458,-39.91913822867239],[-72.03994856936279,-39.919237106216016],[-72.04004866786926,-39.91942401932889],[-72.03982437794936,-39.91966289448594],[-72.03963662932154,-39.91961164111819],[-72.03947780584176,-39.91965852875628],[-72.03944335641987,-39.91975768978363],[-72.03930481144164,-39.919761324631565],[-72.03897684546814,-39.919496517103504],[-72.03890210381542,-39.9191866179077],[-72.0386656733654,-39.91890898047215],[-72.03839112360328,-39.91871733636534],[-72.03838078087206,-39.91810165177468],[-72.03848271082458,-39.918019045353965],[-72.03915383097873,-39.91797644640279],[-72.03929987907671,-39.917888443100075],[-72.03947952439361,-39.91742910156346],[-72.03961972578506,-39.91731433405212],[-72.03978950239032,-39.91665591164133],[-72.03979596732523,-39.91622054847848],[-72.03932946696315,-39.9159927271604],[-72.0391262047792,-39.91572249893845],[-72.03909007011575,-39.915355875262655],[-72.03890714641713,-39.915081249574584],[-72.0390108482716,-39.91478395480137],[-72.03918591043006,-39.9146384561871],[-72.0391508754039,-39.91454757728389],[-72.0382412799143,-39.91456432077919],[-72.03807568902322,-39.914490100322],[-72.03804280850564,-39.91434928532341],[-72.0382580717795,-39.914174821357065],[-72.0388438538486,-39.91413980374017],[-72.03971809631157,-39.91464205717367],[-72.03991135010864,-39.914676989380695],[-72.04001768923294,-39.91461971719308],[-72.040230520674,-39.9142002321049],[-72.04015021433814,-39.913653279984366],[-72.04035243854085,-39.91317853362395],[-72.04048686474981,-39.91307198757292],[-72.040971462906,-39.91297438528153],[-72.0411240185478,-39.91274832335982],[-72.04106519377505,-39.91260684654669],[-72.04084944773183,-39.91249135642164],[-72.040156852726,-39.912293697607105],[-72.03991830404101,-39.91270752658424],[-72.03967231795409,-39.91269124343215],[-72.03966795523655,-39.91249116844051],[-72.03991344974895,-39.91221749191282],[-72.03962290422481,-39.912030101214924],[-72.04009581756385,-39.91190220941635],[-72.04009925959629,-39.911822311930784],[-72.0395956156219,-39.91175945317529],[-72.03895674290854,-39.91212305779731],[-72.0386944616612,-39.912116724605355],[-72.0379040364319,-39.91184619433769],[-72.03723179681903,-39.91177901480816],[-72.03721470263953,-39.911960239756354],[-72.0376335091634,-39.9123991753311],[-72.03766251258118,-39.91262987488431],[-72.03733698949964,-39.912651545786744],[-72.03696518865407,-39.91254205601363],[-72.03678184972318,-39.9122774145929],[-72.0363352526348,-39.9120960226019],[-72.03613731313291,-39.912470889635415],[-72.0365117424542,-39.91282040538388],[-72.03641751115329,-39.91289798040963],[-72.0360942711741,-39.91283125135573],[-72.03573103745872,-39.91286435609409],[-72.0356428419547,-39.913056193663294],[-72.03439555128571,-39.91307634766826],[-72.03412557729274,-39.91320672290387],[-72.03355568252007,-39.9133246495304],[-72.0335094112305,-39.91319348863494],[-72.03362567084314,-39.91290651854827],[-72.03355130510552,-39.91282462917434],[-72.03249127959145,-39.91271749796501],[-72.03211908206856,-39.912917925598805],[-72.03192324919365,-39.91294290336222],[-72.03168632652262,-39.91271687399679],[-72.03129768240095,-39.91269691802317],[-72.03115070572672,-39.91279313347839],[-72.03088959534327,-39.91282643490501],[-72.02951008101165,-39.91230116383025],[-72.02917503029867,-39.911942637390794],[-72.02859270927206,-39.911597764889],[-72.02837006710327,-39.911342100630456],[-72.02800044930592,-39.911182647438594],[-72.02767752403031,-39.911144368873146],[-72.02734335266572,-39.91076586348271],[-72.02687474427428,-39.91049388711257],[-72.02668885714517,-39.91028915366282],[-72.02648654483916,-39.91016398363663],[-72.02629115065541,-39.91017896503282],[-72.02620988079512,-39.91025686435016],[-72.02624993140026,-39.911054437974386],[-72.02600881202481,-39.91122814077945],[-72.02575407905098,-39.91160978941191],[-72.02539383034599,-39.91155320081671],[-72.02521964129471,-39.9116008024249],[-72.02508178997138,-39.91149120976249],[-72.02477354353418,-39.91144252681897],[-72.02404535235776,-39.911603783400366],[-72.02394340724766,-39.91197041634974],[-72.02378149286739,-39.912160350891114],[-72.02357076337645,-39.91223541526972],[-72.02359368206122,-39.91241589582489],[-72.0241837934244,-39.91270089205508],[-72.02434794670204,-39.913027019837926],[-72.0248801456393,-39.91368410656884],[-72.0252748007955,-39.913862189395246],[-72.02553202276756,-39.91421872880541],[-72.02584544887661,-39.91447672897643],[-72.02605295815076,-39.915381889366955],[-72.0264848486213,-39.9159028806168],[-72.02650862763176,-39.91625342618362],[-72.02684541710899,-39.917171901250896],[-72.02680261678475,-39.917260786211244],[-72.02635817853357,-39.91732936484205],[-72.02559857069797,-39.91717988954175],[-72.02563056778045,-39.91674079251139],[-72.02555145450835,-39.91646881138883],[-72.02500967125782,-39.91603256181389],[-72.02443174668723,-39.915864834096084],[-72.02404767709216,-39.91561566885413],[-72.02365616546821,-39.91556029588056],[-72.02328955378988,-39.91563086216385],[-72.02269067524576,-39.91594158666588],[-72.02237979261956,-39.91577897663842],[-72.01955508067549,-39.91545544224906],[-72.01947678030115,-39.9156842725758],[-72.01973758436802,-39.91579949741708],[-72.02031079539915,-39.91635414089061],[-72.02024334744159,-39.916412395003896],[-72.01998698510808,-39.91633581416096],[-72.01966014200978,-39.91638739548081],[-72.01940334717087,-39.91632080036394],[-72.01924077682682,-39.916476588010525],[-72.01924941305045,-39.916576791588206],[-72.01963070695831,-39.91676656753564],[-72.01977637926211,-39.91700027206926],[-72.01980876103573,-39.91745102126719],[-72.0196820655068,-39.91767771928296],[-72.01955193232712,-39.91768436969281],[-72.01938982277724,-39.91753022710085],[-72.01836826636905,-39.9171340096455],[-72.0179895390057,-39.91718425086977],[-72.01780366238188,-39.916979503667704],[-72.01763631732089,-39.91724514556279],[-72.01786843739204,-39.91758105911777],[-72.0179116458837,-39.917782134008064],[-72.01780528451361,-39.91783938500587],[-72.0167042214157,-39.917181154840165],[-72.01638257772352,-39.917112883109766],[-72.01614478248706,-39.917206740182785],[-72.01567830170521,-39.91718472673745],[-72.01570853366889,-39.91738546811914],[-72.0156017373249,-39.917452704005115],[-72.01451356901852,-39.91739467319736],[-72.01412572180078,-39.91765462739839],[-72.01367866624702,-39.91778307841457],[-72.01236479454064,-39.9178391867254],[-72.01158877154458,-39.917769181318626],[-72.01149450620068,-39.91784673471351],[-72.0115295055064,-39.917937620653795],[-72.01130467128108,-39.918031801987816],[-72.01116671527468,-39.91821820734718],[-72.0111981418443,-39.91837898806919],[-72.01167508740853,-39.91847127646173],[-72.01191406907971,-39.91894735236089],[-72.0121297827094,-39.91906289524849],[-72.01209993251143,-39.919152108507355],[-72.01153395940773,-39.91932747464284],[-72.01146563218485,-39.91940569706004],[-72.01197879305411,-39.91954890909423],[-72.0120531389828,-39.919630811562435],[-72.0119311930347,-39.91974764384462],[-72.01200336682042,-39.91987948093136],[-72.0129942045547,-39.92038494188617],[-72.01292587781475,-39.92046316517544],[-72.0125358961761,-39.92047310559497],[-72.01245459839359,-39.92055099411192],[-72.01275112081706,-39.920898576547955],[-72.0135227809878,-39.92136838698262],[-72.01370903326212,-39.921863096185454],[-72.01416425605694,-39.922144778954866],[-72.01448722282646,-39.92218309677824],[-72.01453264702437,-39.92203429551989],[-72.01467619346342,-39.922017998382074],[-72.01539083758644,-39.922306361069445],[-72.0159710060509,-39.92270123506515],[-72.01613051569414,-39.922915304187946],[-72.01597785511129,-39.92314132897156],[-72.01599728813707,-39.92329180138712],[-72.01619658006452,-39.92348689886005],[-72.01587317200374,-39.92345857249773],[-72.01485141442677,-39.923074596217354],[-72.01452405040905,-39.92307457104648],[-72.01401974578052,-39.922835640703596],[-72.01308452425491,-39.922786819803264],[-72.01269974218934,-39.92267691724882],[-72.01224191559884,-39.92245515032241],[-72.01225408046271,-39.92217551670567],[-72.01203835715249,-39.922059973734875],[-72.01208117963566,-39.921971095111566],[-72.01190654181367,-39.921806620941716],[-72.01171371985373,-39.92176165490027],[-72.0112776825301,-39.92145017279359],[-72.0109774748062,-39.92143661539721],[-72.0107771418462,-39.92129657157722],[-72.01020661375114,-39.92126459647309],[-72.01018180837553,-39.921410709636255],[-72.01062105773461,-39.921773457665424],[-72.01089048346348,-39.921880390747965],[-72.01116366924487,-39.92216738634205],[-72.01148556546893,-39.92312551175865],[-72.01193383428394,-39.923566993750754],[-72.01230521436328,-39.923686551371595],[-72.01238725950327,-39.92418857313695],[-72.01286886815844,-39.924460943380275],[-72.01339311553724,-39.92449945511397],[-72.01328239645696,-39.92465657058416],[-72.01336016499702,-39.92495851907561],[-72.01304668229102,-39.925000427449945],[-72.01253043763892,-39.92492712707198],[-72.01243138375544,-39.925114536857606],[-72.01211746539788,-39.925166429577516],[-72.01166911931229,-39.92502488972555],[-72.0112013524295,-39.92473287539041],[-72.01100765354964,-39.92470788170679],[-72.01091895903183,-39.92495554612477],[-72.01097772972011,-39.925097036093995],[-72.01118005438367,-39.92522223352212],[-72.01123839115967,-39.92537371028184],[-72.01158253292438,-39.92552256190888],[-72.01126643892039,-39.92562438673268],[-72.0105677233986,-39.9255663661062],[-72.01028670131645,-39.92545913289599],[-72.01013445060428,-39.925675162079074],[-72.0096572545235,-39.925352414765385],[-72.00939268195127,-39.92527220222022],[-72.00921097179746,-39.92526573641684],[-72.00924638487685,-39.92549226911503],[-72.00877253571912,-39.92534006156728],[-72.00875086411669,-39.925539464195026],[-72.00889956027514,-39.92570327328323],[-72.00889303527973,-39.92585307645815],[-72.00851765453513,-39.926123330783355],[-72.00825953091511,-39.92608667071836],[-72.00784287128528,-39.92588594571042],[-72.0076703778211,-39.92599047197418],[-72.00766071029544,-39.92611775076956],[-72.00784349136933,-39.926395865213536],[-72.00750013969537,-39.92652696990878],[-72.00745687295255,-39.92662583331673],[-72.00787623032052,-39.926836627519826],[-72.00799846567006,-39.92730969560878],[-72.00811608094168,-39.9272927370314],[-72.00826790663771,-39.927086697792376],[-72.00813419184699,-39.9274731706859],[-72.0078038068747,-39.92760461109256],[-72.00764213789617,-39.92744046552357],[-72.00688018223374,-39.92701230706436],[-72.00665295099074,-39.926991551434035],[-72.00641898056612,-39.92684382912052],[-72.00632106121688,-39.92734869302734],[-72.00651006171402,-39.927900330235225],[-72.00674901664847,-39.92812064968206],[-72.00604472855373,-39.92839291252273],[-72.00589943785316,-39.92860330244255],[-72.00603269618009,-39.92907604294117],[-72.00632650843453,-39.929119417249304],[-72.0066393181957,-39.92941521489814],[-72.00720067712115,-39.92957096332447],[-72.0078229609003,-39.92958898421444],[-72.00798752076183,-39.92979569619268],[-72.00871504077799,-39.93009645906207],[-72.00898194614875,-39.93049063424935],[-72.01009804247246,-39.93128316117935],[-72.01012007319031,-39.931373712729666],[-72.00859807029288,-39.93122379987205],[-72.00841684888711,-39.9311197803632],[-72.00751808983057,-39.930986975373166],[-72.0063132868372,-39.93098450433358],[-72.00618037536462,-39.93118198039731],[-72.00598491875422,-39.93119692510149],[-72.00546496363071,-39.930882857468816],[-72.00521533667151,-39.93088881620001],[-72.00440301089507,-39.93105917656585],[-72.0042853274839,-39.93117915269988],[-72.00438762981679,-39.93168298825339],[-72.00424857437852,-39.93191973568533],[-72.00314682109553,-39.931795262494084],[-72.00301962996544,-39.932143099251874],[-72.00376496734802,-39.93255877526276],[-72.00386522263469,-39.932702612740634],[-72.00384962815518,-39.93292432766326],[-72.00308258318475,-39.933141412254386],[-72.00303782278192,-39.93321771086705],[-72.00333009333663,-39.933708236645415],[-72.00276727121593,-39.93372101338059],[-72.00253276639522,-39.93381937978108],[-72.0025003778792,-39.93396626720335],[-72.00289163654803,-39.934226342987735],[-72.00339845208212,-39.934219458358314],[-72.00342026466005,-39.93490989080919],[-72.00314515021437,-39.93523322007049],[-72.00268828522815,-39.935394538037485],[-72.00257839101103,-39.93608139979947],[-72.00233293254021,-39.936468203940606],[-72.0020953930287,-39.93640150404668],[-72.0015693360827,-39.93642795241638],[-72.00157549359656,-39.93656877114968],[-72.00172652489526,-39.93672292413455],[-72.00250620257502,-39.93692130252297],[-72.0032154212703,-39.93775864172078],[-72.00348072803679,-39.93785036551852],[-72.00349275511454,-39.938184992854424],[-72.0032735547297,-39.93832512294408],[-72.00221249831087,-39.93832798121789],[-72.00196250887892,-39.9384014960896],[-72.00166836288679,-39.93859384446254],[-72.00140615588542,-39.93894698814695],[-72.00089113198047,-39.93884367224236],[-72.0007096173132,-39.93853903015274],[-72.00051457543928,-39.93854397800431],[-72.00042844112423,-39.9387317111375],[-72.00051957485697,-39.93902401529159],[-72.00034131376613,-39.93923935701578],[-72.0005786517528,-39.93945546242242],[-72.00056337693665,-39.9398049996634],[-72.00062781020281,-39.93981666613794],[-72.001527490001,-39.93944003493537],[-72.00270080941227,-39.93934042560575],[-72.00282760435198,-39.939113750459796],[-72.0031825870534,-39.93931289831842],[-72.00356875150317,-39.939392874699394],[-72.0033757806676,-39.93964783301585],[-72.00308163285187,-39.93984018489323],[-72.0029240922406,-39.94017604370647],[-72.0030518719286,-39.94081922695405],[-72.00290868574336,-39.94180122755074],[-72.00277739124128,-39.94189351200596],[-72.00285322387519,-39.942393783952156],[-72.00209492185827,-39.94280407828889],[-72.00124372370955,-39.94296201074999],[-72.00082199193942,-39.94310106319382],[-72.00052738546468,-39.94330339444174],[-72.00062495197456,-39.943745836098905],[-72.00055920559342,-39.94376412980644],[-72.00074815187016,-39.94389899725033],[-72.0007545796329,-39.94404913478809],[-72.00046433382033,-39.9441515979836],[-72.00030015158475,-39.9443883721689],[-72.00027667077214,-39.94461493426489],[-72.00042721669477,-39.9452063223949],[-72.00062772438737,-39.94546557639363],[-72.00043765910895,-39.9459505601655],[-72.0004419033914,-39.94615063148616],[-72.00060097668684,-39.94637470824794],[-72.00044765133678,-39.94691063365342],[-72.00062319383163,-39.94705515230878],[-72.00072687609465,-39.94735777913001],[-72.00068346423843,-39.947756577802814],[-72.00088670626576,-39.94786182104191],[-72.00074298279613,-39.94817803783871],[-72.00081734376026,-39.948259947823914],[-72.0011439146035,-39.94821841285523],[-72.00108090174321,-39.94787684708632],[-72.00171038618473,-39.947443229844836],[-72.00217598292595,-39.94689538882905],[-72.0025724455978,-39.946145795357246],[-72.00319579863164,-39.94585198404139],[-72.0033908614113,-39.94584703243805],[-72.00353958534372,-39.94601084906796],[-72.0035784033406,-39.94631179550618],[-72.00398009288259,-39.94663212631269],[-72.00432475733162,-39.94677101560222],[-72.00489590265798,-39.94737567180215],[-72.00496547297558,-39.94756743413442],[-72.00490780216924,-39.947995860187824],[-72.00537733641781,-39.94854789625592],[-72.00534474666942,-39.94899696707348],[-72.00544191446113,-39.94944939254625],[-72.00618056780415,-39.94978842500397],[-72.00643652266366,-39.95004207016445],[-72.00785332778973,-39.95038165148841],[-72.00807978804602,-39.95054845586999],[-72.0081538444036,-39.950824938383484],[-72.00779946820026,-39.95105248232828],[-72.00712932642266,-39.95208842504991],[-72.00695320928423,-39.95212290169547],[-72.00694714269585,-39.95236443041207],[-72.00685118856688,-39.95248604057906],[-72.0067876451447,-39.95394245703906],[-72.0069059921226,-39.95404966233796],[-72.00744050254816,-39.95420549228824],[-72.0079831062805,-39.95425841979151],[-72.00829745182553,-39.95397232536487],[-72.00878368634561,-39.953844910263676],[-72.00892294647896,-39.953928491138555],[-72.00941745142474,-39.95361132349257],[-72.00958353591562,-39.95367560000831],[-72.00950602767813,-39.953963543073854],[-72.00986458761646,-39.95408277885244],[-72.00983210462363,-39.95423191141661],[-72.00960366348632,-39.95440597915348],[-72.0096122869177,-39.95450618253888],[-72.00990291851791,-39.954693650972104],[-72.00998287433514,-39.95494566689627],[-72.00996546251989,-39.95534514039541],[-72.00949559491497,-39.95569294053861],[-72.00930216044655,-39.95595789406654],[-72.00941886967308,-39.95626084968595],[-72.00967876452883,-39.956557503895176],[-72.0103462609165,-39.9564447600861],[-72.01040426323432,-39.95630628417808],[-72.01029146688447,-39.95591344784056],[-72.01104951519683,-39.955213150706015],[-72.01127447481761,-39.955118974896166],[-72.0114409998627,-39.95517326208056],[-72.01151878647401,-39.95547521140815],[-72.01178731461164,-39.95587206448808],[-72.01195297186173,-39.955946324719136],[-72.0123427205543,-39.95594638060797],[-72.01266120058855,-39.95549468355901],[-72.0129774332081,-39.955392860375404],[-72.0130869024403,-39.95526570836896],[-72.01315185547635,-39.95496744095718],[-72.01302084993871,-39.95469411446485],[-72.01351273414083,-39.9544368500794],[-72.01424359912039,-39.95421073935973],[-72.01455007560793,-39.954183645898226],[-72.01489781232729,-39.95440256803084],[-72.01608658185302,-39.95395329077898],[-72.01672545902247,-39.95404973223318],[-72.01788297839609,-39.95337465005899],[-72.01811405768743,-39.95342504710132],[-72.01947810540543,-39.953264742493005],[-72.02031576873772,-39.95326872402795],[-72.0204880659914,-39.95338365887218],[-72.02080238494207,-39.953394856398226],[-72.02132258403198,-39.95359759384925],[-72.02152522119292,-39.95356667557195],[-72.02215922764596,-39.95373745540214],[-72.02254423213917,-39.95422074969248],[-72.02256344844616,-39.954628364904266],[-72.02221073898632,-39.95481812434786],[-72.02221112269032,-39.95509270431865],[-72.02180805069317,-39.95502553349604],[-72.0213423334057,-39.95470111607963],[-72.02083296932881,-39.954602804601635],[-72.02102624208942,-39.95525159498853],[-72.02153331558863,-39.95575696787797],[-72.02165740877429,-39.95601579302867],[-72.02084139875653,-39.9561084226229],[-72.02070050127114,-39.95595331163547],[-72.02039816883766,-39.95611595738292],[-72.02042640963742,-39.956315510405446],[-72.02089743964534,-39.95680102298549],[-72.0212137615586,-39.957945310138385],[-72.02162136699062,-39.95790845253329],[-72.0217758796669,-39.957183394947144],[-72.02197010204365,-39.956677120486155],[-72.02213766278983,-39.95650153782942],[-72.02226055488752,-39.95650469728355],[-72.02250833957538,-39.95703180353939],[-72.02278691390039,-39.95684960573348],[-72.02326865834533,-39.95680517995391],[-72.02318350063183,-39.95621597944477],[-72.0226894711462,-39.956260089132414],[-72.02263256597669,-39.95587044108278],[-72.02239663627095,-39.95563714577593],[-72.02234504336225,-39.95540858902728],[-72.02294636055719,-39.95572701989181],[-72.02339200615843,-39.956230805911666],[-72.02359887038683,-39.95628346156782],[-72.0239095927609,-39.95613995882082],[-72.02493227198089,-39.95589166115976],[-72.02514346154108,-39.95548996411822],[-72.02502101156128,-39.95490927484524],[-72.0259801907336,-39.95428061900419],[-72.02639023236227,-39.95418699919521],[-72.0264361173743,-39.953979882444834],[-72.02677180716186,-39.95396956394426],[-72.02683099129023,-39.95423618553576],[-72.02697517870278,-39.95431563009906],[-72.02716483962841,-39.95419741480996],[-72.02713965792486,-39.95371390338601],[-72.02746039525226,-39.95369373115446],[-72.02784052761966,-39.953722421842436],[-72.02886521110922,-39.954989011592936],[-72.0284838394318,-39.955840811052134],[-72.0286446221372,-39.956176313784994],[-72.02883162332186,-39.956332597935386],[-72.02909953192106,-39.95696435420106],[-72.0295206527618,-39.957467488037246],[-72.03021419171168,-39.957646227498635],[-72.03025884571198,-39.95775151979917],[-72.03066972979066,-39.957923009044706],[-72.03102530836073,-39.95795106004552],[-72.0309912963243,-39.95759987425797],[-72.03154186854032,-39.95767079360298],[-72.03224031169383,-39.95745199290953],[-72.03287855754915,-39.9559025100481],[-72.03282091969604,-39.955728865782504],[-72.03291955109528,-39.95544860065827],[-72.0331714732295,-39.95524548989721],[-72.03326014535999,-39.95499111752493],[-72.03305479280618,-39.9543642336714],[-72.03306048406286,-39.954116306437484],[-72.03273602655648,-39.95380867164506],[-72.03261476004961,-39.95357688469602],[-72.03130428900593,-39.95290334519333],[-72.03085008180061,-39.95229181636743],[-72.03070085506026,-39.95243796270698],[-72.03061002737539,-39.95273557762619],[-72.03022937903535,-39.95282579986072],[-72.03013544047928,-39.95292917103742],[-72.02992203511991,-39.95331188502457],[-72.02986960992489,-39.95367032275779],[-72.02919372926225,-39.9539370279901],[-72.02875419881802,-39.953859478337066],[-72.02857211979621,-39.9527375898267],[-72.02834355207007,-39.95261811068693],[-72.02809573559803,-39.95209101551605],[-72.02822845215944,-39.95186718987574],[-72.02830666421579,-39.951326761497405],[-72.02823226621871,-39.95124486788403],[-72.02693375926935,-39.95123154209711],[-72.02677631854235,-39.95096755012681],[-72.02749929138923,-39.950831735311176],[-72.02799480281362,-39.950428928426184],[-72.02853937311023,-39.95015295457983],[-72.02896109918252,-39.95001380082423],[-72.02939623664027,-39.9501649347063],[-72.03059305720086,-39.94952574844274],[-72.03142308425613,-39.9492570782406],[-72.03194083187272,-39.94930034040353],[-72.03246661656193,-39.949758509742544],[-72.03263107950123,-39.949840303313124],[-72.03280944552289,-39.94982406461734],[-72.03328993736795,-39.94964484341826],[-72.03361606907848,-39.94961320342361],[-72.03472635457554,-39.94917172008019],[-72.03528254040731,-39.94862606203977],[-72.03561471012094,-39.94863576865393],[-72.03615536476765,-39.94849140410055],[-72.03642079761244,-39.94861181104876],[-72.0370994941746,-39.94856289771151],[-72.03891482008156,-39.94776856226671],[-72.03880839143916,-39.94759646119604],[-72.03887063830628,-39.94735809733637],[-72.03911049719359,-39.94740422125645],[-72.04004581862172,-39.94670675843521],[-72.04034689144399,-39.94685647102207]],[[-72.00540555551018,-39.93569608941774],[-72.00535161871144,-39.93587265201716],[-72.00508736310763,-39.93593281657204],[-72.0048078500779,-39.93590059449773],[-72.00469590088018,-39.935737730401385],[-72.00492073318756,-39.935316248509444],[-72.005242105238,-39.93519652031795],[-72.00545129520067,-39.93532001841467],[-72.00540555551018,-39.93569608941774]],[[-72.02404683473776,-39.9529054502852],[-72.02397227320665,-39.95306448955484],[-72.02391432699045,-39.952840504128616],[-72.0240581163329,-39.95264537178561],[-72.02422748952144,-39.952711264893466],[-72.02423403507292,-39.952843984220436],[-72.02404683473776,-39.9529054502852]],[[-72.04094655541623,-39.94535928252105],[-72.04082356603722,-39.945287497842514],[-72.0408985006671,-39.94518999839046],[-72.04101850666275,-39.945188329975004],[-72.04105610934259,-39.94531474118202],[-72.04094655541623,-39.94535928252105]],[[-72.04237152799449,-39.93784022610372],[-72.04224767851342,-39.93800275368363],[-72.04186474145371,-39.93789829571352],[-72.04179282963365,-39.93771183363271],[-72.04196494916448,-39.93728543554161],[-72.04225879425226,-39.937316608532434],[-72.0422793519353,-39.937695852862376],[-72.04237152799449,-39.93784022610372]],[[-72.0423408226628,-39.93598371672813],[-72.04246472991046,-39.9361052300826],[-72.04210311432213,-39.936077061239125],[-72.04182726606902,-39.93591379565913],[-72.0416691229931,-39.935587845614975],[-72.04198956967214,-39.935572358612305],[-72.0423408226628,-39.93598371672813]],[[-72.04193208523623,-39.945083006827396],[-72.04178246735289,-39.945239156188435],[-72.04158783563422,-39.94523418551242],[-72.0414969488053,-39.94493192012359],[-72.0416167410656,-39.94486499264456],[-72.0419017689144,-39.94488226987597],[-72.04193208523623,-39.945083006827396]],[[-72.02404979483423,-39.927153252507246],[-72.02421453342932,-39.9272474674804],[-72.02418426172567,-39.92734667120742],[-72.02389930012593,-39.92762929674848],[-72.02370385568821,-39.92764427189144],[-72.02324509281277,-39.92744252013546],[-72.02344791155377,-39.92695782306018],[-72.02363168090392,-39.92691255397423],[-72.02404979483423,-39.927153252507246]],[[-72.03594528402448,-39.925948497941164],[-72.03588563760535,-39.92612693859332],[-72.03450883923965,-39.92553180712688],[-72.03449367784052,-39.9252814652415],[-72.03465968694621,-39.92504575896746],[-72.03490873374528,-39.92499214450432],[-72.03517639338864,-39.925108974441834],[-72.03539436062755,-39.92547448596537],[-72.03583629795257,-39.92576574267297],[-72.03594528402448,-39.925948497941164]],[[-72.03882421722933,-39.915499053214745],[-72.03866126081643,-39.91566485700196],[-72.0384303872318,-39.91559896652979],[-72.0385872626642,-39.91527303690391],[-72.03879348729019,-39.91530830253668],[-72.03882421722933,-39.915499053214745]],[[-72.03825778705978,-39.91749420637631],[-72.03817436798379,-39.91762204998059],[-72.03792922631365,-39.91758578819392],[-72.03802776914667,-39.91740834059201],[-72.03825778705978,-39.91749420637631]],[[-72.01576125506391,-39.9243905141271],[-72.01601421718077,-39.92424705825731],[-72.0161953798408,-39.92426172255194],[-72.01623420100435,-39.92486260981175],[-72.01648191218379,-39.92513893886187],[-72.01632235072277,-39.925224812558845],[-72.01620816544903,-39.9254618265824],[-72.01609272457875,-39.92542885885263],[-72.01598239623709,-39.92587593252304],[-72.01552834455751,-39.926164179719215],[-72.01540774441189,-39.925951112226265],[-72.01510511053283,-39.92574335264941],[-72.01440514099377,-39.92541537365093],[-72.01435716326189,-39.925324154102164],[-72.01454006492669,-39.92529887335689],[-72.01463911346097,-39.925111461569806],[-72.0139728553922,-39.92490432617753],[-72.0137973372886,-39.92475982834084],[-72.01379522281285,-39.92450982085882],[-72.0143681270033,-39.92447459648633],[-72.01469978752732,-39.924313175464306],[-72.01502710568312,-39.92425162280049],[-72.01575903687254,-39.924740391269374],[-72.01589742892142,-39.924543993698464],[-72.01551610422742,-39.92435420446484],[-72.01553124549199,-39.92430460392034],[-72.01576125506391,-39.9243905141271]],[[-72.01513046493606,-39.92665383477488],[-72.01515852720588,-39.92690451077786],[-72.01481773741506,-39.927275658159395],[-72.01475065438012,-39.92762386361488],[-72.01464166962347,-39.927741032529696],[-72.01470647497018,-39.92804264603974],[-72.01458576573833,-39.92842946187837],[-72.01462679833578,-39.92868047219324],[-72.01427910402164,-39.928911466240315],[-72.01409657009398,-39.929226701237305],[-72.01384315088775,-39.929380138903255],[-72.01374675783165,-39.92920768619902],[-72.0139448711933,-39.9288328646668],[-72.01399470192675,-39.928284252807245],[-72.01392772805754,-39.92803257361838],[-72.013651033771,-39.92782547885782],[-72.01344875613907,-39.927400343427855],[-72.01388724707968,-39.92717169223058],[-72.01397550010837,-39.926934012253845],[-72.01381077720234,-39.92683978325128],[-72.01335633536787,-39.926838066303674],[-72.01304892577927,-39.9267401575377],[-72.01297891564384,-39.926558386327045],[-72.01315493090532,-39.92639295663838],[-72.01388654965241,-39.926291839992174],[-72.01401539656719,-39.92631515735312],[-72.0145013141394,-39.926787594374446],[-72.01469545465133,-39.92680259553847],[-72.01520530726489,-39.92642580637259],[-72.01513046493606,-39.92665383477488]]],[[[-72.03405135103486,-39.929509356566236],[-72.03418153718259,-39.929802635795554],[-72.03416859547073,-39.9301022488231],[-72.03434891641223,-39.930136859607536],[-72.03471211368785,-39.9298462124957],[-72.03503728777514,-39.92983453915342],[-72.03538014147745,-39.92941339328854],[-72.03530489447212,-39.92935147873722],[-72.03504285951745,-39.929404761437695],[-72.03453481263256,-39.929741692565436],[-72.03442151150776,-39.9296588070279],[-72.0346653666475,-39.92942509376736],[-72.03453000309304,-39.92925166028174],[-72.03440027965027,-39.92924833951501],[-72.03405135103486,-39.929509356566236]]],[[[-72.00412591669897,-39.930049072920255],[-72.00387213934405,-39.929912534373436],[-72.00356657765636,-39.92947471294179],[-72.0031761094443,-39.92949460669592],[-72.00290980002431,-39.92934774377675],[-72.0026507962344,-39.92933104451797],[-72.00219328871422,-39.929399190838375],[-72.00211196843887,-39.92947707116321],[-72.00228954380876,-39.929871592108555],[-72.00269418735432,-39.93012201669557],[-72.0030664560841,-39.930221630922084],[-72.0041016147136,-39.930308394944475],[-72.00436367283034,-39.930255183300325],[-72.00449818740533,-39.93014868260586],[-72.00447660017433,-39.93004814342709],[-72.00421977187406,-39.92998151342234],[-72.00412591669897,-39.930049072920255]]],[[[-72.00092866221539,-39.9282854142073],[-72.00040804667397,-39.92831192735549],[-72.00032672581618,-39.92838980641161],[-72.0002833305282,-39.92878860642127],[-72.00093628547685,-39.92870553148856],[-72.0010989264687,-39.928549772438906],[-72.0013574905888,-39.928576461853275],[-72.00092866221539,-39.9282854142073]]],[[[-72.02215477299707,-39.914551895132384],[-72.02139046416417,-39.91421230699407],[-72.02087125714165,-39.914208955414104],[-72.02094084483352,-39.914400709500676],[-72.02168267816384,-39.91465973767046],[-72.02232725456183,-39.9147662893442],[-72.02282569143294,-39.915249011697775],[-72.02321477848943,-39.91525900951648],[-72.02321910605868,-39.91515913924661],[-72.02215477299707,-39.914551895132384]]]]}},{"type":"Feature","id":"2023","properties":{"year":2023,"source":"2023-2024/GIS/Delimitacion/Surface 2023.shp","sourceCrs":"EPSG:32718","geometryAreaKm2":12.161867826070708,"area":12.16,"error":0.4666621913118738},"geometry":{"type":"MultiPolygon","coordinates":[[[[-72.04052940611216,-39.9538787590302],[-72.04043249587075,-39.95397161490851],[-72.04041606322254,-39.95435252301149],[-72.04056149149132,-39.95457073578119],[-72.04083373926466,-39.95472068939739],[-72.04120803290732,-39.95465875214186],[-72.04124615472585,-39.954492894934674],[-72.04113268541302,-39.9542516663996],[-72.04052940611216,-39.9538787590302]]],[[[-72.0421781779347,-39.946163226522934],[-72.04257573417132,-39.9466381214311],[-72.04253505597283,-39.94686349662792],[-72.04311197267613,-39.94712847172042],[-72.04345221458833,-39.94713715651912],[-72.04324903242323,-39.946822140937925],[-72.04382843420801,-39.946670097829085],[-72.04415372135605,-39.946666482366545],[-72.04405520553918,-39.94643755458662],[-72.0433792647732,-39.94595555940991],[-72.04295949581284,-39.9452775193699],[-72.04264806563815,-39.94495973935679],[-72.04232996907919,-39.944796703032345],[-72.0420979940814,-39.944790779727796],[-72.04204287689171,-39.94499195306219],[-72.04215736225815,-39.94520937376764],[-72.04213009670802,-39.94548275740861],[-72.04248997435359,-39.945754109703905],[-72.04246989201239,-39.945860845601906],[-72.04218946542089,-39.94590135141755],[-72.0421781779347,-39.946163226522934]]],[[[-72.04722268820922,-39.93795035562938],[-72.0474896642594,-39.937861828203644],[-72.04755817414798,-39.937708659342675],[-72.04736431718973,-39.93753688683991],[-72.04704214541073,-39.93746909200995],[-72.04681336690983,-39.937749256787875],[-72.04698244101742,-39.93777740000483],[-72.04722268820922,-39.93795035562938]]],[[[-72.04690604721803,-39.93739412338327],[-72.04706426568288,-39.937314740899026],[-72.0470554591359,-39.93715960142288],[-72.04657968047417,-39.93706405652933],[-72.04658685044764,-39.93689740781209],[-72.04678009143748,-39.93672358630234],[-72.04675428600437,-39.93660376305129],[-72.04617948893353,-39.936291194497265],[-72.04607749018204,-39.93650309128915],[-72.04622392694229,-39.93669748985482],[-72.04605331916646,-39.93670505605793],[-72.04598583159674,-39.93683441701817],[-72.04614875648043,-39.93700540305631],[-72.04617251209552,-39.937172840302324],[-72.04642719415072,-39.937369998691835],[-72.0466720477248,-39.937435824059186],[-72.04690604721803,-39.93739412338327]]],[[[-72.0407189928828,-39.92973477809367],[-72.0404148919232,-39.929607844128974],[-72.04029735662127,-39.92946184290988],[-72.04030043517629,-39.929390422343346],[-72.04043907567787,-39.92940588083698],[-72.04058233363668,-39.92931420828871],[-72.0407214160545,-39.92896026506403],[-72.04066880473357,-39.92874442342886],[-72.04018745013197,-39.92877979232914],[-72.03970045011296,-39.928946096856784],[-72.03949996518716,-39.92892905705646],[-72.03921235805615,-39.928778708410185],[-72.03874800423976,-39.92877875620117],[-72.03832592717646,-39.92887521522343],[-72.03797653452582,-39.92908077993144],[-72.03782813862617,-39.929291483164626],[-72.03788593248005,-39.92974578912908],[-72.03804676676272,-39.92996439900656],[-72.03888374721019,-39.92993812972717],[-72.0394516568014,-39.929690480755234],[-72.03991550379753,-39.9297023337902],[-72.040109320409,-39.92987411748004],[-72.04076955284742,-39.92999823343431],[-72.04083909457444,-39.929821261765106],[-72.0407189928828,-39.92973477809367]]],[[[-72.04119258661372,-39.92952046076854],[-72.0420480222173,-39.92906564441756],[-72.0422118663733,-39.92885533003539],[-72.04215463556612,-39.928746619949344],[-72.04204896974514,-39.928684339311395],[-72.04147792494176,-39.928645924251434],[-72.04132074689612,-39.92870149281694],[-72.04108889947798,-39.92905306749336],[-72.04087090036732,-39.929083248876395],[-72.04080495059613,-39.9291768965793],[-72.04083440608106,-39.92957089472491],[-72.04095604659946,-39.92962166797044],[-72.04119258661372,-39.92952046076854]]],[[[-72.04203276210188,-39.925287710597495],[-72.04188229713887,-39.92536728453421],[-72.04196916448637,-39.925506542853554],[-72.04259194827151,-39.92542115227956],[-72.04249064439117,-39.92525769277385],[-72.04203276210188,-39.925287710597495]]],[[[-72.0477797779335,-39.91635388354464],[-72.048087928556,-39.91638556846636],[-72.04809202060368,-39.916290340158746],[-72.04791367808457,-39.916118964047236],[-72.04739627084783,-39.915915113987744],[-72.0472488481168,-39.91574452485511],[-72.04706539241535,-39.91569218284843],[-72.0467746439793,-39.91525577544719],[-72.0465303798676,-39.91517804943393],[-72.04641183044932,-39.91505586158057],[-72.04585840061422,-39.91497025209822],[-72.04537090117276,-39.91479098882785],[-72.04524723483225,-39.914787834992325],[-72.04514629327417,-39.91497592568713],[-72.04480621003889,-39.91496725163066],[-72.04465777169261,-39.914820466494334],[-72.04463812075448,-39.91455780075391],[-72.04448865942302,-39.91443482244589],[-72.0438754536125,-39.914300012391294],[-72.04366825956588,-39.91408022744229],[-72.04317360019466,-39.91406760423256],[-72.04288408235426,-39.9143223794647],[-72.04287485963275,-39.91453664221945],[-72.0426893612337,-39.91453190744882],[-72.04264700014055,-39.914077996733035],[-72.04277271445525,-39.91403353935133],[-72.04290662636912,-39.91379862602325],[-72.04291584875067,-39.913584363235024],[-72.04193883858152,-39.913273425070095],[-72.04175334374715,-39.91326868892591],[-72.0415637483123,-39.91335918028179],[-72.04127217734673,-39.91366156528911],[-72.04144434530902,-39.91397579252019],[-72.0419256774099,-39.91429791347868],[-72.04188348515451,-39.91455900058757],[-72.04172890324051,-39.91455505364255],[-72.04150633724326,-39.91469236922875],[-72.04158780928336,-39.91495661398312],[-72.04131161094156,-39.91490189469212],[-72.04128700322666,-39.915473261147184],[-72.04113652088871,-39.91537408560788],[-72.04105505020883,-39.91510984059783],[-72.04109929681962,-39.9148011400743],[-72.04082309955687,-39.91474641965371],[-72.0403511480043,-39.91492502924899],[-72.0403449941411,-39.91506787074459],[-72.04061093663012,-39.91536066154342],[-72.04072127157586,-39.91567331034636],[-72.04118707528471,-39.91563754100544],[-72.0414415871432,-39.91547720875627],[-72.04162708788327,-39.915481945615596],[-72.04168584587568,-39.91555494533072],[-72.04173742767742,-39.91579459362064],[-72.04154885030229,-39.91586127772241],[-72.04144789705033,-39.916049364734704],[-72.04142944142959,-39.91647788955034],[-72.04160485119593,-39.91743569340873],[-72.04217486039512,-39.91785541028422],[-72.0422284953609,-39.91804744451163],[-72.04238308519673,-39.9180513910758],[-72.04261386055421,-39.917723618582905],[-72.04262308512982,-39.91750935599668],[-72.04244270379462,-39.91738558577758],[-72.04241896120496,-39.917218147851315],[-72.0422056133004,-39.917141201925325],[-72.04215095386044,-39.91697297463609],[-72.04230861637804,-39.916905500365594],[-72.04258584856409,-39.91693641062905],[-72.04276315439071,-39.91713160147773],[-72.04275598016477,-39.91729825018873],[-72.04345479038692,-39.917602082837575],[-72.04328073158538,-39.91805047012375],[-72.0436961654307,-39.91846623462817],[-72.04379609203599,-39.91830195260506],[-72.04375372280836,-39.917848042198685],[-72.04384135386924,-39.91796944382799],[-72.04383008383127,-39.9182313205884],[-72.04391976453523,-39.91830510821759],[-72.04407025728158,-39.91840428047706],[-72.04438353658097,-39.91831694059163],[-72.04439480454496,-39.91805506370416],[-72.04415872911565,-39.917786876549606],[-72.04406886431558,-39.91699809069474],[-72.04415239733721,-39.917214720037386],[-72.04452136058525,-39.91727179911992],[-72.04466654005716,-39.916775006885835],[-72.04493148362205,-39.917091595603054],[-72.04545503525917,-39.917152614598734],[-72.04557645755284,-39.916488383360466],[-72.04662253074025,-39.91663421994592],[-72.046724494539,-39.916422320905056],[-72.04768395640507,-39.91642294123467],[-72.0477797779335,-39.91635388354464]]],[[[-72.04152269093181,-39.911797061957444],[-72.04124547999159,-39.911766149900124],[-72.04131354102411,-39.91198238615361],[-72.0416283311953,-39.911859342266695],[-72.04152269093181,-39.911797061957444]]],[[[-72.04040249339863,-39.91157778721836],[-72.04016140062417,-39.911786126458644],[-72.04031443778541,-39.91182578565951],[-72.04037165316615,-39.91193449630914],[-72.04067977944491,-39.91196620011946],[-72.04056791143756,-39.91168926172947],[-72.04040249339863,-39.91157778721836]]],[[[-72.02290932609486,-39.956358670440615],[-72.02247262416226,-39.95643086029598],[-72.02227874872496,-39.95661653959683],[-72.0222730648876,-39.956747474544386],[-72.02248702530312,-39.95681255726915],[-72.02269481825904,-39.956662984758175],[-72.02331506407123,-39.95664317706903],[-72.02315835313418,-39.95632932152679],[-72.02290932609486,-39.956358670440615]]],[[[-72.02232828468848,-39.95618882046788],[-72.0225541265157,-39.955980129867264],[-72.02248557355934,-39.955775787759364],[-72.02224688235115,-39.95556707171671],[-72.0220809121089,-39.95510997915313],[-72.02169475297018,-39.955088133903935],[-72.02157670157847,-39.95495401726773],[-72.02165972123235,-39.954825070943855],[-72.02141845165674,-39.95467586924193],[-72.02142206942031,-39.95459254703797],[-72.02109778115292,-39.95457229085614],[-72.02087555841193,-39.954697656505644],[-72.02093014892691,-39.95522338486316],[-72.02122501763236,-39.95556462940022],[-72.02162406231182,-39.95564638989177],[-72.02174159811894,-39.95579240968601],[-72.02158895618427,-39.95609831268063],[-72.02113885517889,-39.95612248711277],[-72.02086768186325,-39.95594868225304],[-72.02085742513518,-39.95547176005407],[-72.02073782395618,-39.955373352096785],[-72.02056561814088,-39.9554165883922],[-72.02064446238074,-39.95574036089313],[-72.02051297006325,-39.95591572539084],[-72.02046911033105,-39.95621250861099],[-72.02077221036159,-39.95672079644022],[-72.02097113678285,-39.95748856626682],[-72.02108815713781,-39.95764648991092],[-72.02150629926521,-39.957645326877966],[-72.02136144410213,-39.9574151890858],[-72.02138621547425,-39.95720132986763],[-72.02174403536065,-39.95716286528551],[-72.02211945900802,-39.95636219870691],[-72.02232828468848,-39.95618882046788]]],[[[-72.03282122566443,-39.9541701323756],[-72.0328629710526,-39.95392095557005],[-72.03268715024291,-39.95369003829908],[-72.03209063696661,-39.95351984097608],[-72.03187408431565,-39.95315679748319],[-72.03140749215288,-39.95284692803474],[-72.03120486641696,-39.95251998970318],[-72.03091975867116,-39.952310101627155],[-72.03081097778545,-39.95231922966954],[-72.03072231137668,-39.95257911939353],[-72.0305939418848,-39.95268307693717],[-72.03026450576888,-39.95278187939406],[-72.03005674077647,-39.95293146661611],[-72.03010211816975,-39.953313957512734],[-72.02986548554732,-39.95377263266091],[-72.02936126876351,-39.95397419883137],[-72.02896273832017,-39.9538805617573],[-72.02884673745747,-39.95405633341024],[-72.02870959757833,-39.95400514960484],[-72.02855544462022,-39.9536317843031],[-72.0283533450551,-39.95365043246991],[-72.02820847194408,-39.953777796831766],[-72.02823063781007,-39.95433843991866],[-72.02906482686379,-39.9550986609846],[-72.02909576317936,-39.95545694876579],[-72.02886427122391,-39.95579658869229],[-72.02881683858371,-39.956176699151435],[-72.02905864728295,-39.95667147719215],[-72.02951597485782,-39.95719561507813],[-72.02982017307502,-39.95732258088874],[-72.03014396303013,-39.95735471645567],[-72.03044661726821,-39.957517390472454],[-72.03072813730029,-39.95781060315307],[-72.03105347576407,-39.95780702646865],[-72.03131332414884,-39.957527691376356],[-72.03152987219137,-39.95753324140861],[-72.03169383597144,-39.957680441189275],[-72.0318634662256,-39.95769670469687],[-72.03213929369349,-39.95740586069869],[-72.03224342981211,-39.95714636642807],[-72.03300696413642,-39.956319857316196],[-72.03302446870394,-39.95591514530879],[-72.03278831796636,-39.95564693334899],[-72.03275066893156,-39.95544338866609],[-72.03275839200542,-39.9552648392698],[-72.03295944371382,-39.9549124950564],[-72.03282122566443,-39.9541701323756]]],[[[-72.04050488129067,-39.955165114291226],[-72.03992020541743,-39.955078674992656],[-72.03968197486978,-39.954858089664576],[-72.03960560901717,-39.95447481000105],[-72.03937560074385,-39.95406377024872],[-72.03928279846244,-39.954061398163816],[-72.03916625440223,-39.95389158815832],[-72.03877541593783,-39.953619433950976],[-72.03857223838924,-39.95330441054978],[-72.03855466416337,-39.9529941322986],[-72.03810607740199,-39.95262516742994],[-72.03799981671644,-39.952217289282366],[-72.03743161769364,-39.9517499311096],[-72.03738414374277,-39.95141505494646],[-72.03705107925916,-39.95123970470276],[-72.0368468880353,-39.95094848540169],[-72.03635299458284,-39.950912016762366],[-72.03616225705262,-39.951026301377524],[-72.03617254103212,-39.950788234596494],[-72.03607974344646,-39.950785860108276],[-72.03576733264235,-39.95084936462162],[-72.03563743097996,-39.9509890381846],[-72.0352012884094,-39.95104937453087],[-72.03521678998283,-39.95140726612057],[-72.03571796157541,-39.95199208462955],[-72.0360727812697,-39.95309748186566],[-72.03665443340195,-39.95397035159328],[-72.03813216971417,-39.95488996878383],[-72.03859824174754,-39.954854219846816],[-72.0388416067639,-39.95495577368397],[-72.03927468963954,-39.95496684463166],[-72.04015741031006,-39.955323066624985],[-72.0403966710716,-39.95551984432365],[-72.04085966597273,-39.955555506665604],[-72.04084413529027,-39.95519761494582],[-72.04050488129067,-39.955165114291226]]],[[[-72.00159669542687,-39.93913185716001],[-72.00122505979046,-39.93913415336031],[-72.00115800668591,-39.93925158194868],[-72.00133836457844,-39.939375415462095],[-72.00147753343391,-39.93937901802856],[-72.00168271486801,-39.939288997530205],[-72.00159669542687,-39.93913185716001]]],[[[-72.0008787556692,-39.94357002102515],[-72.00072815910751,-39.94376074409634],[-72.00070299868922,-39.9438382942492],[-72.00079979035637,-39.943892934866184],[-72.00071856767919,-39.94398020508929],[-72.00094233456282,-39.943938519303714],[-72.00113925714045,-39.94374997552127],[-72.00134141195518,-39.94377382843205],[-72.00092909319008,-39.94402010198932],[-72.00075568191214,-39.94422414971388],[-72.00046935237712,-39.94431355657062],[-72.00041092792638,-39.94448799729147],[-72.00052197133125,-39.945157448490356],[-72.00067892099507,-39.9454408040615],[-72.00048061502396,-39.94604824831502],[-72.00072765890721,-39.946428895894414],[-72.00066403439293,-39.94661158078029],[-72.00048324868273,-39.94670744431064],[-72.0004848882646,-39.946835960823975],[-72.00098126735664,-39.947323609166844],[-72.0007575680061,-39.94757104131104],[-72.00084194958536,-39.94785437954201],[-72.00076230304411,-39.94801616821667],[-72.00079951679928,-39.94821635965548],[-72.0008880896995,-39.94829313074035],[-72.00106217673944,-39.94823991788421],[-72.00102234627896,-39.94793352803826],[-72.00187566713873,-39.94711774382645],[-72.00205588725323,-39.94681332582794],[-72.00204929199849,-39.9465766883282],[-72.00220568892863,-39.94642991865402],[-72.00232683271766,-39.946425606080254],[-72.00250073289448,-39.946210397054706],[-72.00308512942395,-39.94590154033143],[-72.00347657970856,-39.945911667593485],[-72.00346906774107,-39.946194488735586],[-72.00368467476076,-39.94646446222485],[-72.00394962515534,-39.9466016516612],[-72.00412884656365,-39.94681854877566],[-72.00452574620489,-39.94692563457322],[-72.00477356568065,-39.94723367798584],[-72.00498219964497,-39.947663595982675],[-72.0049803379071,-39.947927943884444],[-72.0051509989101,-39.94823026752653],[-72.00509861112681,-39.94832201020496],[-72.00530764964599,-39.94852105703764],[-72.005439112322,-39.94850211247398],[-72.00559165673657,-39.94925404215291],[-72.00622356481857,-39.949682081345685],[-72.0065436218758,-39.95001047275474],[-72.00778717928009,-39.95046570008376],[-72.00814738805293,-39.950527139190726],[-72.00809532666048,-39.95061144387973],[-72.00818306701302,-39.95081852406449],[-72.00798919028993,-39.95104812111985],[-72.00748096323923,-39.951385037330446],[-72.00733265560388,-39.9516791166123],[-72.00736080878315,-39.9518101800638],[-72.00707010075021,-39.95204099752163],[-72.00684131906424,-39.95207232460081],[-72.0066430878795,-39.95229063508735],[-72.00695389382993,-39.9527082944016],[-72.00675654811731,-39.953682576863535],[-72.00681418740207,-39.953803230739126],[-72.00738554795811,-39.95412707689742],[-72.00770844082683,-39.95404604572835],[-72.00793054349292,-39.954278940429255],[-72.00802383683457,-39.954247835387186],[-72.00806513263015,-39.95407760331842],[-72.00805105769257,-39.953734642155645],[-72.00817030109548,-39.953663244542824],[-72.00827740510728,-39.95364078170723],[-72.00844344018323,-39.95381197754823],[-72.0086788761913,-39.953717913631706],[-72.00903653724924,-39.953805040052536],[-72.00915982739986,-39.95363018905909],[-72.00951160412748,-39.95351683942215],[-72.00962630580159,-39.95354959188761],[-72.00978656021881,-39.953846659487844],[-72.00994730112386,-39.95385808644341],[-72.01005467796307,-39.95416994100241],[-72.01036968482171,-39.95404773602693],[-72.0106859288058,-39.954119204302835],[-72.01072310749927,-39.95426539546352],[-72.01045465056731,-39.95442976564635],[-72.01036937380354,-39.95461003509539],[-72.01044327377573,-39.954801860802306],[-72.00975350645541,-39.95552883290678],[-72.00972827354627,-39.95588567462876],[-72.00951138560403,-39.9559768960989],[-72.00929436663648,-39.95596012105942],[-72.00931123620167,-39.95612813153998],[-72.00954707178349,-39.95626828063301],[-72.0096731663916,-39.95648379768703],[-72.00984250078427,-39.95648444546892],[-72.01020399897979,-39.956072978122954],[-72.01006661514776,-39.955894409078844],[-72.0101359653594,-39.95563552715866],[-72.01046985611228,-39.95541326449568],[-72.0105829404288,-39.95548321317551],[-72.01080809186507,-39.95520228463528],[-72.01082216407994,-39.954990386189024],[-72.01123049485287,-39.954725355662994],[-72.0110176930564,-39.95461187161958],[-72.0110536622014,-39.95445267261909],[-72.01138910838972,-39.95441664174244],[-72.01174459088686,-39.954142797921655],[-72.01196322518234,-39.954122371087],[-72.01161222513616,-39.95451549568058],[-72.01142569013676,-39.955020855568904],[-72.01161851209449,-39.955148718942674],[-72.0117443564344,-39.95580134950526],[-72.01197837940488,-39.95597287581632],[-72.01235130249287,-39.95598874040968],[-72.01254989294328,-39.95592869468431],[-72.01267653658,-39.95568735137059],[-72.0132158537521,-39.955245190687116],[-72.01330470445129,-39.95489993091147],[-72.01315236870332,-39.95459432263381],[-72.01336749127752,-39.95443229478646],[-72.01450355217663,-39.95417856712429],[-72.01471276787848,-39.95419469649115],[-72.01494560259667,-39.954330487934655],[-72.01528224142699,-39.95431109408445],[-72.01620757869654,-39.953978865497476],[-72.01661053784078,-39.95406112251299],[-72.01693374458031,-39.953972625743134],[-72.01771619666897,-39.95354728101956],[-72.01816318368587,-39.95354985160299],[-72.01979592495688,-39.95325672227577],[-72.02037225490629,-39.95322239408422],[-72.02088860219048,-39.953327598825354],[-72.0212649312915,-39.95357560667929],[-72.02173306593497,-39.95349231293658],[-72.02207229940228,-39.9535248679889],[-72.02231046667845,-39.95374548735855],[-72.02293168946345,-39.954059367607236],[-72.02270582441774,-39.95462555243631],[-72.02257692267138,-39.95474140365573],[-72.0225279064988,-39.955157219896044],[-72.02262687666091,-39.95537426034026],[-72.02287021773856,-39.95547584695059],[-72.02309395999158,-39.95567226105476],[-72.02308931100936,-39.955779389745445],[-72.02328728558335,-39.95585597657689],[-72.02329603803156,-39.95601111554405],[-72.02349401351161,-39.95608770205227],[-72.02385647460368,-39.955942101931186],[-72.0247999776201,-39.955966341156945],[-72.02500621443623,-39.95585247382085],[-72.02505881075446,-39.95571082712279],[-72.02500367208685,-39.95519700278592],[-72.02485777710903,-39.95499067546276],[-72.02493100216078,-39.95473039398086],[-72.02557650350509,-39.9544848097053],[-72.02559713141343,-39.954366174713826],[-72.02591369447074,-39.95420747284401],[-72.02593535374726,-39.95406503131904],[-72.02621685315678,-39.9540007600543],[-72.02656899002262,-39.953735721403056],[-72.02690719614726,-39.953792068875586],[-72.02767693190341,-39.95353774496935],[-72.02787645282497,-39.95357861419843],[-72.02806978616984,-39.95376232204326],[-72.02820898757486,-39.95376589358454],[-72.02825178052429,-39.95349291253529],[-72.02861318726617,-39.953371103091555],[-72.02874516967555,-39.95318382513342],[-72.02863174698848,-39.95294258598443],[-72.02843583638942,-39.95281839534383],[-72.02818682375408,-39.952847756177114],[-72.02807288791529,-39.952618419809276],[-72.02792234756313,-39.95251922535951],[-72.02789554301756,-39.952065711402184],[-72.02778264064719,-39.95181256831079],[-72.02760271682298,-39.95167687003518],[-72.02760684239395,-39.95158164407425],[-72.02792287224554,-39.951434839249764],[-72.02788523929432,-39.951231293469284],[-72.02733051748346,-39.95116939252415],[-72.02673712685245,-39.95128524350647],[-72.02668454714754,-39.951069397222504],[-72.02683251184138,-39.950870615181046],[-72.02779502344522,-39.950811901769896],[-72.0278326590866,-39.9506579532431],[-72.02838325326736,-39.950100088781085],[-72.02905550742163,-39.94995050251991],[-72.02951794085716,-39.94999811193368],[-72.03045361769792,-39.9494858615298],[-72.03092849047457,-39.94936451970485],[-72.03185375943139,-39.94933174343549],[-72.03215950144934,-39.94942233373185],[-72.03238016374594,-39.949690150113234],[-72.03266732493316,-39.94985242122597],[-72.03308593661583,-39.949839311308],[-72.03345616028564,-39.94963054257679],[-72.03468634680124,-39.94917126161884],[-72.03541316939655,-39.948474876142015],[-72.03587714154126,-39.94848674994221],[-72.03610086028888,-39.948325643606424],[-72.03674836415428,-39.94838987590561],[-72.03739998097372,-39.948358877766736],[-72.03800617708221,-39.94794538637378],[-72.03854331148746,-39.94769695713887],[-72.03899792166409,-39.947208085726004],[-72.0394031061523,-39.94714694346821],[-72.03957008601583,-39.94686521496843],[-72.03991648723478,-39.94673106945998],[-72.0399824565433,-39.94663742316995],[-72.04032372186221,-39.94662231027946],[-72.04058259122775,-39.94708175173083],[-72.04083619897675,-39.94694523267158],[-72.0413331469402,-39.946910260831736],[-72.0414886890682,-39.94617540981884],[-72.0416505263562,-39.94601271195421],[-72.04196085795775,-39.945996804160814],[-72.04203092850764,-39.94580792926722],[-72.0416978776703,-39.94563259280643],[-72.0416122708045,-39.94546357527173],[-72.04093077829215,-39.94547000128228],[-72.04078228655844,-39.9453232097418],[-72.04078844610726,-39.94518036893656],[-72.04101008962435,-39.94506686582776],[-72.04141525998304,-39.94500571598026],[-72.04176472702791,-39.944800143967704],[-72.04180181434609,-39.94465809290847],[-72.04227602390105,-39.94443187184959],[-72.04245427059189,-39.94388826316049],[-72.04248607487392,-39.9431502509883],[-72.04264687643683,-39.943011358159175],[-72.04303033578675,-39.94273515081254],[-72.04340763856158,-39.94260178328306],[-72.04360141699863,-39.94241606467189],[-72.0440034936839,-39.942426325720895],[-72.0443365357575,-39.94260165527981],[-72.04539017470847,-39.94258086854225],[-72.04634692801059,-39.942652934052425],[-72.04656957904504,-39.942515612688716],[-72.04663963292766,-39.94232673431516],[-72.04688911380562,-39.94228542858752],[-72.04689730871297,-39.94209497302886],[-72.0467199305854,-39.941899786462756],[-72.04559708569619,-39.941370660109975],[-72.04530009881756,-39.9410770885688],[-72.04536503020077,-39.94100724558233],[-72.04554342698789,-39.94117862710628],[-72.04597130237734,-39.941308704518484],[-72.04612082206722,-39.94143168264753],[-72.04673427224715,-39.94156648925874],[-72.04674861367013,-39.94123319203121],[-72.04693828208012,-39.94114269512042],[-72.04676602793413,-39.94082847393761],[-72.04603911717314,-39.940452443696195],[-72.04569890757635,-39.94044376768815],[-72.0456132963589,-39.94027475285763],[-72.04548855934786,-39.94029540454067],[-72.04540294882102,-39.94012638957644],[-72.04547710211409,-39.93984228417405],[-72.04581833331488,-39.93982715379368],[-72.04617269074474,-39.93878753530452],[-72.04659011225094,-39.93844068237482],[-72.04679103973065,-39.93808830886489],[-72.04639001181077,-39.93805425145129],[-72.04604674046048,-39.93811699773371],[-72.04508715768192,-39.93883134932207],[-72.04470782901905,-39.93901233709793],[-72.04445938423557,-39.93902983162521],[-72.04434387541693,-39.938836220008874],[-72.04465827432341,-39.938725076128755],[-72.04486433707767,-39.938253671793255],[-72.04502409707513,-39.93813858188622],[-72.04507654581245,-39.9376394254095],[-72.0448383551538,-39.93741885171933],[-72.04419094386765,-39.937354668065964],[-72.04401050958299,-39.9372308986518],[-72.04363102007781,-39.93669688701738],[-72.04309075281923,-39.93630176875313],[-72.04292673152922,-39.93579708761956],[-72.04300088919751,-39.93551298382218],[-72.04340805190564,-39.935404211001774],[-72.04398521901685,-39.93494227888781],[-72.04410994654786,-39.93492162846984],[-72.04421809872352,-39.93456689198709],[-72.04410157229312,-39.93439708721609],[-72.04392217073446,-39.9342495109836],[-72.04330776623203,-39.934138498809816],[-72.04329341172024,-39.93447179541038],[-72.04304600869506,-39.93446548060655],[-72.04266243874193,-39.93402669397136],[-72.04188930999646,-39.934006954433606],[-72.04161919096838,-39.93380939201662],[-72.04140476765237,-39.93375624981917],[-72.04128517162731,-39.933657863078516],[-72.04126450668369,-39.93341900464177],[-72.04087890169933,-39.933027826370875],[-72.03963986296225,-39.93304383591755],[-72.03955119535068,-39.93294623777568],[-72.039527456808,-39.93277879970804],[-72.03989957753058,-39.93276447581407],[-72.04056233347465,-39.93247157906781],[-72.04140242245848,-39.93237387209116],[-72.04159514968629,-39.93221196256807],[-72.04205901460135,-39.932223807645656],[-72.04233323134956,-39.93232614135329],[-72.04242087674382,-39.93244754437735],[-72.04246734243051,-39.932806226733035],[-72.04269730616794,-39.93321725972842],[-72.04308702437132,-39.93351320475436],[-72.04354372221547,-39.93369169253949],[-72.04412617309613,-39.93382572117618],[-72.04480652593243,-39.93384307905055],[-72.04516104777908,-39.93351845929876],[-72.04534967158737,-39.9334517711313],[-72.04539903864416,-39.933024034791224],[-72.04476498977733,-39.93265036553525],[-72.04459583912046,-39.9322647210498],[-72.0443009434893,-39.931923534269366],[-72.04404739954326,-39.9320600635022],[-72.04403612466695,-39.93232193967368],[-72.04418254728805,-39.93251634040734],[-72.04414854786796,-39.932586972131325],[-72.04387227701167,-39.93253225643046],[-72.04376293023313,-39.93219580298907],[-72.04324131714705,-39.932087158530656],[-72.0430011001237,-39.93191419560593],[-72.04287637785559,-39.93193484502573],[-72.0428393012413,-39.932076897032125],[-72.04319296302238,-39.93249108663957],[-72.04310018956149,-39.932488718666505],[-72.04226097029219,-39.931847634968705],[-72.04225363468727,-39.93129928697896],[-72.04179387886609,-39.93119221538566],[-72.04167018341514,-39.93118905666399],[-72.04160218090283,-39.93133031851031],[-72.04141150804375,-39.93144461441542],[-72.0413672474867,-39.931753313947596],[-72.041208523152,-39.931844592371725],[-72.04099205418518,-39.931839063354936],[-72.04062712160942,-39.93168674298417],[-72.0402106056497,-39.93129477289289],[-72.04002506246934,-39.931290032217326],[-72.0399292117512,-39.93135908228772],[-72.03993550234541,-39.9319312365793],[-72.03965718508287,-39.931924124700856],[-72.03914174170406,-39.9316726211253],[-72.03870675208645,-39.93170916863431],[-72.03866966707227,-39.931851218999256],[-72.03878617578583,-39.932021028653956],[-72.03871623181703,-39.93292489692394],[-72.03845548498514,-39.93322806096797],[-72.03814212988205,-39.93331538185349],[-72.03764733454237,-39.933302730037866],[-72.03723185440003,-39.93288694280884],[-72.03687000795013,-39.93266319040546],[-72.03672874398711,-39.93234974734126],[-72.0363452267218,-39.931910941544075],[-72.03522879486441,-39.931238882235334],[-72.03504325267177,-39.93123413359324],[-72.03478763785567,-39.93141825544144],[-72.03456911500463,-39.93146032793355],[-72.0342598772297,-39.93145241156975],[-72.03390421910825,-39.93108581019717],[-72.03371867755162,-39.931081059450506],[-72.0334352221795,-39.93119296627757],[-72.0333311359668,-39.93145246423466],[-72.03311158353178,-39.93151834063253],[-72.03310438224497,-39.93168498747327],[-72.03328169572626,-39.931880192819186],[-72.03327655218484,-39.931999226288376],[-72.03392801321368,-39.93196824198146],[-72.03392287077583,-39.932087275518576],[-72.03354149604272,-39.932315840577246],[-72.0335054286794,-39.93243408217477],[-72.03378175672117,-39.9332038151564],[-72.03390031221309,-39.93332601593469],[-72.03411678447434,-39.93333155836179],[-72.03411061363978,-39.93347439859676],[-72.03395393320788,-39.933518053145555],[-72.0339415907362,-39.93380373355977],[-72.03371174483968,-39.9341076777869],[-72.03362932152113,-39.93458222787046],[-72.03340255777437,-39.93481475124263],[-72.0334046717623,-39.93489552115136],[-72.03359132793213,-39.934915993585534],[-72.03357576479826,-39.93510518311717],[-72.0334139363835,-39.935267870199446],[-72.03349745397733,-39.93548450621985],[-72.03345109668933,-39.9358408145048],[-72.03335420422256,-39.935933665289454],[-72.03320060430443,-39.93590589854836],[-72.03285138460049,-39.935586119637705],[-72.0328552761698,-39.936016219028254],[-72.03272745684053,-39.93610827711481],[-72.03235531786277,-39.936122577228474],[-72.03203782538598,-39.93630510739312],[-72.03163167112453,-39.936390032712175],[-72.03099664227528,-39.93604009647293],[-72.03065645915906,-39.936031377121125],[-72.03055853296549,-39.93614803203351],[-72.03038595567796,-39.93608044400124],[-72.03028252378338,-39.936122479363554],[-72.03032962300287,-39.93644645718302],[-72.03016766766304,-39.9364311780053],[-72.03008704291221,-39.93620656650619],[-72.02976601367256,-39.93594240943367],[-72.02956435338513,-39.93592611136243],[-72.02944451537279,-39.93602318339709],[-72.0290902830389,-39.935858318046925],[-72.02917536721948,-39.93577251330984],[-72.02915468835002,-39.93557966130155],[-72.02948455286345,-39.935334894681496],[-72.02957474273302,-39.93503929468867],[-72.02936534467258,-39.934736012426654],[-72.029419137813,-39.934610778978545],[-72.02928189693274,-39.9342050774465],[-72.02909891887941,-39.93396205477482],[-72.02915302794067,-39.93360594718292],[-72.029305229437,-39.93349633290942],[-72.02935852290739,-39.932769613497655],[-72.02895698072214,-39.93232361844056],[-72.02867898570385,-39.932264353655796],[-72.02805954273573,-39.93249424169246],[-72.02703920978786,-39.93259839762515],[-72.02745763211918,-39.93208603352791],[-72.02724789301502,-39.93201220275862],[-72.02675210456385,-39.932023418739355],[-72.02637995883157,-39.93217746376609],[-72.02601291832372,-39.932462596740926],[-72.02584540727148,-39.932798636505694],[-72.02579498592058,-39.933180904434025],[-72.02544546651966,-39.93354432089333],[-72.02534109777031,-39.93349695403701],[-72.02523220067586,-39.93321303347915],[-72.02499611081738,-39.9330859128912],[-72.02496503153252,-39.93291009111033],[-72.0252950580018,-39.93266161663989],[-72.02579270291528,-39.932482824975615],[-72.02599521085676,-39.932020461836245],[-72.02521221026173,-39.93145256078171],[-72.02493384054819,-39.93128566652782],[-72.02479822815175,-39.93128963152522],[-72.02475958557272,-39.931557772691406],[-72.02457573634183,-39.931797849586594],[-72.02402428925691,-39.93229382644406],[-72.02379170962486,-39.93241446415378],[-72.02370731623411,-39.932352713418815],[-72.02445086189601,-39.931715614328795],[-72.02451717415435,-39.931412749704556],[-72.02396475339233,-39.93110064679333],[-72.02299098774796,-39.93113520924449],[-72.0229494373232,-39.931089454582185],[-72.02393544562895,-39.930995624476594],[-72.02448464572731,-39.93127040572382],[-72.0245922388602,-39.931131660768784],[-72.02440750754022,-39.93104126602155],[-72.02451381516869,-39.9308205621477],[-72.02396134769425,-39.93013964887666],[-72.02362067996762,-39.93014281319572],[-72.0235923185047,-39.93043999708965],[-72.02344131565089,-39.93035270175066],[-72.02343256255372,-39.93019756230695],[-72.02312488183071,-39.9301539067268],[-72.02320786573983,-39.93002495760595],[-72.02353668345509,-39.9299380745051],[-72.02376294633947,-39.929717474172975],[-72.02342436402093,-39.92931553037485],[-72.02319554157776,-39.92923815169071],[-72.022941990369,-39.92901713902443],[-72.02246166162226,-39.92902862733859],[-72.02222667199709,-39.92873659119294],[-72.02231275282986,-39.92853622327608],[-72.02264156426992,-39.92844934247796],[-72.02304355159355,-39.9284596732311],[-72.02326516663858,-39.928346202908926],[-72.02328733591094,-39.928191857983855],[-72.02321467518014,-39.92808274236891],[-72.0230590333623,-39.92810257591485],[-72.02292452929477,-39.9279918709007],[-72.02287197500917,-39.92777602322789],[-72.02241176130536,-39.92768077982023],[-72.02224582124046,-39.92758118253876],[-72.02222006144375,-39.92746135535245],[-72.02253237468145,-39.92739788373096],[-72.02269214382981,-39.927282824902534],[-72.02343529382236,-39.92727808869149],[-72.02344664517892,-39.9270162171821],[-72.02328741296728,-39.926761879136286],[-72.02298181179916,-39.926670610731605],[-72.02279114481895,-39.92642738072165],[-72.02222736170839,-39.92622222639593],[-72.02222015979646,-39.92603137716638],[-72.02263245460988,-39.92580364398118],[-72.02283855872652,-39.92640476620216],[-72.02317043569171,-39.92660395873348],[-72.02338533675872,-39.92664523017277],[-72.02362548419359,-39.92681823144642],[-72.0241465053707,-39.92693886502432],[-72.02429596829089,-39.92670437408814],[-72.02460982374336,-39.926605186869644],[-72.02500251854883,-39.92682976923389],[-72.02517618684244,-39.92710830871098],[-72.02528595926724,-39.92707537795009],[-72.02536893512975,-39.92694642693501],[-72.0251380646863,-39.92655917024823],[-72.02447997449399,-39.92602985927241],[-72.02426715137798,-39.92558348186953],[-72.02407441917943,-39.925387866924424],[-72.02373738624935,-39.92530770964372],[-72.02358742590869,-39.92519660832288],[-72.02404917258151,-39.92525613675777],[-72.02430324341553,-39.925107748457386],[-72.02450268033358,-39.92514862056891],[-72.02543443981055,-39.924362225403186],[-72.02587092825978,-39.9246475117949],[-72.02602862350633,-39.92458006100624],[-72.02614973141364,-39.92428525698457],[-72.02630330217858,-39.92431303207071],[-72.02644347264847,-39.92465029245724],[-72.02662693412502,-39.924702667372415],[-72.02693459274977,-39.924388817300155],[-72.02720153824,-39.92430033550804],[-72.02715618627724,-39.9239178431089],[-72.02744632153153,-39.92400870360037],[-72.02760762018718,-39.923857927433474],[-72.02764832879242,-39.92363255800146],[-72.02797608029587,-39.9235694674891],[-72.02818890751884,-39.923300847156774],[-72.02838988711305,-39.92330600254224],[-72.02878463678816,-39.92348295869353],[-72.03001680616102,-39.92362180235275],[-72.0303017972129,-39.92383168908803],[-72.03149585328035,-39.924136371463156],[-72.0318854716899,-39.924432350944805],[-72.03214983961664,-39.92440337426117],[-72.03214469547646,-39.92452240776198],[-72.03195351299195,-39.92464859167038],[-72.03183345785749,-39.92491959594603],[-72.03196642785427,-39.92506600100693],[-72.03217204308082,-39.92496401989024],[-72.03233850672984,-39.92505169992751],[-72.0323947190616,-39.92554171751171],[-72.03276165724195,-39.92564644869225],[-72.03281887059971,-39.925755162833134],[-72.03273696908944,-39.92621780966302],[-72.03288283253609,-39.92642412657212],[-72.03321422625825,-39.92663519473665],[-72.03349152613745,-39.9270236247155],[-72.0340197668662,-39.926977567469834],[-72.03458762747249,-39.926372445076105],[-72.03507256414821,-39.92625377528965],[-72.03504832395754,-39.92609823999807],[-72.03497102050035,-39.926096261523234],[-72.03463752710766,-39.92557531479334],[-72.0343978686973,-39.92539043210129],[-72.03447153341517,-39.92511823757804],[-72.03491007993496,-39.92499838085015],[-72.03525020975198,-39.925007085735665],[-72.03529920456019,-39.925306252903354],[-72.03556824483815,-39.925527635199245],[-72.03615939131707,-39.925816840642575],[-72.03619447098963,-39.92607990184791],[-72.03596825928783,-39.92630052849876],[-72.0358121103585,-39.92633228286516],[-72.03561934209236,-39.92613668588084],[-72.0354008366737,-39.92617876061002],[-72.03539415618454,-39.92633350456904],[-72.03551373126902,-39.92643189672804],[-72.03549780124987,-39.92680090156661],[-72.03586839451611,-39.927179796752625],[-72.0360652765684,-39.92728016633332],[-72.03622142758562,-39.92724841170456],[-72.03641723369664,-39.927015090258166],[-72.0368258951022,-39.92687062880685],[-72.03700469638522,-39.92667262097213],[-72.0372402041548,-39.9265952284418],[-72.03781020135685,-39.92665747051988],[-72.03795967545828,-39.92678045775981],[-72.03795094677133,-39.92698281569152],[-72.03813134373273,-39.927106593356946],[-72.03830141433534,-39.92711094138922],[-72.03867138988349,-39.92678673629796],[-72.04044822820053,-39.92614098290845],[-72.04075634568102,-39.925815190658675],[-72.04080990893331,-39.92564972725724],[-72.04093359431864,-39.92565288653475],[-72.04097015764536,-39.92552273846224],[-72.04149735821511,-39.9255004533741],[-72.04178282861639,-39.925340911564476],[-72.04176993181656,-39.92528099951757],[-72.04126691198073,-39.92510132217294],[-72.04125606705436,-39.92499379629602],[-72.04156681610533,-39.92496598259429],[-72.0416749624228,-39.924611247865045],[-72.04195222514237,-39.92464216073625],[-72.04220838824175,-39.924803616268484],[-72.04271755976644,-39.92484044798428],[-72.04277624320595,-39.924555948808084],[-72.04299627733951,-39.92447814939371],[-72.04311526320582,-39.92423093882397],[-72.04322553587302,-39.92418608708634],[-72.04342549588094,-39.924215023447225],[-72.04375383921533,-39.92449748314781],[-72.04387701047288,-39.924512542686195],[-72.04449277549787,-39.92423033952889],[-72.04482000512715,-39.92417910436038],[-72.04546873257846,-39.92385007051327],[-72.04672716302264,-39.92373915850674],[-72.04711254152157,-39.923415318271275],[-72.04776750118609,-39.923300928222545],[-72.04852698595091,-39.92291511647367],[-72.04863929934676,-39.922822645242825],[-72.04863304670944,-39.92260798783078],[-72.04943492661705,-39.92267607940928],[-72.04987394593007,-39.92254426088931],[-72.0504236164471,-39.92199817805358],[-72.05060913628708,-39.922002901181294],[-72.05119342174683,-39.92173177684556],[-72.05124440106707,-39.921625825289226],[-72.05160917698039,-39.92142061092481],[-72.05182395098039,-39.92110432917271],[-72.05085036865802,-39.92071013625045],[-72.05058755378295,-39.92070344579105],[-72.05058090877398,-39.92085819202015],[-72.05031247015746,-39.92098244001163],[-72.04981878073835,-39.92094603625095],[-72.0494564400474,-39.92073422713168],[-72.04905755679022,-39.920652568347286],[-72.04893387949446,-39.92064941806143],[-72.04878604766293,-39.92084823395976],[-72.04803005735387,-39.9207932239541],[-72.0474694154986,-39.920874269838265],[-72.04710043004093,-39.92081719938634],[-72.04653917128581,-39.92055264473709],[-72.0462170791662,-39.92048485037331],[-72.04547328597415,-39.91978664042285],[-72.04453785072229,-39.91922653585763],[-72.04446055432886,-39.91922456398965],[-72.04445338368585,-39.919391212895945],[-72.04463121307381,-39.91957449774327],[-72.04438283895593,-39.91959199472231],[-72.04431741599088,-39.919673741575565],[-72.04452514015617,-39.91988162237765],[-72.04452206702636,-39.91995304333426],[-72.04430307372311,-39.92000703931329],[-72.04430931306761,-39.92022169654034],[-72.0445927999584,-39.92046725975622],[-72.04606063855559,-39.92124352155011],[-72.04551074412322,-39.92107458415848],[-72.04430111733383,-39.92041215237391],[-72.04318905590056,-39.92035994258763],[-72.04288550292222,-39.920221112807646],[-72.04275559259158,-39.920003298833024],[-72.04236594901656,-39.91970735494383],[-72.04206240064072,-39.91956852315827],[-72.04117242638347,-39.919390882074595],[-72.0406937020206,-39.91936673826062],[-72.03988783888235,-39.91975131368483],[-72.03954619450026,-39.919778333666635],[-72.03933335544474,-39.91968947886577],[-72.0382788589494,-39.918661536128354],[-72.03787692336473,-39.9186512602777],[-72.03785781156498,-39.91837669102154],[-72.03759341038166,-39.918048183767205],[-72.03785050596399,-39.91782834298392],[-72.0378349874174,-39.91747044972186],[-72.03816526777975,-39.917347811746076],[-72.03827347916277,-39.9173505781144],[-72.03834615410996,-39.91745968491334],[-72.0382101660362,-39.917742205723364],[-72.03829419430039,-39.91794693519638],[-72.03877136788905,-39.91800679884914],[-72.03908619048146,-39.91788376316184],[-72.03964052094108,-39.91723060192312],[-72.03949202090928,-39.91672631207153],[-72.03968060250395,-39.916659631488464],[-72.03977950971401,-39.91651916003925],[-72.03999798184286,-39.91647707576313],[-72.04006597099954,-39.91633581412767],[-72.03981035654151,-39.91616245153906],[-72.03971086706686,-39.91595732804203],[-72.03938983015145,-39.915865708777474],[-72.03922806319422,-39.91602840661737],[-72.03901523591409,-39.91593955162182],[-72.03884204873377,-39.9156491279783],[-72.03848907149407,-39.915580522983674],[-72.0384792578281,-39.9154491900334],[-72.03870234518074,-39.9152999771534],[-72.03887136049792,-39.915328130169456],[-72.0388631511212,-39.91551858522774],[-72.03907854217823,-39.91554792323812],[-72.03917590974902,-39.91544316259975],[-72.03892023469845,-39.914912299871055],[-72.03868111276839,-39.914715523248105],[-72.0384049181291,-39.91466079714108],[-72.03842916352868,-39.914816332126755],[-72.03859202004345,-39.91498732676707],[-72.03845084326542,-39.91503138429544],[-72.03813391813063,-39.91484453426959],[-72.03782372758562,-39.91486043699247],[-72.03772373252905,-39.91466721546477],[-72.03821371247817,-39.91442949475197],[-72.03833218246102,-39.91419419215596],[-72.03863050361831,-39.914094568752105],[-72.0391694832709,-39.91415601027232],[-72.03934574639987,-39.91437501271377],[-72.0398265578929,-39.91470904557301],[-72.03996414303606,-39.914748310489635],[-72.04009037302394,-39.91469195267805],[-72.04011506262272,-39.91447808538877],[-72.04034019457212,-39.9142812552526],[-72.04039323530445,-39.91412769492579],[-72.0401293495806,-39.913787289949134],[-72.0400550641578,-39.913356395966375],[-72.04021323284903,-39.91327702082517],[-72.04019411185229,-39.91300245144674],[-72.04036876291893,-39.91289966402467],[-72.04042128956183,-39.91275800707499],[-72.04094018899883,-39.9129261763705],[-72.04108187261058,-39.91287021210596],[-72.04108904976897,-39.91270356351966],[-72.04091278487805,-39.91248456363101],[-72.04073088131045,-39.91239650165152],[-72.04054487630356,-39.91240366712645],[-72.04044854086581,-39.91248462226937],[-72.0401074457597,-39.91249974180439],[-72.03991272196512,-39.91270926505509],[-72.03957162571926,-39.91272438296593],[-72.0393958787031,-39.91249347748994],[-72.03956430424039,-39.912176034093605],[-72.0394580826187,-39.91176815678307],[-72.03930094259337,-39.911823724099406],[-72.03911654623265,-39.91215267553483],[-72.03890321779586,-39.91207572417573],[-72.03877288751104,-39.912227308429884],[-72.03850183356869,-39.91205354844495],[-72.03804015890348,-39.91199408032648],[-72.03775262385878,-39.91184373038331],[-72.03725798322223,-39.911831082524245],[-72.03724874378446,-39.91204534428084],[-72.03781868230699,-39.912465080331316],[-72.03782336247113,-39.91271544769062],[-72.03745237723787,-39.91270596204903],[-72.03717773172826,-39.91261552303991],[-72.0367835328047,-39.91242669328889],[-72.03654853291988,-39.91213468533809],[-72.03631666935436,-39.9121287544732],[-72.03628375361666,-39.912533075337485],[-72.03654812873653,-39.912861584847626],[-72.03646621895567,-39.9129667386982],[-72.03582161544804,-39.912842999641825],[-72.03555477456365,-39.91328900132165],[-72.0350369145349,-39.91309700147204],[-72.03443406179663,-39.9130815720949],[-72.03400591087109,-39.91332085964623],[-72.03359886845816,-39.913429604007455],[-72.03327425424051,-39.91342129218737],[-72.03321602116853,-39.91333638518989],[-72.03337368314438,-39.91326892306576],[-72.03337882310792,-39.91314988920082],[-72.03354059621856,-39.912987199722735],[-72.03300368855501,-39.912878118975875],[-72.03290011137612,-39.91276821750708],[-72.0321921442821,-39.91267858519637],[-72.03215300182244,-39.91286824725852],[-72.03185776326227,-39.91289643361719],[-72.03169544302219,-39.9127135268777],[-72.0312172851917,-39.91267744231694],[-72.03108848040371,-39.91279330715383],[-72.03090298868732,-39.91278855370035],[-72.03079992954619,-39.91266674711923],[-72.03035423146137,-39.91259574123892],[-72.02994922647899,-39.91229936252907],[-72.0295524775268,-39.912170025690415],[-72.02907791225205,-39.911693112406056],[-72.02845600119518,-39.91140308285402],[-72.02816385723335,-39.91135983996342],[-72.02777175171147,-39.91112336734018],[-72.02672065321973,-39.91038140552621],[-72.02633731603332,-39.90994257198101],[-72.02613586068279,-39.909949317778995],[-72.02609567324133,-39.91016278394221],[-72.02632959079496,-39.91047861794802],[-72.02642285317829,-39.91118408734405],[-72.02618275165891,-39.9113685893549],[-72.02598283777101,-39.91169712087846],[-72.02573036765318,-39.9118098051984],[-72.02564432257618,-39.91165268129436],[-72.02529395814233,-39.9115245207478],[-72.02518060335252,-39.91164077561505],[-72.02464372176897,-39.911531656952256],[-72.02413259109528,-39.91189985853121],[-72.02413825255825,-39.91212641805286],[-72.02397852256038,-39.9122414805229],[-72.02397181966325,-39.912396223250155],[-72.02452931131253,-39.91274420502938],[-72.02450715195926,-39.9128985508348],[-72.02468696507475,-39.91339174649698],[-72.02504660996168,-39.913663145622124],[-72.02523158289557,-39.91403730763974],[-72.02559174862797,-39.91429680195005],[-72.02587153532788,-39.914625730979836],[-72.02616420601548,-39.91537206864358],[-72.02631363499448,-39.915495069460604],[-72.02649861927708,-39.91586922978618],[-72.02651201782139,-39.916274735696064],[-72.02662898686263,-39.91643265260254],[-72.02673256097334,-39.91690005540228],[-72.02683819455065,-39.916962348954875],[-72.02683922752367,-39.917296038284206],[-72.02672741079287,-39.91737658439205],[-72.02652387254217,-39.91743094327695],[-72.02564530855982,-39.91734880840998],[-72.02539127522954,-39.91713970533103],[-72.02500481177479,-39.91712978209037],[-72.02489402435931,-39.91718651978614],[-72.02481261518939,-39.91692226563412],[-72.02504861654104,-39.9168329937802],[-72.02508365745798,-39.91673856135423],[-72.02581381241745,-39.91667389225509],[-72.02540416613849,-39.91648462732302],[-72.02518723892919,-39.9161334781845],[-72.0248657075599,-39.916053722619615],[-72.02383981359431,-39.91544346361314],[-72.02373109092309,-39.915452587162775],[-72.02373778204571,-39.915655339991204],[-72.023129754911,-39.91575888375935],[-72.02305760550679,-39.915995360357016],[-72.0228540689131,-39.91604971284511],[-72.02165864696153,-39.915780657313654],[-72.02074713086984,-39.915745304458255],[-72.02028958179689,-39.91559053930719],[-72.01964189019554,-39.91553812979959],[-72.01951409388485,-39.91563017432976],[-72.01953726356757,-39.9158095181508],[-72.02062547170162,-39.916409500951836],[-72.02072593619955,-39.91659083227843],[-72.02050900300209,-39.91659717001848],[-72.02005196532753,-39.91643050052113],[-72.01979946838753,-39.91654317082933],[-72.01961706709041,-39.91646697956254],[-72.01936715177109,-39.91652013275006],[-72.01937899472684,-39.91660385304837],[-72.01997583823456,-39.917070544734855],[-72.02003443646201,-39.91723590409279],[-72.01983592987119,-39.91784300896302],[-72.01963445135115,-39.917849742563796],[-72.01951439775722,-39.9177632384908],[-72.0193010395676,-39.91804374570632],[-72.01910162668499,-39.918002865463784],[-72.01928251879852,-39.917757272871974],[-72.01927274192583,-39.91762593967608],[-72.01868587326655,-39.91724142710876],[-72.01834785367332,-39.9171850621779],[-72.01810822621748,-39.91735764249267],[-72.01806749149517,-39.9175830077662],[-72.01821845999164,-39.9176703089963],[-72.01793396085505,-39.918163479816535],[-72.01754805717698,-39.91778413418681],[-72.0166587484064,-39.91723691062069],[-72.0161496541248,-39.91719996684471],[-72.01610736195164,-39.91746104077368],[-72.01588680639449,-39.917550692060324],[-72.01543799282402,-39.91755104732262],[-72.01496291774569,-39.917443475647765],[-72.01450479294174,-39.917658084473715],[-72.01391581762269,-39.91767865482843],[-72.01361537865215,-39.91782582525415],[-72.01350044115631,-39.91797777694953],[-72.01328557398779,-39.91793648832644],[-72.01315628109907,-39.917706741522295],[-72.0129244036753,-39.91770076319622],[-72.01290221607562,-39.917855105645216],[-72.01255384556706,-39.91803678692413],[-72.01235547289096,-39.91797208891066],[-72.01255798707143,-39.91794156171461],[-72.01217048812039,-39.917955401832444],[-72.01205147978358,-39.91784508406893],[-72.01182115556405,-39.91780339408589],[-72.01163151082396,-39.9178938344483],[-72.01162374309419,-39.91807238156499],[-72.01133875639046,-39.91821994457623],[-72.01133150571818,-39.918386588498045],[-72.01183335534154,-39.918590197676046],[-72.01194045492142,-39.918974287971096],[-72.01223054717222,-39.91906518514989],[-72.012149997175,-39.91984959661819],[-72.01226434897447,-39.92006704267635],[-72.01291873362155,-39.92032224694115],[-72.01332008332615,-39.92070200598444],[-72.01380087040532,-39.92067865033566],[-72.0139982172838,-39.92076715250722],[-72.01450416880475,-39.92123301902473],[-72.01413418042114,-39.921199650772444],[-72.01357460831188,-39.92089923141373],[-72.01300934694878,-39.92072974417453],[-72.01283670759395,-39.9207848753672],[-72.01287480218791,-39.9209765215608],[-72.01314840958246,-39.921090824464144],[-72.01327977860865,-39.921272958786],[-72.0140336622689,-39.921375807514586],[-72.01428249977081,-39.921703966310034],[-72.01472409688397,-39.92187026086603],[-72.01506983526342,-39.922105582951346],[-72.01537695649078,-39.92216116164871],[-72.01584016893565,-39.922542505865835],[-72.01598493877442,-39.92277264837842],[-72.01628637539895,-39.922959159777896],[-72.01629097531327,-39.923209524750455],[-72.01650172413356,-39.923346033902796],[-72.01652643856566,-39.92348966837698],[-72.01645787670546,-39.9236428171763],[-72.01614609334274,-39.92369436968964],[-72.01607189701733,-39.923620959645824],[-72.01582557361334,-39.92359078183746],[-72.01573902133501,-39.923445554314554],[-72.01543137678247,-39.923401879537195],[-72.01432092323085,-39.922956188789094],[-72.01269307020148,-39.92266397790016],[-72.0123509623502,-39.92234532695384],[-72.01154973563122,-39.921907584136974],[-72.01141681634641,-39.92176115738704],[-72.01102212476039,-39.92158414398536],[-72.01059029957734,-39.92154916896191],[-72.01060161416478,-39.921644792854664],[-72.01115289016973,-39.922135676336545],[-72.01117085896242,-39.92243405220311],[-72.01152220568135,-39.922895942806576],[-72.01154431974157,-39.923099093612],[-72.01208939933615,-39.92373281079144],[-72.01242433766184,-39.92386061376621],[-72.01294679502709,-39.92430307973214],[-72.01332604716356,-39.92447968868768],[-72.01388209060346,-39.92450593912869],[-72.01456854200856,-39.924380633172404],[-72.01472935134127,-39.92424177919206],[-72.01496280336842,-39.924212045223754],[-72.01575844705346,-39.924423207534296],[-72.01621092585033,-39.924339530441166],[-72.01621966266147,-39.92449466993852],[-72.01644277239785,-39.92470299657179],[-72.01649731920335,-39.92522872725132],[-72.01613443712449,-39.92574370700694],[-72.01580252815099,-39.92590198855352],[-72.0157963208787,-39.926044826593476],[-72.01546641938428,-39.92651298768928],[-72.01534066586309,-39.92655741384519],[-72.01511685159998,-39.92743346773223],[-72.01488746518466,-39.92772546943446],[-72.01478525822624,-39.92865232191489],[-72.01468265952964,-39.92887609129337],[-72.01414915303585,-39.92939858359917],[-72.0138012427774,-39.929568363137996],[-72.01364870189448,-39.929516764963644],[-72.01362554527131,-39.92933742072822],[-72.01393483626467,-39.92898789894988],[-72.01393438704193,-39.928642309249355],[-72.01374381723889,-39.92804157254979],[-72.01339864356065,-39.92743684983301],[-72.0134038206981,-39.927317818422374],[-72.01370016163929,-39.92726587546006],[-72.01383264669805,-39.92706671027735],[-72.01328020669922,-39.926957136861354],[-72.0130818801836,-39.926534946410385],[-72.01341586887027,-39.9263290604498],[-72.013787437146,-39.92632672253636],[-72.01417136055129,-39.92639620081456],[-72.01422699177404,-39.926540632525025],[-72.01445320660633,-39.92667754403409],[-72.01446297444419,-39.92680887716697],[-72.01463355814215,-39.92680135673179],[-72.01528761909692,-39.926353466765505],[-72.01531601361324,-39.926056285986206],[-72.01527635812957,-39.9259003498799],[-72.0150666391479,-39.92574003202484],[-72.01430656111874,-39.925422533030996],[-72.01373001014457,-39.92479993131286],[-72.01350017926838,-39.924746340667035],[-72.01348827327404,-39.92502011305272],[-72.01331407019184,-39.92511095397504],[-72.01287038541966,-39.924992266039354],[-72.01266836814109,-39.92501088984975],[-72.01259772483195,-39.925211648503364],[-72.01242403799715,-39.925290584886895],[-72.01182678814708,-39.92514409961753],[-72.01120898176983,-39.92475875119386],[-72.01100903723253,-39.92472975963261],[-72.01092448367518,-39.9248944088602],[-72.01102078837148,-39.92517097284678],[-72.01130365239584,-39.92542851688197],[-72.01165612936718,-39.925509108651084],[-72.01160197879592,-39.925686459108064],[-72.01054964480763,-39.92568314131555],[-72.01042233539097,-39.92576327141084],[-72.01022135190127,-39.9257580846193],[-72.00966176217045,-39.92545764581291],[-72.00929071767632,-39.9254480675528],[-72.00905103846873,-39.92562062700234],[-72.00906692432022,-39.92596661512382],[-72.00882413178174,-39.92621059257177],[-72.00841749582288,-39.926307340807284],[-72.00825469201429,-39.92613630579226],[-72.00790377243104,-39.92601999445064],[-72.00784805582389,-39.926233052015256],[-72.00808660485464,-39.92644179328778],[-72.00823955560422,-39.92683898718297],[-72.00853269027263,-39.92721596793822],[-72.00854140965046,-39.927371107321314],[-72.00828055634854,-39.927674199517696],[-72.00775178155924,-39.92773204155613],[-72.00739680693214,-39.92735346139753],[-72.00725869923004,-39.927326060681374],[-72.0066733787188,-39.92690577798512],[-72.0065182550926,-39.926913686150506],[-72.00653521906244,-39.92705712220582],[-72.00686035624013,-39.92723235395672],[-72.00665848491072,-39.92760250695041],[-72.00671124707783,-39.92781240856867],[-72.00696909748962,-39.92811102440846],[-72.00696956407623,-39.92827786710602],[-72.00608793101956,-39.92861853789413],[-72.00605773311821,-39.9287786298235],[-72.0062323651525,-39.92903338886461],[-72.00718435539284,-39.92956443728264],[-72.0081942041683,-39.92965606271476],[-72.00877774191143,-39.93011799955674],[-72.00898413511932,-39.930176952810776],[-72.00898512484048,-39.93033189254311],[-72.00928735096001,-39.9305005678466],[-72.0094321134408,-39.930730718088626],[-72.00988018911825,-39.930926989913324],[-72.0100383424598,-39.93120515095968],[-72.01023519518264,-39.93130556344227],[-72.01020833018359,-39.931567032557496],[-72.00962234596355,-39.93151615801053],[-72.00949304283624,-39.93128640708986],[-72.00905856534938,-39.93131093961812],[-72.00796909928691,-39.931092142170456],[-72.0066383791491,-39.93108159729274],[-72.00649455563489,-39.9311851290621],[-72.00629251898086,-39.931203740991855],[-72.0058915599186,-39.93116954547231],[-72.00528089108941,-39.93097501337449],[-72.00499947106456,-39.931039236708905],[-72.00500766314646,-39.93120627903424],[-72.00473754908383,-39.931366125742045],[-72.00483799017775,-39.931547469708924],[-72.00464570128952,-39.93169741188738],[-72.00446979302245,-39.932181438305314],[-72.003961637141,-39.93212063109876],[-72.0038033848185,-39.932199953337694],[-72.00376674738055,-39.93233008680912],[-72.00386874548492,-39.93247572246914],[-72.00415992056793,-39.93254283534552],[-72.0047495428887,-39.93251041645595],[-72.00537360838374,-39.93275296363414],[-72.00429947543175,-39.93289202176146],[-72.00420047179941,-39.93303245900295],[-72.00358551220376,-39.93329063240278],[-72.00342453418556,-39.933786959657255],[-72.00325672776196,-39.93390774154154],[-72.0032824558957,-39.93402757169831],[-72.0034978852257,-39.934056977408595],[-72.00384571980182,-39.934244721347845],[-72.00389393878066,-39.93491329019546],[-72.00282626868939,-39.93561257476289],[-72.00267411417592,-39.935906549274335],[-72.00292099361721,-39.935924853421646],[-72.00291631643034,-39.936031980505234],[-72.002767279571,-39.93625453705466],[-72.00248115767702,-39.93642588037371],[-72.00243931718249,-39.93667504319619],[-72.00290774454352,-39.936937409247626],[-72.00304730048465,-39.93728659703886],[-72.00323948220496,-39.93749414867359],[-72.00363476062503,-39.937659287815784],[-72.00402133199768,-39.937669286521604],[-72.0040625253651,-39.93778951646161],[-72.00353666182066,-39.938133408407936],[-72.00336852135327,-39.93843888664282],[-72.00321025336345,-39.938518207432075],[-72.00290099265825,-39.93851020626657],[-72.0028288749901,-39.93838917581452],[-72.00206806889466,-39.93844098702633],[-72.00171247683613,-39.938962065563516],[-72.00196859106781,-39.93912360826939],[-72.00242014174049,-39.93906379545958],[-72.00267937683086,-39.93915391867258],[-72.00293042585744,-39.93907699920841],[-72.00323858597132,-39.93928755151393],[-72.00351432560804,-39.93935426694977],[-72.00363874813424,-39.93951835754555],[-72.00321623889174,-39.93979938074261],[-72.00314366715409,-39.94022053718978],[-72.00324944451815,-39.94063439124134],[-72.00300926111606,-39.940853008514196],[-72.00280456173267,-39.94123716312017],[-72.00268540354722,-39.94197960014334],[-72.00287528157952,-39.94227419462264],[-72.00286179383755,-39.94238522672905],[-72.00267363087092,-39.94258016252777],[-72.00159136881685,-39.9431975285228],[-72.0012097615709,-39.94329984470902],[-72.0008787556692,-39.94357002102515]],[[-72.0238878672046,-39.95353889351932],[-72.02377163207774,-39.95358612280403],[-72.02372546975603,-39.95352216677374],[-72.02393568722135,-39.95318861088182],[-72.02386077064678,-39.95265941897549],[-72.02413180855797,-39.95242785718906],[-72.02422957190139,-39.95243036886574],[-72.02436914633884,-39.95259715629767],[-72.02453208568825,-39.95260134206082],[-72.02464179248919,-39.952704592025164],[-72.02452066445028,-39.95286468220283],[-72.02420455136576,-39.953007209015965],[-72.0238878672046,-39.95353889351932]],[[-72.02600401843463,-39.95138374606626],[-72.02602248638038,-39.95133400430547],[-72.02613545489895,-39.95136201271688],[-72.02616260679217,-39.95148824965274],[-72.02606430105455,-39.95149827968199],[-72.02600401843463,-39.95138374606626]],[[-72.00549166622783,-39.935878395675985],[-72.00536511724972,-39.93597555598873],[-72.00516149592205,-39.93597029188549],[-72.00470736198234,-39.935726301788605],[-72.00480631859962,-39.935327133594214],[-72.00506673932736,-39.935151834296704],[-72.00514961576138,-39.93493428253375],[-72.0054010083726,-39.934965889507744],[-72.00562243729406,-39.93531057059541],[-72.00549166622783,-39.935878395675985]],[[-72.04274566056945,-39.93781464384672],[-72.04269030527509,-39.93796387914826],[-72.04213862184679,-39.93808788828088],[-72.04190487696383,-39.93821373701727],[-72.04167568663347,-39.93804468175101],[-72.04176497667751,-39.93786492846972],[-72.0416142301248,-39.93757861293999],[-72.04183106407132,-39.93708826584151],[-72.04185422272225,-39.93617241243339],[-72.04145040186766,-39.93570387735075],[-72.04155269799787,-39.93541146996436],[-72.04114618096071,-39.935005635186265],[-72.04116760561949,-39.93488691903576],[-72.04148387068359,-39.93473807105805],[-72.04159817054638,-39.934734713083195],[-72.04163457222262,-39.93483607502928],[-72.04195388767026,-39.934994877662696],[-72.04206008304668,-39.93517962290468],[-72.04192489934833,-39.935289157401805],[-72.04197299888503,-39.93549752729343],[-72.04210606177507,-39.935626465365104],[-72.04244572420748,-39.935691630902824],[-72.04246939018603,-39.935899376785656],[-72.04270888178425,-39.9360184772808],[-72.0427159881782,-39.936232077390265],[-72.04293023553947,-39.93636936404813],[-72.04276764388695,-39.93654724708638],[-72.04276089101558,-39.93670400019886],[-72.04286245713956,-39.936807025279755],[-72.04260072928064,-39.93682545183553],[-72.04247287781104,-39.93695400517224],[-72.04253870317815,-39.937508063427735],[-72.04274566056945,-39.93781464384672]],[[-72.03981154901267,-39.93381028990402],[-72.03983709918133,-39.93397414529385],[-72.03964108151902,-39.93398169030648],[-72.03956774422598,-39.933791505592644],[-72.03981154901267,-39.93381028990402]]],[[[-72.00361234940225,-39.930193046285716],[-72.0040442235287,-39.93022804917177],[-72.00404837861232,-39.93013282490373],[-72.00360947778555,-39.92954948287289],[-72.00339302345434,-39.92954388392726],[-72.00318176441108,-39.929419254323264],[-72.00219330103758,-39.929369846238984],[-72.00214886688542,-39.929678524409944],[-72.00233024192524,-39.929778549661],[-72.00250018522195,-39.930140441021344],[-72.00277744663764,-39.93017144786286],[-72.00295778476188,-39.930295278246625],[-72.00361234940225,-39.930193046285716]]],[[[-72.02990944218413,-39.93165078390581],[-72.03021660458023,-39.93134882934295],[-72.03026606326048,-39.93092110271925],[-72.030375839754,-39.930888167284785],[-72.03043406587422,-39.93061558000451],[-72.03027785597952,-39.929574838711275],[-72.0297516256749,-39.928858273076614],[-72.02915996780914,-39.92858093838384],[-72.02853017330318,-39.9281119582538],[-72.02808180287244,-39.92810045670028],[-72.02789163339538,-39.92820282659931],[-72.02733658118942,-39.92815283558595],[-72.02709899661293,-39.92827782049666],[-72.02661867267754,-39.92828932627561],[-72.02631821104129,-39.92843652872856],[-72.02614917005691,-39.928408356446155],[-72.02609248590407,-39.92793024086708],[-72.02552250008763,-39.92751044598109],[-72.02554053903123,-39.92745132658936],[-72.02527564176692,-39.92749219090314],[-72.02503754035745,-39.92762907480949],[-72.02495404726206,-39.92776992878625],[-72.02473553128746,-39.92781198294425],[-72.02446597665458,-39.92831746958708],[-72.02417478126921,-39.92860790250406],[-72.02415055027969,-39.92880986067683],[-72.0242556831692,-39.928884060317166],[-72.02467261901187,-39.92890668592448],[-72.02466385054481,-39.92910904134255],[-72.02486226767557,-39.92917371976652],[-72.0249643074339,-39.92931933838041],[-72.024950897919,-39.92962882319392],[-72.02483390032364,-39.929828399111486],[-72.025008079304,-39.93045253060031],[-72.02526730536947,-39.930900098156584],[-72.02571207556888,-39.93135242910857],[-72.02631559454167,-39.931713501479294],[-72.02682171144166,-39.931821824288484],[-72.02762521347523,-39.931854360143625],[-72.02799011168615,-39.93164922509385],[-72.0281900851971,-39.93167818829911],[-72.02826327270752,-39.9317753978692],[-72.02893998974601,-39.93187617118615],[-72.02951517052233,-39.93181942235014],[-72.02990944218413,-39.93165078390581]]],[[[-72.00081391056472,-39.92870256980586],[-72.00095669698949,-39.92862285118645],[-72.00129787388524,-39.92860785031433],[-72.00135049410264,-39.928466214847745],[-72.00106401807774,-39.92829196856286],[-72.00057447512773,-39.92816012985528],[-71.99996630866936,-39.92826354638556],[-71.99986834382138,-39.92838017395394],[-72.0004355717759,-39.92885960454701],[-72.00063812238966,-39.92882909963708],[-72.00081391056472,-39.92870256980586]]]]}},{"type":"Feature","id":"2024","properties":{"year":2024,"source":"2023-2024/GIS/Delimitacion/Surface 2024.shp","sourceCrs":"EPSG:32718","geometryAreaKm2":12.112515584433284,"area":12.11,"error":0.45995881902622543},"geometry":{"type":"MultiPolygon","coordinates":[[[[-72.04052940611216,-39.9538787590302],[-72.04043249587075,-39.95397161490851],[-72.04041606322254,-39.95435252301149],[-72.04056149149132,-39.95457073578119],[-72.04083373926466,-39.95472068939739],[-72.04120803290732,-39.95465875214186],[-72.04124615472585,-39.954492894934674],[-72.04113268541302,-39.9542516663996],[-72.04052940611216,-39.9538787590302]]],[[[-72.04326449789443,-39.94682253570235],[-72.04382843420801,-39.946670097829085],[-72.04413774316708,-39.946677991155596],[-72.04415731051223,-39.94658315832946],[-72.04390567935522,-39.94631457361916],[-72.04372265901394,-39.946250320236665],[-72.0433792647732,-39.94595555940991],[-72.04295949581284,-39.9452775193699],[-72.04264806563815,-39.94495973935679],[-72.04232996907919,-39.944796703032345],[-72.0420979940814,-39.944790779727796],[-72.04204287689171,-39.94499195306219],[-72.04215736225815,-39.94520937376764],[-72.04213009670802,-39.94548275740861],[-72.04248997435359,-39.945754109703905],[-72.04246989201239,-39.945860845601906],[-72.04218946542089,-39.94590135141755],[-72.04216271262715,-39.94616283161898],[-72.04257573417132,-39.9466381214311],[-72.04253505597283,-39.94686349662792],[-72.04278676346986,-39.946924284940124],[-72.04326449789443,-39.94682253570235]]],[[[-72.04722268820922,-39.93795035562938],[-72.0474896642594,-39.937861828203644],[-72.04755817414798,-39.937708659342675],[-72.04736431718973,-39.93753688683991],[-72.04704214541073,-39.93746909200995],[-72.04681336690983,-39.937749256787875],[-72.04698244101742,-39.93777740000483],[-72.04722268820922,-39.93795035562938]]],[[[-72.04690604721803,-39.93739412338327],[-72.04706426568288,-39.937314740899026],[-72.0470554591359,-39.93715960142288],[-72.04657968047417,-39.93706405652933],[-72.04658685044764,-39.93689740781209],[-72.04678009143748,-39.93672358630234],[-72.04675428600437,-39.93660376305129],[-72.04617948893353,-39.936291194497265],[-72.04607749018204,-39.93650309128915],[-72.04622392694229,-39.93669748985482],[-72.04605331916646,-39.93670505605793],[-72.04598583159674,-39.93683441701817],[-72.04614875648043,-39.93700540305631],[-72.04617251209552,-39.937172840302324],[-72.04642719415072,-39.937369998691835],[-72.0466720477248,-39.937435824059186],[-72.04690604721803,-39.93739412338327]]],[[[-72.0407189928828,-39.92973477809367],[-72.0404148919232,-39.929607844128974],[-72.04029735662127,-39.92946184290988],[-72.04030043517629,-39.929390422343346],[-72.04043907567787,-39.92940588083698],[-72.04058233363668,-39.92931420828871],[-72.0407214160545,-39.92896026506403],[-72.04066880473357,-39.92874442342886],[-72.04018745013197,-39.92877979232914],[-72.03970045011296,-39.928946096856784],[-72.03949996518716,-39.92892905705646],[-72.03921235805615,-39.928778708410185],[-72.03874800423976,-39.92877875620117],[-72.03832592717646,-39.92887521522343],[-72.03797653452582,-39.92908077993144],[-72.03782813862617,-39.929291483164626],[-72.03788593248005,-39.92974578912908],[-72.03804676676272,-39.92996439900656],[-72.03888374721019,-39.92993812972717],[-72.0394516568014,-39.929690480755234],[-72.03991550379753,-39.9297023337902],[-72.040109320409,-39.92987411748004],[-72.04076955284742,-39.92999823343431],[-72.04083909457444,-39.929821261765106],[-72.0407189928828,-39.92973477809367]]],[[[-72.04119258661372,-39.92952046076854],[-72.0420480222173,-39.92906564441756],[-72.0422118663733,-39.92885533003539],[-72.04215463556612,-39.928746619949344],[-72.04204896974514,-39.928684339311395],[-72.04147792494176,-39.928645924251434],[-72.04132074689612,-39.92870149281694],[-72.04108889947798,-39.92905306749336],[-72.04087090036732,-39.929083248876395],[-72.04080495059613,-39.9291768965793],[-72.04083440608106,-39.92957089472491],[-72.04095604659946,-39.92962166797044],[-72.04119258661372,-39.92952046076854]]],[[[-72.04203276210188,-39.925287710597495],[-72.04188229713887,-39.92536728453421],[-72.04196916448637,-39.925506542853554],[-72.04259194827151,-39.92542115227956],[-72.04249064439117,-39.92525769277385],[-72.04203276210188,-39.925287710597495]]],[[[-72.0477797779335,-39.91635388354464],[-72.048087928556,-39.91638556846636],[-72.04809202060368,-39.916290340158746],[-72.04791367808457,-39.916118964047236],[-72.04739627084783,-39.915915113987744],[-72.0472488481168,-39.91574452485511],[-72.04706539241535,-39.91569218284843],[-72.0467746439793,-39.91525577544719],[-72.0465303798676,-39.91517804943393],[-72.04641183044932,-39.91505586158057],[-72.04585840061422,-39.91497025209822],[-72.04537090117276,-39.91479098882785],[-72.04524723483225,-39.914787834992325],[-72.04514629327417,-39.91497592568713],[-72.04480621003889,-39.91496725163066],[-72.04465777169261,-39.914820466494334],[-72.04463812075448,-39.91455780075391],[-72.04448865942302,-39.91443482244589],[-72.0438754536125,-39.914300012391294],[-72.04366825956588,-39.91408022744229],[-72.04317360019466,-39.91406760423256],[-72.04288408235426,-39.9143223794647],[-72.04287485963275,-39.91453664221945],[-72.0426893612337,-39.91453190744882],[-72.04264700014055,-39.914077996733035],[-72.04277271445525,-39.91403353935133],[-72.04290662636912,-39.91379862602325],[-72.04291584875067,-39.913584363235024],[-72.04193883858152,-39.913273425070095],[-72.04175334374715,-39.91326868892591],[-72.0415637483123,-39.91335918028179],[-72.04127217734673,-39.91366156528911],[-72.04144434530902,-39.91397579252019],[-72.0419256774099,-39.91429791347868],[-72.04188348515451,-39.91455900058757],[-72.04172890324051,-39.91455505364255],[-72.04150633724326,-39.91469236922875],[-72.04158780928336,-39.91495661398312],[-72.04131161094156,-39.91490189469212],[-72.04128700322666,-39.915473261147184],[-72.04113652088871,-39.91537408560788],[-72.04105505020883,-39.91510984059783],[-72.04109929681962,-39.9148011400743],[-72.04082309955687,-39.91474641965371],[-72.0403511480043,-39.91492502924899],[-72.0403449941411,-39.91506787074459],[-72.04061093663012,-39.91536066154342],[-72.04072127157586,-39.91567331034636],[-72.04118707528471,-39.91563754100544],[-72.0414415871432,-39.91547720875627],[-72.04162708788327,-39.915481945615596],[-72.04168584587568,-39.91555494533072],[-72.04173742767742,-39.91579459362064],[-72.04154885030229,-39.91586127772241],[-72.04144789705033,-39.916049364734704],[-72.04142944142959,-39.91647788955034],[-72.04160485119593,-39.91743569340873],[-72.04217486039512,-39.91785541028422],[-72.0422284953609,-39.91804744451163],[-72.04238308519673,-39.9180513910758],[-72.04261386055421,-39.917723618582905],[-72.04262308512982,-39.91750935599668],[-72.04244270379462,-39.91738558577758],[-72.04241896120496,-39.917218147851315],[-72.0422056133004,-39.917141201925325],[-72.04215095386044,-39.91697297463609],[-72.04230861637804,-39.916905500365594],[-72.04258584856409,-39.91693641062905],[-72.04276315439071,-39.91713160147773],[-72.04275598016477,-39.91729825018873],[-72.04345479038692,-39.917602082837575],[-72.04328073158538,-39.91805047012375],[-72.0436961654307,-39.91846623462817],[-72.04379609203599,-39.91830195260506],[-72.04375372280836,-39.917848042198685],[-72.04384135386924,-39.91796944382799],[-72.04383008383127,-39.9182313205884],[-72.04391976453523,-39.91830510821759],[-72.04407025728158,-39.91840428047706],[-72.04438353658097,-39.91831694059163],[-72.04439480454496,-39.91805506370416],[-72.04415872911565,-39.917786876549606],[-72.04406886431558,-39.91699809069474],[-72.04415239733721,-39.917214720037386],[-72.04452136058525,-39.91727179911992],[-72.04466654005716,-39.916775006885835],[-72.04493148362205,-39.917091595603054],[-72.04545503525917,-39.917152614598734],[-72.04557645755284,-39.916488383360466],[-72.04662253074025,-39.91663421994592],[-72.046724494539,-39.916422320905056],[-72.04768395640507,-39.91642294123467],[-72.0477797779335,-39.91635388354464]]],[[[-72.04152269093181,-39.911797061957444],[-72.04124547999159,-39.911766149900124],[-72.04131354102411,-39.91198238615361],[-72.0416283311953,-39.911859342266695],[-72.04152269093181,-39.911797061957444]]],[[[-72.04040249339863,-39.91157778721836],[-72.04016140062417,-39.911786126458644],[-72.04031443778541,-39.91182578565951],[-72.04037165316615,-39.91193449630914],[-72.04067977944491,-39.91196620011946],[-72.04056791143756,-39.91168926172947],[-72.04040249339863,-39.91157778721836]]],[[[-72.02290932609486,-39.956358670440615],[-72.02247262416226,-39.95643086029598],[-72.02227874872496,-39.95661653959683],[-72.0222730648876,-39.956747474544386],[-72.02248702530312,-39.95681255726915],[-72.02269481825904,-39.956662984758175],[-72.02331506407123,-39.95664317706903],[-72.02315835313418,-39.95632932152679],[-72.02290932609486,-39.956358670440615]]],[[[-72.02232828468848,-39.95618882046788],[-72.0225541265157,-39.955980129867264],[-72.02248557355934,-39.955775787759364],[-72.02224688235115,-39.95556707171671],[-72.0220809121089,-39.95510997915313],[-72.02169475297018,-39.955088133903935],[-72.02157670157847,-39.95495401726773],[-72.02165972123235,-39.954825070943855],[-72.02141845165674,-39.95467586924193],[-72.02142206942031,-39.95459254703797],[-72.02109778115292,-39.95457229085614],[-72.02087555841193,-39.954697656505644],[-72.02093014892691,-39.95522338486316],[-72.02122501763236,-39.95556462940022],[-72.02162406231182,-39.95564638989177],[-72.02174159811894,-39.95579240968601],[-72.02158895618427,-39.95609831268063],[-72.02113885517889,-39.95612248711277],[-72.02086768186325,-39.95594868225304],[-72.02085742513518,-39.95547176005407],[-72.02073782395618,-39.955373352096785],[-72.02056561814088,-39.9554165883922],[-72.02064446238074,-39.95574036089313],[-72.02051297006325,-39.95591572539084],[-72.02046911033105,-39.95621250861099],[-72.02077221036159,-39.95672079644022],[-72.02097113678285,-39.95748856626682],[-72.02108815713781,-39.95764648991092],[-72.02150629926521,-39.957645326877966],[-72.02136144410213,-39.9574151890858],[-72.02138621547425,-39.95720132986763],[-72.02174403536065,-39.95716286528551],[-72.02211945900802,-39.95636219870691],[-72.02232828468848,-39.95618882046788]]],[[[-72.03282122566443,-39.9541701323756],[-72.0328629710526,-39.95392095557005],[-72.03268715024291,-39.95369003829908],[-72.03209063696661,-39.95351984097608],[-72.03187408431565,-39.95315679748319],[-72.03140749215288,-39.95284692803474],[-72.03120486641696,-39.95251998970318],[-72.03091975867116,-39.952310101627155],[-72.03081097778545,-39.95231922966954],[-72.03072231137668,-39.95257911939353],[-72.0305939418848,-39.95268307693717],[-72.03026450576888,-39.95278187939406],[-72.03005674077647,-39.95293146661611],[-72.03010211816975,-39.953313957512734],[-72.02986548554732,-39.95377263266091],[-72.02936126876351,-39.95397419883137],[-72.02896273832017,-39.9538805617573],[-72.02884673745747,-39.95405633341024],[-72.02870959757833,-39.95400514960484],[-72.02855544462022,-39.9536317843031],[-72.0283533450551,-39.95365043246991],[-72.02820847194408,-39.953777796831766],[-72.02823063781007,-39.95433843991866],[-72.02906482686379,-39.9550986609846],[-72.02909576317936,-39.95545694876579],[-72.02886427122391,-39.95579658869229],[-72.02881683858371,-39.956176699151435],[-72.02905864728295,-39.95667147719215],[-72.02951597485782,-39.95719561507813],[-72.02982017307502,-39.95732258088874],[-72.03014396303013,-39.95735471645567],[-72.03044661726821,-39.957517390472454],[-72.03072813730029,-39.95781060315307],[-72.03105347576407,-39.95780702646865],[-72.03131332414884,-39.957527691376356],[-72.03152987219137,-39.95753324140861],[-72.03169383597144,-39.957680441189275],[-72.0318634662256,-39.95769670469687],[-72.03213929369349,-39.95740586069869],[-72.03224342981211,-39.95714636642807],[-72.03300696413642,-39.956319857316196],[-72.03302446870394,-39.95591514530879],[-72.03278831796636,-39.95564693334899],[-72.03275066893156,-39.95544338866609],[-72.03275839200542,-39.9552648392698],[-72.03295944371382,-39.9549124950564],[-72.03282122566443,-39.9541701323756]]],[[[-72.04050488129067,-39.955165114291226],[-72.03992020541743,-39.955078674992656],[-72.03968197486978,-39.954858089664576],[-72.03960560901717,-39.95447481000105],[-72.03937560074385,-39.95406377024872],[-72.03928279846244,-39.954061398163816],[-72.03916625440223,-39.95389158815832],[-72.03877541593783,-39.953619433950976],[-72.03857223838924,-39.95330441054978],[-72.03855466416337,-39.9529941322986],[-72.03810607740199,-39.95262516742994],[-72.03799981671644,-39.952217289282366],[-72.03743161769364,-39.9517499311096],[-72.03738414374277,-39.95141505494646],[-72.03705107925916,-39.95123970470276],[-72.0368468880353,-39.95094848540169],[-72.03635299458284,-39.950912016762366],[-72.03616225705262,-39.951026301377524],[-72.03617254103212,-39.950788234596494],[-72.03607974344646,-39.950785860108276],[-72.03576733264235,-39.95084936462162],[-72.03563743097996,-39.9509890381846],[-72.0352012884094,-39.95104937453087],[-72.03521678998283,-39.95140726612057],[-72.03571796157541,-39.95199208462955],[-72.0360727812697,-39.95309748186566],[-72.03665443340195,-39.95397035159328],[-72.03813216971417,-39.95488996878383],[-72.03859824174754,-39.954854219846816],[-72.0388416067639,-39.95495577368397],[-72.03927468963954,-39.95496684463166],[-72.04015741031006,-39.955323066624985],[-72.0403966710716,-39.95551984432365],[-72.04085966597273,-39.955555506665604],[-72.04084413529027,-39.95519761494582],[-72.04050488129067,-39.955165114291226]]],[[[-72.00159669542687,-39.93913185716001],[-72.00122505979046,-39.93913415336031],[-72.00115800668591,-39.93925158194868],[-72.00133836457844,-39.939375415462095],[-72.00147753343391,-39.93937901802856],[-72.00168271486801,-39.939288997530205],[-72.00159669542687,-39.93913185716001]]],[[[-72.00247626860765,-39.93841631242325],[-72.00235470633888,-39.93853271615841],[-72.00179915125814,-39.93874981290343],[-72.00171533656365,-39.93889659911808],[-72.00175678641301,-39.93901087823934],[-72.00196859106781,-39.93912360826939],[-72.00242014174049,-39.93906379545958],[-72.00267937683086,-39.93915391867258],[-72.00293042585744,-39.93907699920841],[-72.00323858597132,-39.93928755151393],[-72.00351432560804,-39.93935426694977],[-72.00363874813424,-39.93951835754555],[-72.00321623889174,-39.93979938074261],[-72.00314366715409,-39.94022053718978],[-72.00324944451815,-39.94063439124134],[-72.00306850247347,-39.94079501638785],[-72.0031134423665,-39.94111058316492],[-72.00292023219818,-39.94150107358663],[-72.00289460173299,-39.94208799447016],[-72.0028031651849,-39.942191625424776],[-72.00286179383755,-39.94238522672905],[-72.00267363087092,-39.94258016252777],[-72.00159136881685,-39.9431975285228],[-72.0012097615709,-39.94329984470902],[-72.00088942618672,-39.94354477556918],[-72.00072815910751,-39.94376074409634],[-72.00070299868922,-39.9438382942492],[-72.00079979035637,-39.943892934866184],[-72.00071856767919,-39.94398020508929],[-72.00094233456282,-39.943938519303714],[-72.00116374501663,-39.94374316171801],[-72.00133495406459,-39.943810900128526],[-72.00043263832923,-39.94437870483753],[-72.00052197133125,-39.945157448490356],[-72.00067892099507,-39.9454408040615],[-72.00048061502396,-39.94604824831502],[-72.00072765890721,-39.946428895894414],[-72.00066403439293,-39.94661158078029],[-72.00048324868273,-39.94670744431064],[-72.0004868981597,-39.94684532258521],[-72.00109195653025,-39.94705839952564],[-72.0010674262307,-39.947283758068714],[-72.0007575680061,-39.94757104131104],[-72.00084194958536,-39.94785437954201],[-72.00079316172543,-39.94819571373513],[-72.0008880896995,-39.94829313074035],[-72.00106217673944,-39.94823991788421],[-72.00102750427811,-39.94792621381291],[-72.00187824606073,-39.94711408669155],[-72.00162333182891,-39.94699305795951],[-72.0015270919727,-39.94684367080687],[-72.00220568892863,-39.94642991865402],[-72.00232683271766,-39.946425606080254],[-72.00250073289448,-39.946210397054706],[-72.00308512942395,-39.94590154033143],[-72.00347657970856,-39.945911667593485],[-72.00346906774107,-39.946194488735586],[-72.00368467476076,-39.94646446222485],[-72.00394962515534,-39.9466016516612],[-72.00412884656365,-39.94681854877566],[-72.00452574620489,-39.94692563457322],[-72.00477356568065,-39.94723367798584],[-72.00498219964497,-39.947663595982675],[-72.0049803379071,-39.947927943884444],[-72.0051509989101,-39.94823026752653],[-72.00509861112681,-39.94832201020496],[-72.00530764964599,-39.94852105703764],[-72.005439112322,-39.94850211247398],[-72.00559165673657,-39.94925404215291],[-72.00622356481857,-39.949682081345685],[-72.0065436218758,-39.95001047275474],[-72.00778717928009,-39.95046570008376],[-72.00814738805293,-39.950527139190726],[-72.00809532666048,-39.95061144387973],[-72.00818306701302,-39.95081852406449],[-72.00798919028993,-39.95104812111985],[-72.00748096323923,-39.951385037330446],[-72.00733265560388,-39.9516791166123],[-72.00736080878315,-39.9518101800638],[-72.00707010075021,-39.95204099752163],[-72.00684131906424,-39.95207232460081],[-72.0066430878795,-39.95229063508735],[-72.00695389382993,-39.9527082944016],[-72.00675524974652,-39.95371233440015],[-72.00698701465325,-39.953945480571285],[-72.00741905664677,-39.95413539042686],[-72.00770844082683,-39.95404604572835],[-72.00793054349292,-39.954278940429255],[-72.00802383683457,-39.954247835387186],[-72.00806513263015,-39.95407760331842],[-72.00805105769257,-39.953734642155645],[-72.00820977847982,-39.95364564480415],[-72.00844344018323,-39.95381197754823],[-72.0086788761913,-39.953717913631706],[-72.00903653724924,-39.953805040052536],[-72.0091703665284,-39.953623346293845],[-72.00952281285299,-39.95352004002162],[-72.00982003017221,-39.95379266549769],[-72.01030007572209,-39.9538954547846],[-72.01067435174011,-39.95372996967619],[-72.0109686568292,-39.95371496546909],[-72.01105468623214,-39.953762384264216],[-72.01104878505399,-39.953897828272275],[-72.01080478290687,-39.95410622560037],[-72.01073677365714,-39.954319164544906],[-72.01075922054734,-39.9544779395031],[-72.010832059913,-39.954491118993495],[-72.01139142937343,-39.954121363902914],[-72.01179626562917,-39.95392841443924],[-72.01197225922617,-39.953932954719384],[-72.01217316089361,-39.95403983448323],[-72.01216971979773,-39.95411884356532],[-72.01161222513616,-39.95451549568058],[-72.01142569013676,-39.955020855568904],[-72.01161851209449,-39.955148718942674],[-72.0117443564344,-39.95580134950526],[-72.01197837940488,-39.95597287581632],[-72.01235130249287,-39.95598874040968],[-72.01254989294328,-39.95592869468431],[-72.01267653658,-39.95568735137059],[-72.0132158537521,-39.955245190687116],[-72.01330470445129,-39.95489993091147],[-72.01315236870332,-39.95459432263381],[-72.01336749127752,-39.95443229478646],[-72.01450355217663,-39.95417856712429],[-72.01502107041037,-39.954332181694156],[-72.01528224142699,-39.95431109408445],[-72.01620757869654,-39.953978865497476],[-72.01661053784078,-39.95406112251299],[-72.01693374458031,-39.953972625743134],[-72.01771619666897,-39.95354728101956],[-72.01816318368587,-39.95354985160299],[-72.01979592495688,-39.95325672227577],[-72.02037225490629,-39.95322239408422],[-72.02088860219048,-39.953327598825354],[-72.0212649312915,-39.95357560667929],[-72.02173306593497,-39.95349231293658],[-72.02207229940228,-39.9535248679889],[-72.02231046667845,-39.95374548735855],[-72.02293168946345,-39.954059367607236],[-72.02270582441774,-39.95462555243631],[-72.02257692267138,-39.95474140365573],[-72.0225279064988,-39.955157219896044],[-72.02262687666091,-39.95537426034026],[-72.02287021773856,-39.95547584695059],[-72.02309395999158,-39.95567226105476],[-72.02308931100936,-39.955779389745445],[-72.02328728558335,-39.95585597657689],[-72.02329603803156,-39.95601111554405],[-72.02349401351161,-39.95608770205227],[-72.02385647460368,-39.955942101931186],[-72.0247999776201,-39.955966341156945],[-72.02500621443623,-39.95585247382085],[-72.02505881075446,-39.95571082712279],[-72.02500367208685,-39.95519700278592],[-72.02485777710903,-39.95499067546276],[-72.02493100216078,-39.95473039398086],[-72.02557650350509,-39.9544848097053],[-72.02559713141343,-39.954366174713826],[-72.02591369447074,-39.95420747284401],[-72.02593535374726,-39.95406503131904],[-72.02621685315678,-39.9540007600543],[-72.02656899002262,-39.953735721403056],[-72.02690719614726,-39.953792068875586],[-72.02767693190341,-39.95353774496935],[-72.02787645282497,-39.95357861419843],[-72.02806978616984,-39.95376232204326],[-72.02820898757486,-39.95376589358454],[-72.02825178052429,-39.95349291253529],[-72.02861318726617,-39.953371103091555],[-72.02874516967555,-39.95318382513342],[-72.02863174698848,-39.95294258598443],[-72.02843583638942,-39.95281839534383],[-72.02818682375408,-39.952847756177114],[-72.02807288791529,-39.952618419809276],[-72.02792234756313,-39.95251922535951],[-72.02789554301756,-39.952065711402184],[-72.02778264064719,-39.95181256831079],[-72.02760271682298,-39.95167687003518],[-72.02760684239395,-39.95158164407425],[-72.02792287224554,-39.951434839249764],[-72.02788523929432,-39.951231293469284],[-72.02733051748346,-39.95116939252415],[-72.02673712685245,-39.95128524350647],[-72.02668454714754,-39.951069397222504],[-72.02683251184138,-39.950870615181046],[-72.02779502344522,-39.950811901769896],[-72.0278326590866,-39.9506579532431],[-72.02838325326736,-39.950100088781085],[-72.02905550742163,-39.94995050251991],[-72.02951794085716,-39.94999811193368],[-72.03045361769792,-39.9494858615298],[-72.03092849047457,-39.94936451970485],[-72.03185375943139,-39.94933174343549],[-72.03215950144934,-39.94942233373185],[-72.03238016374594,-39.949690150113234],[-72.03266732493316,-39.94985242122597],[-72.03308593661583,-39.949839311308],[-72.03345616028564,-39.94963054257679],[-72.03468634680124,-39.94917126161884],[-72.03541316939655,-39.948474876142015],[-72.03587714154126,-39.94848674994221],[-72.03610086028888,-39.948325643606424],[-72.03674836415428,-39.94838987590561],[-72.03739998097372,-39.948358877766736],[-72.03800617708221,-39.94794538637378],[-72.03854331148746,-39.94769695713887],[-72.03899792166409,-39.947208085726004],[-72.0394031061523,-39.94714694346821],[-72.03957008601583,-39.94686521496843],[-72.03991648723478,-39.94673106945998],[-72.0399824565433,-39.94663742316995],[-72.04032372186221,-39.94662231027946],[-72.04052380950475,-39.947008750857805],[-72.04067538418659,-39.94708412243334],[-72.04080218810356,-39.947015862873286],[-72.04068917664871,-39.946940452874024],[-72.04070639781624,-39.946841267782744],[-72.04121493937247,-39.94675463361704],[-72.04122223385191,-39.94658545733359],[-72.04142175346746,-39.946461040921044],[-72.04145467928586,-39.94624604025884],[-72.04161856949338,-39.94603572882156],[-72.04196085795775,-39.945996804160814],[-72.04202579759263,-39.9459269633927],[-72.04200205043581,-39.94575952577406],[-72.0416978776703,-39.94563259280643],[-72.0416122708045,-39.94546357527173],[-72.04099161230307,-39.945495388324815],[-72.04081116358581,-39.94537161350432],[-72.04078844610726,-39.94518036893656],[-72.04101008962435,-39.94506686582776],[-72.04141525998304,-39.94500571598026],[-72.04176472702791,-39.944800143967704],[-72.04180181434609,-39.94465809290847],[-72.04227602390105,-39.94443187184959],[-72.04245427059189,-39.94388826316049],[-72.04248607487392,-39.9431502509883],[-72.04360141699863,-39.94241606467189],[-72.0440034936839,-39.942426325720895],[-72.0443365357575,-39.94260165527981],[-72.04539017470847,-39.94258086854225],[-72.04634692801059,-39.942652934052425],[-72.04656957904504,-39.942515612688716],[-72.04663963292766,-39.94232673431516],[-72.04688911380562,-39.94228542858752],[-72.04686842853428,-39.94204657065467],[-72.0467199305854,-39.941899786462756],[-72.04559708569619,-39.941370660109975],[-72.04535785622005,-39.941173893997394],[-72.04530317343756,-39.941005667822736],[-72.04612082206722,-39.94143168264753],[-72.04667241490391,-39.94156491221143],[-72.04673427224715,-39.94156648925874],[-72.04674861367013,-39.94123319203121],[-72.04690530494958,-39.94118952056086],[-72.04694237930964,-39.94104746731901],[-72.04652577231708,-39.940655517114834],[-72.04603911717314,-39.940452443696195],[-72.04569890757635,-39.94044376768815],[-72.0456132963589,-39.94027475285763],[-72.04548855934786,-39.94029540454067],[-72.04540294882102,-39.94012638957644],[-72.04541319681033,-39.939888320357475],[-72.04551368444238,-39.9398432172095],[-72.04548413387425,-39.93959096592763],[-72.04602502895516,-39.939340946867695],[-72.04605966699165,-39.93884849177184],[-72.04622379679256,-39.93864346396387],[-72.0462745713402,-39.93836580794187],[-72.04611986396982,-39.93835190056708],[-72.04574974322907,-39.93853175005294],[-72.04551575433386,-39.93855567004209],[-72.04470782901905,-39.93901233709793],[-72.04445938423557,-39.93902983162521],[-72.04434387541693,-39.938836220008874],[-72.04465827432341,-39.938725076128755],[-72.04486433707767,-39.938253671793255],[-72.04502409707513,-39.93813858188622],[-72.04507654581245,-39.9376394254095],[-72.0448383551538,-39.93741885171933],[-72.0441002140666,-39.93730468684383],[-72.0436856959258,-39.93686511381596],[-72.04363102007781,-39.93669688701738],[-72.04312167902087,-39.93630255815047],[-72.04295854764372,-39.93632855395291],[-72.04282241300447,-39.936484479184735],[-72.04278076192315,-39.93715090484634],[-72.04251234657185,-39.93737319035601],[-72.04274382567783,-39.93770786307071],[-72.04272060824734,-39.9379463708384],[-72.04242978002597,-39.938163102661846],[-72.04194931968023,-39.9382753663469],[-72.04174225883075,-39.938275060016444],[-72.04165001745055,-39.93816311668935],[-72.04152365025864,-39.93764183851454],[-72.04176572367398,-39.93712996961204],[-72.04181101420667,-39.93630423703649],[-72.04162694990907,-39.935995679682804],[-72.0413873326243,-39.93585008482025],[-72.04134686647215,-39.93551281624389],[-72.04110431159891,-39.93521023608546],[-72.04108228767025,-39.93497057304281],[-72.04090063316315,-39.93483143896232],[-72.04085964814941,-39.9345813290103],[-72.04132717172418,-39.93454345804453],[-72.04159606972725,-39.93461010060241],[-72.04207401157281,-39.934931143493785],[-72.04209999364512,-39.93552955824593],[-72.04249302553791,-39.93571891856827],[-72.04281535391306,-39.93574707233922],[-72.04293030059203,-39.93571423247269],[-72.04300088919751,-39.93551298382218],[-72.04340805190564,-39.935404211001774],[-72.04398521901685,-39.93494227888781],[-72.04410994654786,-39.93492162846984],[-72.04421809872352,-39.93456689198709],[-72.0440128964935,-39.93429949221617],[-72.04330776623203,-39.934138498809816],[-72.04329341172024,-39.93447179541038],[-72.04304600869506,-39.93446548060655],[-72.04266243874193,-39.93402669397136],[-72.04188930999646,-39.934006954433606],[-72.04161919096838,-39.93380939201662],[-72.04140476765237,-39.93375624981917],[-72.04128517162731,-39.933657863078516],[-72.04126450668369,-39.93341900464177],[-72.04087890169933,-39.933027826370875],[-72.0404469827636,-39.932992959588454],[-72.04038205463078,-39.93306279999437],[-72.03935897569389,-39.933068532662865],[-72.03918314931911,-39.93294448867346],[-72.03924344006352,-39.93274677919137],[-72.03989957753058,-39.93276447581407],[-72.04056233347465,-39.93247157906781],[-72.04140242245848,-39.93237387209116],[-72.04159514968629,-39.93221196256807],[-72.04205901460135,-39.932223807645656],[-72.04233323134956,-39.93232614135329],[-72.04242087674382,-39.93244754437735],[-72.04258171996233,-39.93302576493163],[-72.04310606897718,-39.9332040869062],[-72.04341545898643,-39.9332319086372],[-72.04361286272027,-39.933456122208504],[-72.04365321628447,-39.93369448688625],[-72.04412617309613,-39.93382572117618],[-72.04480652593243,-39.93384307905055],[-72.04541459522709,-39.933381927772366],[-72.04542586527306,-39.933120051322845],[-72.04521963757973,-39.932876460568195],[-72.04476498977733,-39.93265036553525],[-72.04459583912046,-39.9322647210498],[-72.0443009434893,-39.931923534269366],[-72.04404739954326,-39.9320600635022],[-72.04403612466695,-39.93232193967368],[-72.04418254728805,-39.93251634040734],[-72.04414854786796,-39.932586972131325],[-72.04387227701167,-39.93253225643046],[-72.04376293023313,-39.93219580298907],[-72.04324131714705,-39.932087158530656],[-72.0430011001237,-39.93191419560593],[-72.04287637785559,-39.93193484502573],[-72.0428393012413,-39.932076897032125],[-72.04319296302238,-39.93249108663957],[-72.04310018956149,-39.932488718666505],[-72.04226097029219,-39.931847634968705],[-72.04225363468727,-39.93129928697896],[-72.04216291412753,-39.93124930453666],[-72.04167018341514,-39.93118905666399],[-72.04160218090283,-39.93133031851031],[-72.04141150804375,-39.93144461441542],[-72.0413672474867,-39.931753313947596],[-72.041208523152,-39.931844592371725],[-72.04099205418518,-39.931839063354936],[-72.04062712160942,-39.93168674298417],[-72.04030132475106,-39.931344756815086],[-72.04002506246934,-39.931290032217326],[-72.0399292117512,-39.93135908228772],[-72.03993550234541,-39.9319312365793],[-72.03965718508287,-39.931924124700856],[-72.03914174170406,-39.9316726211253],[-72.03867480124475,-39.93173218494553],[-72.03878617578583,-39.932021028653956],[-72.03868119976451,-39.93301933363123],[-72.03829778050934,-39.933295528317096],[-72.03764733454237,-39.933302730037866],[-72.03723185440003,-39.93288694280884],[-72.03687000795013,-39.93266319040546],[-72.03672874398711,-39.93234974734126],[-72.0363452267218,-39.931910941544075],[-72.03586380380406,-39.93158879467451],[-72.03522879486441,-39.931238882235334],[-72.03498037719059,-39.93125635738009],[-72.03478763785567,-39.93141825544144],[-72.0342598772297,-39.93145241156975],[-72.03390421910825,-39.93108581019717],[-72.03371867755162,-39.931081059450506],[-72.0334352221795,-39.93119296627757],[-72.0333311359668,-39.93145246423466],[-72.03311158353178,-39.93151834063253],[-72.03310438224497,-39.93168498747327],[-72.03328169572626,-39.931880192819186],[-72.03327655218484,-39.931999226288376],[-72.03392801321368,-39.93196824198146],[-72.03392287077583,-39.932087275518576],[-72.03354149604272,-39.932315840577246],[-72.0335054286794,-39.93243408217477],[-72.03378175672117,-39.9332038151564],[-72.03390031221309,-39.93332601593469],[-72.03411678447434,-39.93333155836179],[-72.03411061363978,-39.93347439859676],[-72.03395393320788,-39.933518053145555],[-72.0339415907362,-39.93380373355977],[-72.03371174483968,-39.9341076777869],[-72.03362932152113,-39.93458222787046],[-72.03340255777437,-39.93481475124263],[-72.0334046717623,-39.93489552115136],[-72.03359132793213,-39.934915993585534],[-72.03357576479826,-39.93510518311717],[-72.0334139363835,-39.935267870199446],[-72.03349745397733,-39.93548450621985],[-72.03345109668933,-39.9358408145048],[-72.03335420422256,-39.935933665289454],[-72.03320060430443,-39.93590589854836],[-72.03285138460049,-39.935586119637705],[-72.0328552761698,-39.936016219028254],[-72.03272745684053,-39.93610827711481],[-72.03235531786277,-39.936122577228474],[-72.03203782538598,-39.93630510739312],[-72.03163167112453,-39.936390032712175],[-72.03099664227528,-39.93604009647293],[-72.03065645915906,-39.936031377121125],[-72.03055853296549,-39.93614803203351],[-72.03037143349475,-39.936080071721754],[-72.03024225734289,-39.9361586861682],[-72.03034646596338,-39.93639125284006],[-72.0302244610315,-39.936454888457774],[-72.03008704291221,-39.93620656650619],[-72.02976601367256,-39.93594240943367],[-72.02956435338513,-39.93592611136243],[-72.02944451537279,-39.93602318339709],[-72.0290902830389,-39.935858318046925],[-72.02917536721948,-39.93577251330984],[-72.02915468835002,-39.93557966130155],[-72.02948455286345,-39.935334894681496],[-72.02957474273302,-39.93503929468867],[-72.02936534467258,-39.934736012426654],[-72.029419137813,-39.934610778978545],[-72.02928189693274,-39.9342050774465],[-72.02909891887941,-39.93396205477482],[-72.02915302794067,-39.93360594718292],[-72.029305229437,-39.93349633290942],[-72.02935852290739,-39.932769613497655],[-72.02895698072214,-39.93232361844056],[-72.02867898570385,-39.932264353655796],[-72.02805954273573,-39.93249424169246],[-72.02703920978786,-39.93259839762515],[-72.02745763211918,-39.93208603352791],[-72.02724789301502,-39.93201220275862],[-72.02675210456385,-39.932023418739355],[-72.02637995883157,-39.93217746376609],[-72.02601291832372,-39.932462596740926],[-72.02584540727148,-39.932798636505694],[-72.02579498592058,-39.933180904434025],[-72.02544546651966,-39.93354432089333],[-72.02534109777031,-39.93349695403701],[-72.02523220067586,-39.93321303347915],[-72.02499611081738,-39.9330859128912],[-72.02496503153252,-39.93291009111033],[-72.0252950580018,-39.93266161663989],[-72.02579270291528,-39.932482824975615],[-72.02599521085676,-39.932020461836245],[-72.02521221026173,-39.93145256078171],[-72.02493384054819,-39.93128566652782],[-72.02479822815175,-39.93128963152522],[-72.02475958557272,-39.931557772691406],[-72.02457573634183,-39.931797849586594],[-72.02402428925691,-39.93229382644406],[-72.02379170962486,-39.93241446415378],[-72.02370731623411,-39.932352713418815],[-72.02445086189601,-39.931715614328795],[-72.02451717415435,-39.931412749704556],[-72.02396475339233,-39.93110064679333],[-72.02299098774796,-39.93113520924449],[-72.0229494373232,-39.931089454582185],[-72.02393544562895,-39.930995624476594],[-72.02448464572731,-39.93127040572382],[-72.0245922388602,-39.931131660768784],[-72.02440750754022,-39.93104126602155],[-72.02451381516869,-39.9308205621477],[-72.02396134769425,-39.93013964887666],[-72.02362067996762,-39.93014281319572],[-72.0235923185047,-39.93043999708965],[-72.02344131565089,-39.93035270175066],[-72.02343256255372,-39.93019756230695],[-72.02312488183071,-39.9301539067268],[-72.02320786573983,-39.93002495760595],[-72.02353668345509,-39.9299380745051],[-72.02376294633947,-39.929717474172975],[-72.02342436402093,-39.92931553037485],[-72.02319554157776,-39.92923815169071],[-72.022941990369,-39.92901713902443],[-72.02246166162226,-39.92902862733859],[-72.02222667199709,-39.92873659119294],[-72.02231275282986,-39.92853622327608],[-72.02264156426992,-39.92844934247796],[-72.02304355159355,-39.9284596732311],[-72.02326516663858,-39.928346202908926],[-72.02328733591094,-39.928191857983855],[-72.02321467518014,-39.92808274236891],[-72.0230590333623,-39.92810257591485],[-72.02292452929477,-39.9279918709007],[-72.02287197500917,-39.92777602322789],[-72.02241176130536,-39.92768077982023],[-72.02224582124046,-39.92758118253876],[-72.02222006144375,-39.92746135535245],[-72.02253237468145,-39.92739788373096],[-72.02269214382981,-39.927282824902534],[-72.02343529382236,-39.92727808869149],[-72.02344664517892,-39.9270162171821],[-72.02328741296728,-39.926761879136286],[-72.02298181179916,-39.926670610731605],[-72.02279114481895,-39.92642738072165],[-72.02222736170839,-39.92622222639593],[-72.02222015979646,-39.92603137716638],[-72.02263245460988,-39.92580364398118],[-72.02283855872652,-39.92640476620216],[-72.02317043569171,-39.92660395873348],[-72.02338533675872,-39.92664523017277],[-72.02362548419359,-39.92681823144642],[-72.0241465053707,-39.92693886502432],[-72.02429596829089,-39.92670437408814],[-72.02460982374336,-39.926605186869644],[-72.02500251854883,-39.92682976923389],[-72.02517618684244,-39.92710830871098],[-72.02528595926724,-39.92707537795009],[-72.02536893512975,-39.92694642693501],[-72.0251380646863,-39.92655917024823],[-72.02447997449399,-39.92602985927241],[-72.02426715137798,-39.92558348186953],[-72.02407441917943,-39.925387866924424],[-72.02373738624935,-39.92530770964372],[-72.02358742590869,-39.92519660832288],[-72.02404917258151,-39.92525613675777],[-72.02430324341553,-39.925107748457386],[-72.02450268033358,-39.92514862056891],[-72.02543443981055,-39.924362225403186],[-72.02587092825978,-39.9246475117949],[-72.02602862350633,-39.92458006100624],[-72.02614973141364,-39.92428525698457],[-72.02630330217858,-39.92431303207071],[-72.02644347264847,-39.92465029245724],[-72.02662693412502,-39.924702667372415],[-72.02693459274977,-39.924388817300155],[-72.02720153824,-39.92430033550804],[-72.02715618627724,-39.9239178431089],[-72.02744632153153,-39.92400870360037],[-72.02760762018718,-39.923857927433474],[-72.02764832879242,-39.92363255800146],[-72.02797608029587,-39.9235694674891],[-72.02818890751884,-39.923300847156774],[-72.02838988711305,-39.92330600254224],[-72.02878463678816,-39.92348295869353],[-72.03001680616102,-39.92362180235275],[-72.0303017972129,-39.92383168908803],[-72.03149585328035,-39.924136371463156],[-72.0318854716899,-39.924432350944805],[-72.03214983961664,-39.92440337426117],[-72.03214469547646,-39.92452240776198],[-72.03195351299195,-39.92464859167038],[-72.03183345785749,-39.92491959594603],[-72.03196642785427,-39.92506600100693],[-72.03217204308082,-39.92496401989024],[-72.03233850672984,-39.92505169992751],[-72.0323947190616,-39.92554171751171],[-72.03276165724195,-39.92564644869225],[-72.03281887059971,-39.925755162833134],[-72.03273696908944,-39.92621780966302],[-72.03288283253609,-39.92642412657212],[-72.03321422625825,-39.92663519473665],[-72.03349152613745,-39.9270236247155],[-72.0340197668662,-39.926977567469834],[-72.03458762747249,-39.926372445076105],[-72.03507256414821,-39.92625377528965],[-72.03504832395754,-39.92609823999807],[-72.03497102050035,-39.926096261523234],[-72.03463752710766,-39.92557531479334],[-72.0343978686973,-39.92539043210129],[-72.03447153341517,-39.92511823757804],[-72.03491007993496,-39.92499838085015],[-72.03525020975198,-39.925007085735665],[-72.03529920456019,-39.925306252903354],[-72.03556824483815,-39.925527635199245],[-72.03615939131707,-39.925816840642575],[-72.03619447098963,-39.92607990184791],[-72.03596825928783,-39.92630052849876],[-72.0358121103585,-39.92633228286516],[-72.03561934209236,-39.92613668588084],[-72.0354008366737,-39.92617876061002],[-72.03539415618454,-39.92633350456904],[-72.03551373126902,-39.92643189672804],[-72.03549780124987,-39.92680090156661],[-72.03586839451611,-39.927179796752625],[-72.0360652765684,-39.92728016633332],[-72.03622142758562,-39.92724841170456],[-72.03641723369664,-39.927015090258166],[-72.0368258951022,-39.92687062880685],[-72.03700469638522,-39.92667262097213],[-72.0372402041548,-39.9265952284418],[-72.03781020135685,-39.92665747051988],[-72.03795967545828,-39.92678045775981],[-72.03795094677133,-39.92698281569152],[-72.03813134373273,-39.927106593356946],[-72.03830141433534,-39.92711094138922],[-72.03867138988349,-39.92678673629796],[-72.04044822820053,-39.92614098290845],[-72.04075634568102,-39.925815190658675],[-72.04080990893331,-39.92564972725724],[-72.04093359431864,-39.92565288653475],[-72.04097015764536,-39.92552273846224],[-72.04149735821511,-39.9255004533741],[-72.04178282861639,-39.925340911564476],[-72.04176993181656,-39.92528099951757],[-72.04126691198073,-39.92510132217294],[-72.04125606705436,-39.92499379629602],[-72.04156681610533,-39.92496598259429],[-72.0416749624228,-39.924611247865045],[-72.04195222514237,-39.92464216073625],[-72.04220838824175,-39.924803616268484],[-72.04271755976644,-39.92484044798428],[-72.04277624320595,-39.924555948808084],[-72.04299627733951,-39.92447814939371],[-72.04311526320582,-39.92423093882397],[-72.04322553587302,-39.92418608708634],[-72.04342549588094,-39.924215023447225],[-72.04375383921533,-39.92449748314781],[-72.04387701047288,-39.924512542686195],[-72.04441045879884,-39.92409674863011],[-72.04571814614373,-39.92380876477247],[-72.04672716302264,-39.92373915850674],[-72.04711254152157,-39.923415318271275],[-72.04776750118609,-39.923300928222545],[-72.04852698595091,-39.92291511647367],[-72.04863929934676,-39.922822645242825],[-72.04863304670944,-39.92260798783078],[-72.04943492661705,-39.92267607940928],[-72.04987394593007,-39.92254426088931],[-72.0504236164471,-39.92199817805358],[-72.05060913628708,-39.922002901181294],[-72.05119342174683,-39.92173177684556],[-72.05124440106707,-39.921625825289226],[-72.05160917698039,-39.92142061092481],[-72.05182395098039,-39.92110432917271],[-72.05085036865802,-39.92071013625045],[-72.05058755378295,-39.92070344579105],[-72.05058090877398,-39.92085819202015],[-72.05031247015746,-39.92098244001163],[-72.04981878073835,-39.92094603625095],[-72.0494564400474,-39.92073422713168],[-72.04905755679022,-39.920652568347286],[-72.04893387949446,-39.92064941806143],[-72.04878604766293,-39.92084823395976],[-72.04803005735387,-39.9207932239541],[-72.0474694154986,-39.920874269838265],[-72.04710043004093,-39.92081719938634],[-72.04653917128581,-39.92055264473709],[-72.0462170791662,-39.92048485037331],[-72.04547328597415,-39.91978664042285],[-72.04453785072229,-39.91922653585763],[-72.04446055432886,-39.91922456398965],[-72.04445338368585,-39.919391212895945],[-72.04463121307381,-39.91957449774327],[-72.04438283895593,-39.91959199472231],[-72.04431741599088,-39.919673741575565],[-72.04452514015617,-39.91988162237765],[-72.04452206702636,-39.91995304333426],[-72.04430307372311,-39.92000703931329],[-72.04430931306761,-39.92022169654034],[-72.0445927999584,-39.92046725975622],[-72.04606063855559,-39.92124352155011],[-72.04551074412322,-39.92107458415848],[-72.04430111733383,-39.92041215237391],[-72.04318905590056,-39.92035994258763],[-72.04288550292222,-39.920221112807646],[-72.04275559259158,-39.920003298833024],[-72.04236594901656,-39.91970735494383],[-72.04206240064072,-39.91956852315827],[-72.04117242638347,-39.919390882074595],[-72.0406937020206,-39.91936673826062],[-72.03988783888235,-39.91975131368483],[-72.03954619450026,-39.919778333666635],[-72.03933335544474,-39.91968947886577],[-72.0382788589494,-39.918661536128354],[-72.03787692336473,-39.9186512602777],[-72.03785781156498,-39.91837669102154],[-72.03759341038166,-39.918048183767205],[-72.03785050596399,-39.91782834298392],[-72.0378349874174,-39.91747044972186],[-72.03816526777975,-39.917347811746076],[-72.03827347916277,-39.9173505781144],[-72.03834615410996,-39.91745968491334],[-72.0382101660362,-39.917742205723364],[-72.03829419430039,-39.91794693519638],[-72.03877136788905,-39.91800679884914],[-72.03908619048146,-39.91788376316184],[-72.03964052094108,-39.91723060192312],[-72.03949202090928,-39.91672631207153],[-72.03968060250395,-39.916659631488464],[-72.03977950971401,-39.91651916003925],[-72.03999798184286,-39.91647707576313],[-72.04006597099954,-39.91633581412767],[-72.03981035654151,-39.91616245153906],[-72.03971086706686,-39.91595732804203],[-72.03938983015145,-39.915865708777474],[-72.03922806319422,-39.91602840661737],[-72.03901523591409,-39.91593955162182],[-72.03884204873377,-39.9156491279783],[-72.03848907149407,-39.915580522983674],[-72.0384792578281,-39.9154491900334],[-72.03870234518074,-39.9152999771534],[-72.03887136049792,-39.915328130169456],[-72.0388631511212,-39.91551858522774],[-72.03907854217823,-39.91554792323812],[-72.03917590974902,-39.91544316259975],[-72.03892023469845,-39.914912299871055],[-72.03868111276839,-39.914715523248105],[-72.0384049181291,-39.91466079714108],[-72.03842916352868,-39.914816332126755],[-72.03859202004345,-39.91498732676707],[-72.03845084326542,-39.91503138429544],[-72.03813391813063,-39.91484453426959],[-72.03782372758562,-39.91486043699247],[-72.03772373252905,-39.91466721546477],[-72.03821371247817,-39.91442949475197],[-72.03833218246102,-39.91419419215596],[-72.03863050361831,-39.914094568752105],[-72.0391694832709,-39.91415601027232],[-72.03934574639987,-39.91437501271377],[-72.0398265578929,-39.91470904557301],[-72.03996414303606,-39.914748310489635],[-72.04009037302394,-39.91469195267805],[-72.04011506262272,-39.91447808538877],[-72.04034019457212,-39.9142812552526],[-72.04039323530445,-39.91412769492579],[-72.0401293495806,-39.913787289949134],[-72.0400550641578,-39.913356395966375],[-72.04021323284903,-39.91327702082517],[-72.04019411185229,-39.91300245144674],[-72.04036876291893,-39.91289966402467],[-72.04042128956183,-39.91275800707499],[-72.04094018899883,-39.9129261763705],[-72.04108187261058,-39.91287021210596],[-72.04108904976897,-39.91270356351966],[-72.04091278487805,-39.91248456363101],[-72.04073088131045,-39.91239650165152],[-72.04054487630356,-39.91240366712645],[-72.04044854086581,-39.91248462226937],[-72.0401074457597,-39.91249974180439],[-72.03991272196512,-39.91270926505509],[-72.03957162571926,-39.91272438296593],[-72.0393958787031,-39.91249347748994],[-72.03956430424039,-39.912176034093605],[-72.0394580826187,-39.91176815678307],[-72.03930094259337,-39.911823724099406],[-72.03911654623265,-39.91215267553483],[-72.03890321779586,-39.91207572417573],[-72.03877288751104,-39.912227308429884],[-72.03850183356869,-39.91205354844495],[-72.03804015890348,-39.91199408032648],[-72.03775262385878,-39.91184373038331],[-72.03725798322223,-39.911831082524245],[-72.03724874378446,-39.91204534428084],[-72.03781868230699,-39.912465080331316],[-72.03782336247113,-39.91271544769062],[-72.03745237723787,-39.91270596204903],[-72.03717773172826,-39.91261552303991],[-72.0367835328047,-39.91242669328889],[-72.03654853291988,-39.91213468533809],[-72.03631666935436,-39.9121287544732],[-72.03628375361666,-39.912533075337485],[-72.03654812873653,-39.912861584847626],[-72.03646621895567,-39.9129667386982],[-72.03582161544804,-39.912842999641825],[-72.03555477456365,-39.91328900132165],[-72.0350369145349,-39.91309700147204],[-72.03443406179663,-39.9130815720949],[-72.03400591087109,-39.91332085964623],[-72.03359886845816,-39.913429604007455],[-72.03327425424051,-39.91342129218737],[-72.03321602116853,-39.91333638518989],[-72.03337368314438,-39.91326892306576],[-72.03337882310792,-39.91314988920082],[-72.03354059621856,-39.912987199722735],[-72.03300368855501,-39.912878118975875],[-72.03290011137612,-39.91276821750708],[-72.0321921442821,-39.91267858519637],[-72.0321689736983,-39.91285673985083],[-72.03190413630014,-39.91289762162918],[-72.0317670742704,-39.91284644405846],[-72.03169544302219,-39.9127135268777],[-72.0312172851917,-39.91267744231694],[-72.03108848040371,-39.91279330715383],[-72.03090298868732,-39.91278855370035],[-72.03079992954619,-39.91266674711923],[-72.03035423146137,-39.91259574123892],[-72.02994922647899,-39.91229936252907],[-72.02956110009026,-39.912309868823776],[-72.0293112483978,-39.91210421209926],[-72.02933039416558,-39.911937917275196],[-72.02907791225205,-39.911693112406056],[-72.02845600119518,-39.91140308285402],[-72.02811851513515,-39.911334843826495],[-72.02675053711947,-39.91040600550593],[-72.02633731603332,-39.90994257198101],[-72.02613586068279,-39.909949317778995],[-72.02609567324133,-39.91016278394221],[-72.02632959079496,-39.91047861794802],[-72.02642285317829,-39.91118408734405],[-72.02618275165891,-39.9113685893549],[-72.02598283777101,-39.91169712087846],[-72.02573036765318,-39.9118098051984],[-72.02564432257618,-39.91165268129436],[-72.02529395814233,-39.9115245207478],[-72.02518060335252,-39.91164077561505],[-72.02464372176897,-39.911531656952256],[-72.02413259109528,-39.91189985853121],[-72.02413825255825,-39.91212641805286],[-72.02397852256038,-39.9122414805229],[-72.02397181966325,-39.912396223250155],[-72.02452931131253,-39.91274420502938],[-72.02450715195926,-39.9128985508348],[-72.02468696507475,-39.91339174649698],[-72.02504660996168,-39.913663145622124],[-72.02523158289557,-39.91403730763974],[-72.02559174862797,-39.91429680195005],[-72.02587153532788,-39.914625730979836],[-72.02616420601548,-39.91537206864358],[-72.02631363499448,-39.915495069460604],[-72.02649861927708,-39.91586922978618],[-72.02651201782139,-39.916274735696064],[-72.02662898686263,-39.91643265260254],[-72.02673256097334,-39.91690005540228],[-72.02683819455065,-39.916962348954875],[-72.02683922752367,-39.917296038284206],[-72.02672741079287,-39.91737658439205],[-72.02652387254217,-39.91743094327695],[-72.02564530855982,-39.91734880840998],[-72.02539127522954,-39.91713970533103],[-72.02500481177479,-39.91712978209037],[-72.02489402435931,-39.91718651978614],[-72.02481261518939,-39.91692226563412],[-72.02504861654104,-39.9168329937802],[-72.02508365745798,-39.91673856135423],[-72.02581381241745,-39.91667389225509],[-72.02540416613849,-39.91648462732302],[-72.02518723892919,-39.9161334781845],[-72.0248657075599,-39.916053722619615],[-72.02383981359431,-39.91544346361314],[-72.02373109092309,-39.915452587162775],[-72.02373778204571,-39.915655339991204],[-72.023129754911,-39.91575888375935],[-72.02305760550679,-39.915995360357016],[-72.0228540689131,-39.91604971284511],[-72.02165864696153,-39.915780657313654],[-72.02074713086984,-39.915745304458255],[-72.02028958179689,-39.91559053930719],[-72.01964189019554,-39.91553812979959],[-72.01951409388485,-39.91563017432976],[-72.01953726356757,-39.9158095181508],[-72.02062547170162,-39.916409500951836],[-72.02072593619955,-39.91659083227843],[-72.02050900300209,-39.91659717001848],[-72.02005196532753,-39.91643050052113],[-72.01979946838753,-39.91654317082933],[-72.01961706709041,-39.91646697956254],[-72.01936715177109,-39.91652013275006],[-72.01937899472684,-39.91660385304837],[-72.01997583823456,-39.917070544734855],[-72.02003443646201,-39.91723590409279],[-72.01983592987119,-39.91784300896302],[-72.01963445135115,-39.917849742563796],[-72.01951439775722,-39.9177632384908],[-72.0193010395676,-39.91804374570632],[-72.01910162668499,-39.918002865463784],[-72.01928251879852,-39.917757272871974],[-72.01927274192583,-39.91762593967608],[-72.01868587326655,-39.91724142710876],[-72.01834785367332,-39.9171850621779],[-72.01810822621748,-39.91735764249267],[-72.01806749149517,-39.9175830077662],[-72.01821845999164,-39.9176703089963],[-72.01793396085505,-39.918163479816535],[-72.01754805717698,-39.91778413418681],[-72.0166587484064,-39.91723691062069],[-72.0161496541248,-39.91719996684471],[-72.01608592839173,-39.91754758498324],[-72.01600019516343,-39.91758522682529],[-72.01546794533229,-39.91762631038575],[-72.01485214845151,-39.91750583878146],[-72.01450479294174,-39.917658084473715],[-72.01391581762269,-39.91767865482843],[-72.01361537865215,-39.91782582525415],[-72.01350044115631,-39.91797777694953],[-72.01328557398779,-39.91793648832644],[-72.01315628109907,-39.917706741522295],[-72.0129244036753,-39.91770076319622],[-72.01290221607562,-39.917855105645216],[-72.01255384556706,-39.91803678692413],[-72.01235547289096,-39.91797208891066],[-72.01255798707143,-39.91794156171461],[-72.01217048812039,-39.917955401832444],[-72.01205147978358,-39.91784508406893],[-72.01182115556405,-39.91780339408589],[-72.01163151082396,-39.9178938344483],[-72.01162374309419,-39.91807238156499],[-72.01133875639046,-39.91821994457623],[-72.01133150571818,-39.918386588498045],[-72.01183335534154,-39.918590197676046],[-72.01194045492142,-39.918974287971096],[-72.01223054717222,-39.91906518514989],[-72.012149997175,-39.91984959661819],[-72.01226434897447,-39.92006704267635],[-72.01291873362155,-39.92032224694115],[-72.01332008332615,-39.92070200598444],[-72.01380087040532,-39.92067865033566],[-72.0139982172838,-39.92076715250722],[-72.01450416880475,-39.92123301902473],[-72.01413418042114,-39.921199650772444],[-72.01357460831188,-39.92089923141373],[-72.01300934694878,-39.92072974417453],[-72.01283670759395,-39.9207848753672],[-72.01287480218791,-39.9209765215608],[-72.01314840958246,-39.921090824464144],[-72.01327977860865,-39.921272958786],[-72.0140336622689,-39.921375807514586],[-72.01428249977081,-39.921703966310034],[-72.01472409688397,-39.92187026086603],[-72.01506983526342,-39.922105582951346],[-72.01537695649078,-39.92216116164871],[-72.01584016893565,-39.922542505865835],[-72.01598493877442,-39.92277264837842],[-72.01628637539895,-39.922959159777896],[-72.01629097531327,-39.923209524750455],[-72.01650172413356,-39.923346033902796],[-72.01652643856566,-39.92348966837698],[-72.01645787670546,-39.9236428171763],[-72.01614609334274,-39.92369436968964],[-72.01607189701733,-39.923620959645824],[-72.01582557361334,-39.92359078183746],[-72.01573902133501,-39.923445554314554],[-72.01543137678247,-39.923401879537195],[-72.01432092323085,-39.922956188789094],[-72.01269307020148,-39.92266397790016],[-72.0123509623502,-39.92234532695384],[-72.01150654163376,-39.92184293244604],[-72.01125065088853,-39.921776556218774],[-72.01123382899887,-39.92186578464732],[-72.01101541254452,-39.9218302621454],[-72.01098523278358,-39.92192910838301],[-72.01118173709098,-39.922184086529676],[-72.01117085896242,-39.92243405220311],[-72.01152220568135,-39.922895942806576],[-72.01154431974157,-39.923099093612],[-72.01208939933615,-39.92373281079144],[-72.01242433766184,-39.92386061376621],[-72.01294679502709,-39.92430307973214],[-72.01332604716356,-39.92447968868768],[-72.01388209060346,-39.92450593912869],[-72.01456854200856,-39.924380633172404],[-72.01472935134127,-39.92424177919206],[-72.01496280336842,-39.924212045223754],[-72.01575844705346,-39.924423207534296],[-72.01621092585033,-39.924339530441166],[-72.01621966266147,-39.92449466993852],[-72.01644277239785,-39.92470299657179],[-72.01649731920335,-39.92522872725132],[-72.01613443712449,-39.92574370700694],[-72.01580252815099,-39.92590198855352],[-72.0157963208787,-39.926044826593476],[-72.01546641938428,-39.92651298768928],[-72.01534066586309,-39.92655741384519],[-72.01511685159998,-39.92743346773223],[-72.01488746518466,-39.92772546943446],[-72.01478525822624,-39.92865232191489],[-72.01468265952964,-39.92887609129337],[-72.01414915303585,-39.92939858359917],[-72.0138012427774,-39.929568363137996],[-72.01364870189448,-39.929516764963644],[-72.01362554527131,-39.92933742072822],[-72.01393483626467,-39.92898789894988],[-72.01393438704193,-39.928642309249355],[-72.01374381723889,-39.92804157254979],[-72.01339864356065,-39.92743684983301],[-72.0134038206981,-39.927317818422374],[-72.01370016163929,-39.92726587546006],[-72.01383264669805,-39.92706671027735],[-72.01328020669922,-39.926957136861354],[-72.0130818801836,-39.926534946410385],[-72.01341586887027,-39.9263290604498],[-72.013787437146,-39.92632672253636],[-72.01417136055129,-39.92639620081456],[-72.01422699177404,-39.926540632525025],[-72.01445320660633,-39.92667754403409],[-72.01446297444419,-39.92680887716697],[-72.01463355814215,-39.92680135673179],[-72.01528761909692,-39.926353466765505],[-72.01531601361324,-39.926056285986206],[-72.01527635812957,-39.9259003498799],[-72.0150666391479,-39.92574003202484],[-72.01430656111874,-39.925422533030996],[-72.01373001014457,-39.92479993131286],[-72.01350017926838,-39.924746340667035],[-72.01348827327404,-39.92502011305272],[-72.01331407019184,-39.92511095397504],[-72.01287038541966,-39.924992266039354],[-72.01266836814109,-39.92501088984975],[-72.01259772483195,-39.925211648503364],[-72.01242403799715,-39.925290584886895],[-72.01182678814708,-39.92514409961753],[-72.01120898176983,-39.92475875119386],[-72.01100903723253,-39.92472975963261],[-72.01092448367518,-39.9248944088602],[-72.01102078837148,-39.92517097284678],[-72.01130365239584,-39.92542851688197],[-72.01165612936718,-39.925509108651084],[-72.01160197879592,-39.925686459108064],[-72.01054964480763,-39.92568314131555],[-72.01042233539097,-39.92576327141084],[-72.01022135190127,-39.9257580846193],[-72.00966176217045,-39.92545764581291],[-72.00929071767632,-39.9254480675528],[-72.00905103846873,-39.92562062700234],[-72.00906692432022,-39.92596661512382],[-72.00882413178174,-39.92621059257177],[-72.00841749582288,-39.926307340807284],[-72.00825469201429,-39.92613630579226],[-72.00790377243104,-39.92601999445064],[-72.00784805582389,-39.926233052015256],[-72.00808660485464,-39.92644179328778],[-72.00823955560422,-39.92683898718297],[-72.00853269027263,-39.92721596793822],[-72.00854140965046,-39.927371107321314],[-72.00828055634854,-39.927674199517696],[-72.00775178155924,-39.92773204155613],[-72.00739680693214,-39.92735346139753],[-72.00725869923004,-39.927326060681374],[-72.0066733787188,-39.92690577798512],[-72.00653449390838,-39.92689623104909],[-72.00653521906244,-39.92705712220582],[-72.00686035624013,-39.92723235395672],[-72.00665848491072,-39.92760250695041],[-72.00671124707783,-39.92781240856867],[-72.00696909748962,-39.92811102440846],[-72.00696956407623,-39.92827786710602],[-72.00608793101956,-39.92861853789413],[-72.00605773311821,-39.9287786298235],[-72.0062323651525,-39.92903338886461],[-72.00718435539284,-39.92956443728264],[-72.0081942041683,-39.92965606271476],[-72.00877774191143,-39.93011799955674],[-72.00898413511932,-39.930176952810776],[-72.00898512484048,-39.93033189254311],[-72.00928735096001,-39.9305005678466],[-72.0094321134408,-39.930730718088626],[-72.00988018911825,-39.930926989913324],[-72.0100383424598,-39.93120515095968],[-72.01023519518264,-39.93130556344227],[-72.01020833018359,-39.931567032557496],[-72.00962234596355,-39.93151615801053],[-72.00949304283624,-39.93128640708986],[-72.00905856534938,-39.93131093961812],[-72.00796909928691,-39.931092142170456],[-72.0066383791491,-39.93108159729274],[-72.00641621047849,-39.93120693745544],[-72.0058915599186,-39.93116954547231],[-72.00537365931615,-39.930977411532574],[-72.00499947106456,-39.931039236708905],[-72.00500766314646,-39.93120627903424],[-72.00473754908383,-39.931366125742045],[-72.00483799017775,-39.931547469708924],[-72.00464570128952,-39.93169741188738],[-72.00446979302245,-39.932181438305314],[-72.003961637141,-39.93212063109876],[-72.0038033848185,-39.932199953337694],[-72.00376674738055,-39.93233008680912],[-72.00386874548492,-39.93247572246914],[-72.00415992056793,-39.93254283534552],[-72.0047495428887,-39.93251041645595],[-72.00537360838374,-39.93275296363414],[-72.00429947543175,-39.93289202176146],[-72.00420047179941,-39.93303245900295],[-72.00358551220376,-39.93329063240278],[-72.00342453418556,-39.933786959657255],[-72.00325672776196,-39.93390774154154],[-72.0032824558957,-39.93402757169831],[-72.0034978852257,-39.934056977408595],[-72.00384571980182,-39.934244721347845],[-72.00389393878066,-39.93491329019546],[-72.00282626868939,-39.93561257476289],[-72.00267411417592,-39.935906549274335],[-72.00292099361721,-39.935924853421646],[-72.00291631643034,-39.936031980505234],[-72.00244607433913,-39.93652030415949],[-72.00243931718249,-39.93667504319619],[-72.00290774454352,-39.936937409247626],[-72.00304730048465,-39.93728659703886],[-72.00323948220496,-39.93749414867359],[-72.00363476062503,-39.937659287815784],[-72.00402133199768,-39.937669286521604],[-72.0040625253651,-39.93778951646161],[-72.00353666182066,-39.938133408407936],[-72.00336852135327,-39.93843888664282],[-72.00321025336345,-39.938518207432075],[-72.00290099265825,-39.93851020626657],[-72.0028288749901,-39.93838917581452],[-72.00247626860765,-39.93841631242325]],[[-72.00544033554279,-39.93593356159177],[-72.00516149592205,-39.93597029188549],[-72.00470736198234,-39.935726301788605],[-72.00480631859962,-39.935327133594214],[-72.00506673932736,-39.935151834296704],[-72.00509937970918,-39.934964368675566],[-72.00518246820675,-39.934928854887545],[-72.00546397823021,-39.93501773319871],[-72.00562243729406,-39.93531057059541],[-72.00558186667675,-39.93567986389625],[-72.00544033554279,-39.93593356159177]],[[-72.03983763989437,-39.933961605072284],[-72.03964108151902,-39.93398169030648],[-72.03956774422598,-39.933791505592644],[-72.03981208972725,-39.93379774968236],[-72.03983763989437,-39.933961605072284]],[[-72.0237558819444,-39.95357316412648],[-72.02372710184429,-39.95348454678584],[-72.02393568722135,-39.95318861088182],[-72.02386077064678,-39.95265941897549],[-72.02413180855797,-39.95242785718906],[-72.02422957190139,-39.95243036886574],[-72.02436914633884,-39.95259715629767],[-72.02453208568825,-39.95260134206082],[-72.02464179248919,-39.952704592025164],[-72.02452066445028,-39.95286468220283],[-72.02420455136576,-39.953007209015965],[-72.02395576374498,-39.95347786816239],[-72.0238368087167,-39.95358779750687],[-72.0237558819444,-39.95357316412648]],[[-72.02613273715349,-39.951424712856834],[-72.02609634489234,-39.95151165638473],[-72.02600564915109,-39.95134612598651],[-72.02613545489895,-39.95136201271688],[-72.02613273715349,-39.951424712856834]]],[[[-72.00361234940225,-39.930193046285716],[-72.0040442235287,-39.93022804917177],[-72.00404837861232,-39.93013282490373],[-72.00360947778555,-39.92954948287289],[-72.00339302345434,-39.92954388392726],[-72.00318176441108,-39.929419254323264],[-72.00219330103758,-39.929369846238984],[-72.00214886688542,-39.929678524409944],[-72.00233024192524,-39.929778549661],[-72.00250018522195,-39.930140441021344],[-72.00277744663764,-39.93017144786286],[-72.00295778476188,-39.930295278246625],[-72.00361234940225,-39.930193046285716]]],[[[-72.02990944218413,-39.93165078390581],[-72.03021660458023,-39.93134882934295],[-72.03026606326048,-39.93092110271925],[-72.030375839754,-39.930888167284785],[-72.03043406587422,-39.93061558000451],[-72.03027785597952,-39.929574838711275],[-72.0297516256749,-39.928858273076614],[-72.02915996780914,-39.92858093838384],[-72.02853017330318,-39.9281119582538],[-72.02808180287244,-39.92810045670028],[-72.02789163339538,-39.92820282659931],[-72.02733658118942,-39.92815283558595],[-72.02709899661293,-39.92827782049666],[-72.02661867267754,-39.92828932627561],[-72.02631821104129,-39.92843652872856],[-72.02614917005691,-39.928408356446155],[-72.02609248590407,-39.92793024086708],[-72.02552250008763,-39.92751044598109],[-72.02554053903123,-39.92745132658936],[-72.02527564176692,-39.92749219090314],[-72.02503754035745,-39.92762907480949],[-72.02495404726206,-39.92776992878625],[-72.02473553128746,-39.92781198294425],[-72.02446597665458,-39.92831746958708],[-72.02417478126921,-39.92860790250406],[-72.02415055027969,-39.92880986067683],[-72.0242556831692,-39.928884060317166],[-72.02467261901187,-39.92890668592448],[-72.02466385054481,-39.92910904134255],[-72.02486226767557,-39.92917371976652],[-72.0249643074339,-39.92931933838041],[-72.024950897919,-39.92962882319392],[-72.02483390032364,-39.929828399111486],[-72.025008079304,-39.93045253060031],[-72.02526730536947,-39.930900098156584],[-72.02571207556888,-39.93135242910857],[-72.02631559454167,-39.931713501479294],[-72.02682171144166,-39.931821824288484],[-72.02762521347523,-39.931854360143625],[-72.02799011168615,-39.93164922509385],[-72.0281900851971,-39.93167818829911],[-72.02826327270752,-39.9317753978692],[-72.02893998974601,-39.93187617118615],[-72.02951517052233,-39.93181942235014],[-72.02990944218413,-39.93165078390581]]],[[[-72.00081391056472,-39.92870256980586],[-72.00095669698949,-39.92862285118645],[-72.00129787388524,-39.92860785031433],[-72.00135049410264,-39.928466214847745],[-72.00106401807774,-39.92829196856286],[-72.00057447512773,-39.92816012985528],[-71.99996630866936,-39.92826354638556],[-71.99986834382138,-39.92838017395394],[-72.0004355717759,-39.92885960454701],[-72.00063812238966,-39.92882909963708],[-72.00081391056472,-39.92870256980586]]]]}},{"type":"Feature","id":"2025","properties":{"year":2025,"source":"2025-2026/1_DASHBOARD/AnexosDigitales/2_Variaciones_de_glaciares/2_Polígonos/2025/Surface 2025_m.geojson","sourceCrs":"EPSG:32718","geometryAreaKm2":13.083012867083257,"area":13.07,"error":0.5671703491897297},"geometry":{"type":"MultiPolygon","coordinates":[[[[-72.02213987883502,-39.95519691100125],[-72.0221588550336,-39.95499397056666],[-72.02172488727189,-39.95492021943186],[-72.02143484196019,-39.95434159708135],[-72.02117419782402,-39.954256652558115],[-72.02089762941874,-39.95430430868099],[-72.02060714409828,-39.95467239688573],[-72.02078581322083,-39.95524033238902],[-72.02056561814088,-39.9554165883922],[-72.02064446238074,-39.95574036089313],[-72.02051297006325,-39.95591572539084],[-72.02046911033105,-39.95621250861099],[-72.02086962593917,-39.95697354769756],[-72.02101504947514,-39.95768736713822],[-72.02115652537019,-39.95794137892264],[-72.02131528537528,-39.95803152764613],[-72.0213920944955,-39.95836994186535],[-72.02158842514318,-39.958531473853],[-72.02172420953225,-39.95821417481046],[-72.02192293969502,-39.958086273941376],[-72.02154785174821,-39.95806098082007],[-72.02152858327739,-39.95780228798811],[-72.0216047642945,-39.95768688453946],[-72.02198290403332,-39.95764183845646],[-72.02197953444276,-39.95748526856478],[-72.021871892827,-39.95738861096374],[-72.02142537910993,-39.957369305115854],[-72.02138621547425,-39.95720132986763],[-72.02174403536065,-39.95716286528551],[-72.02211945900802,-39.95636219870691],[-72.02255257656007,-39.95601583941165],[-72.02248557355934,-39.955775787759364],[-72.02224688235115,-39.95556707171671],[-72.02213987883502,-39.95519691100125]],[[-72.02157415536847,-39.95581612247007],[-72.02159070922683,-39.95613733886042],[-72.02147492579107,-39.956228251465554],[-72.02097124650503,-39.95588668321209],[-72.02103322421118,-39.955630079852135],[-72.02116897871774,-39.955547505458135],[-72.02151188960754,-39.95561109305794],[-72.02157415536847,-39.95581612247007]]],[[[-72.03307232754851,-39.9562403193314],[-72.03329031357097,-39.95590163900866],[-72.03346735323882,-39.955804459092],[-72.03345650546406,-39.95558510425194],[-72.03310648303435,-39.955685677566414],[-72.03293383774023,-39.95568125517934],[-72.03288610212842,-39.95560961476003],[-72.03313450775153,-39.954567537794674],[-72.03280405358007,-39.95351063288335],[-72.03240426580251,-39.95335173141878],[-72.03207115914925,-39.953061526139855],[-72.031673404683,-39.95285572920798],[-72.03118627651568,-39.95236596978546],[-72.03095878895198,-39.95198457826717],[-72.03070254525556,-39.95203277901929],[-72.0306829265027,-39.952486078468375],[-72.0303281804228,-39.95269606093731],[-72.02990166470566,-39.95268512502704],[-72.02967113815207,-39.95237407072861],[-72.0293823936095,-39.95223365481922],[-72.0293045399286,-39.95238814167083],[-72.02970770208111,-39.952703623815395],[-72.02993687642267,-39.95304594007766],[-72.02988238303338,-39.953365334016716],[-72.0296951898882,-39.953462248110796],[-72.02981841050735,-39.95366883648723],[-72.02944774149559,-39.95354196825113],[-72.02923143304142,-39.95337211290526],[-72.02912141958063,-39.95356489563699],[-72.02936142569672,-39.95389184247385],[-72.029070983351,-39.95379050308408],[-72.02892542349339,-39.95363028597699],[-72.028740597802,-39.953672490000024],[-72.02872536509912,-39.953789461872354],[-72.02864161224848,-39.9537873133887],[-72.02855544462022,-39.9536317843031],[-72.02838479425408,-39.95363932283327],[-72.02820847194408,-39.953777796831766],[-72.02819661235132,-39.95405157150992],[-72.02828941186092,-39.95441144670531],[-72.02906482686379,-39.9550986609846],[-72.02909576317936,-39.95545694876579],[-72.02886427122391,-39.95579658869229],[-72.02881683858371,-39.956176699151435],[-72.02905864728295,-39.95667147719215],[-72.02948607057152,-39.9571710152012],[-72.03034092001643,-39.95745509818286],[-72.03083643636893,-39.95786522266423],[-72.03095830727618,-39.95786834672162],[-72.03114855559255,-39.95770109149128],[-72.0315365087246,-39.95766408978996],[-72.03195764519398,-39.95780006895922],[-72.03214518574488,-39.95769533607453],[-72.0322629753938,-39.957322793746116],[-72.03274907667402,-39.956897093843146],[-72.03295354456145,-39.95687103500916],[-72.03336656720485,-39.95719458144791],[-72.03346268573281,-39.95685277944594],[-72.03318305622825,-39.95673607880595],[-72.03307232754851,-39.9562403193314]]],[[[-72.0412940471897,-39.95476229604304],[-72.04179203506641,-39.95456372099793],[-72.0411985538731,-39.95420865387426],[-72.04083400785967,-39.95380431243271],[-72.04067894880147,-39.953524749503536],[-72.04075202624313,-39.953214268210516],[-72.0404344387162,-39.953105100122286],[-72.04042805712338,-39.952976323055175],[-72.04018478483914,-39.95280474609082],[-72.03984735763757,-39.95287880373974],[-72.03968601388809,-39.95302166775786],[-72.03966260696342,-39.95328748423725],[-72.0398224127963,-39.95345692923355],[-72.039993397139,-39.95392063451457],[-72.04028397252853,-39.954102607325616],[-72.04041364683471,-39.95469387040343],[-72.04055317241159,-39.95478011580588],[-72.0412940471897,-39.95476229604304]]],[[[-72.03686685820072,-39.95407111796318],[-72.0369133255876,-39.9544060697137],[-72.038316227989,-39.95511482965479],[-72.03845908079305,-39.95510283387791],[-72.03853759247109,-39.95493270917196],[-72.03901051782219,-39.95504651420316],[-72.03935887938641,-39.955219726957736],[-72.03952507905329,-39.955137908936834],[-72.03971567435174,-39.955197549535924],[-72.03995641206136,-39.9555088452391],[-72.0402038961769,-39.95566382909958],[-72.04018261238701,-39.95592148340485],[-72.04061627337232,-39.956002981853615],[-72.04095343507835,-39.955964650649086],[-72.04090632329354,-39.95564265536743],[-72.04114226352178,-39.95559391342761],[-72.04117812412824,-39.95546964246837],[-72.04130032901016,-39.95546493992141],[-72.04176214110511,-39.95583664814535],[-72.04195244867216,-39.956138827609415],[-72.0422351249285,-39.95618516727266],[-72.04280755408888,-39.95611371721792],[-72.042722553943,-39.955962887446496],[-72.04241311761274,-39.95582979959617],[-72.04227459800485,-39.955505470732824],[-72.04205656540924,-39.95537471594317],[-72.0408852125715,-39.9549535874484],[-72.04065504700304,-39.955104190879325],[-72.04048240199093,-39.95509977978668],[-72.04034831630054,-39.95490857319242],[-72.03977821821688,-39.95469057578965],[-72.03954996299453,-39.95409010380512],[-72.03923274728469,-39.95390203942038],[-72.0392662126705,-39.953597751502386],[-72.03886333681338,-39.95327448533183],[-72.03884535239456,-39.95298453060324],[-72.03901829332412,-39.95274640179867],[-72.03898475605213,-39.952581236510866],[-72.03845736049661,-39.952552104919235],[-72.03828364322332,-39.95210168446286],[-72.03809575702833,-39.95197951735347],[-72.03793864182218,-39.95161558699114],[-72.03764883836736,-39.9512639114043],[-72.03763595231402,-39.95109144969611],[-72.03725613846217,-39.95094090001441],[-72.03709666728419,-39.950631677592774],[-72.03609808561085,-39.95044964641005],[-72.03586691290585,-39.950623687231605],[-72.03514357541498,-39.95089466961547],[-72.03510469002461,-39.95132400449093],[-72.03568868789671,-39.95216049095229],[-72.03565588317467,-39.95244914626216],[-72.03591285144853,-39.9528547557838],[-72.03607336035573,-39.95337525928874],[-72.03623010520296,-39.95351228121575],[-72.03609980008075,-39.953704551587606],[-72.03634861922576,-39.953828280997264],[-72.03660084261651,-39.95410858066451],[-72.03678768867113,-39.95403065196579],[-72.03686685820072,-39.95407111796318]]],[[[-72.00055071250749,-39.948032255726595],[-72.00067218907789,-39.948134947770605],[-72.00079911067084,-39.94847824267547],[-72.00091045151669,-39.94850356349002],[-72.00114166072035,-39.94820773386012],[-72.00114323940367,-39.94786748203016],[-72.00102173009032,-39.947707458513776],[-72.00079982124534,-39.94773809118173],[-72.00055464478841,-39.94794229970663],[-72.00055071250749,-39.948032255726595]]],[[[-72.04710034331795,-39.93716180683769],[-72.04732857535477,-39.937176897570474],[-72.04735750310213,-39.93734455147875],[-72.04689960047267,-39.93790781408959],[-72.04692852736348,-39.938075468059736],[-72.04725382605032,-39.9380744871101],[-72.04743791212371,-39.93799572096298],[-72.04755306599368,-39.93811920680072],[-72.04773396471559,-39.93811454408643],[-72.04820190381744,-39.93759789958859],[-72.04860602764379,-39.93828513602554],[-72.05047347343972,-39.93912091704749],[-72.05106251152817,-39.939710848650506],[-72.0514994013226,-39.9399167057671],[-72.05152864156315,-39.93979689911846],[-72.05131193954807,-39.93951318883326],[-72.05131671473156,-39.93940203262665],[-72.05178970441851,-39.93960880754751],[-72.05178443454875,-39.93945102992588],[-72.05122234014279,-39.939075070183364],[-72.05081399516536,-39.93904612856909],[-72.05064910760242,-39.938958472270386],[-72.05046930827939,-39.93865715370031],[-72.05024624509802,-39.938521649832914],[-72.05026743390955,-39.93830890701723],[-72.04965930384843,-39.938163596214515],[-72.04905051748386,-39.93719295558675],[-72.048715180741,-39.937147320175114],[-72.04808666645171,-39.937196217932204],[-72.04765745537549,-39.93709254842781],[-72.04762047775264,-39.93683195798099],[-72.04770263605394,-39.936602223248904],[-72.04794241845954,-39.93634868591327],[-72.04791388788831,-39.936171769095296],[-72.04766318647006,-39.93611901432434],[-72.04701993800627,-39.93651063718981],[-72.0466336779047,-39.93652860967005],[-72.04634401751755,-39.936261576498566],[-72.04640131619381,-39.93604975514818],[-72.04665233710583,-39.93581505333371],[-72.0466362414365,-39.93562918010308],[-72.04603683721467,-39.9350018695262],[-72.04593093366883,-39.93494353011167],[-72.04519494097222,-39.93497112526166],[-72.04441287963832,-39.935229368881515],[-72.044417335196,-39.93540567224134],[-72.04457097069839,-39.935474503940746],[-72.04515094034036,-39.93543366005154],[-72.04530943321387,-39.93566953123549],[-72.04590716699514,-39.93605570122354],[-72.04589520852166,-39.93633359053999],[-72.04547100874638,-39.93695334580821],[-72.04554726713893,-39.93714075355749],[-72.04668751113073,-39.9374362182905],[-72.04703231477687,-39.93733775950466],[-72.04710034331795,-39.93716180683769]]],[[[-72.0343157554558,-39.93135411400117],[-72.03428251694059,-39.93117650571145],[-72.0340853729665,-39.931039822491556],[-72.03388254931691,-39.93103462954514],[-72.03343884098794,-39.931163131192],[-72.03297131581695,-39.93159542936764],[-72.03298485263221,-39.93177677556699],[-72.03327860960508,-39.931951612901045],[-72.03392801321368,-39.93196824198146],[-72.03392287077583,-39.932087275518576],[-72.03354149604272,-39.932315840577246],[-72.0335054286794,-39.93243408217477],[-72.03376008944386,-39.93298876302431],[-72.03375288935491,-39.93315540992066],[-72.03394876975656,-39.93332725664802],[-72.033531639933,-39.93447830675543],[-72.03335758010039,-39.934603673110516],[-72.03313621294731,-39.934987475108215],[-72.03286980419526,-39.93515915939482],[-72.03282229235342,-39.93606304023149],[-72.03235531786277,-39.936122577228474],[-72.03193785555645,-39.93630484497888],[-72.03176738914105,-39.93623984628944],[-72.0313892048751,-39.935878496091945],[-72.03102730198579,-39.93586922123689],[-72.03079283268494,-39.935463047667675],[-72.0304954432658,-39.93541904619076],[-72.03020697691852,-39.935532913055546],[-72.03020226079377,-39.93564192777171],[-72.03038688703876,-39.935743670272416],[-72.03039790605601,-39.935853088367836],[-72.03005699247632,-39.93608687212369],[-72.02998408245105,-39.935951614862425],[-72.03002498518879,-39.935734392314664],[-72.02968405943415,-39.93560438928777],[-72.02952407969134,-39.93529713263351],[-72.02957474273302,-39.93503929468867],[-72.02936534467258,-39.934736012426654],[-72.029419137813,-39.934610778978545],[-72.0292967647269,-39.934361862890675],[-72.02932682561769,-39.93366716623186],[-72.02954342668045,-39.93339381834734],[-72.02959533435643,-39.93292222822666],[-72.02905458704522,-39.93231417844262],[-72.02867898570385,-39.932264353655796],[-72.02805954273573,-39.93249424169246],[-72.02703920978786,-39.93259839762515],[-72.02745763211918,-39.93208603352791],[-72.02724789301502,-39.93201220275862],[-72.02675210456385,-39.932023418739355],[-72.02637995883157,-39.93217746376609],[-72.02601291832372,-39.932462596740926],[-72.02584540727148,-39.932798636505694],[-72.02579498592058,-39.933180904434025],[-72.02551005466094,-39.933505016361075],[-72.02537314848006,-39.933538740018015],[-72.02523220067586,-39.93321303347915],[-72.02499611081738,-39.9330859128912],[-72.02496503153252,-39.93291009111033],[-72.0252950580018,-39.93266161663989],[-72.02579270291528,-39.932482824975615],[-72.02614641427469,-39.93217892774848],[-72.02632211135558,-39.93212280708316],[-72.02632630841708,-39.932025905395896],[-72.02604624531781,-39.93194595887307],[-72.0250046808449,-39.931264401577515],[-72.02467061098255,-39.930976919810156],[-72.02421436543578,-39.93023763022361],[-72.02416298088391,-39.92996953437432],[-72.02375175946588,-39.92974069900284],[-72.02342436402093,-39.92931553037485],[-72.02319554157776,-39.92923815169071],[-72.022941990369,-39.92901713902443],[-72.02240798932657,-39.92885127235562],[-72.02230757478338,-39.92862435711094],[-72.02278953589027,-39.928588239659284],[-72.02307403438748,-39.92874712804183],[-72.02365563648912,-39.92877419832989],[-72.02435838048245,-39.92891351304068],[-72.02446641339967,-39.92896479265855],[-72.02454979011345,-39.929221583941846],[-72.02493109959978,-39.929292007977445],[-72.024950897919,-39.92962882319392],[-72.0248457512737,-39.929912119013245],[-72.0251657785462,-39.93074257647266],[-72.02556261494546,-39.931229426578994],[-72.02631559454167,-39.931713501479294],[-72.02682171144166,-39.931821824288484],[-72.02762521347523,-39.931854360143625],[-72.02780199311488,-39.9317039812695],[-72.02812926827673,-39.93165279509875],[-72.02826327270752,-39.9317753978692],[-72.02893998974601,-39.93187617118615],[-72.02951517052233,-39.93181942235014],[-72.02987645869203,-39.931697604303544],[-72.03021660458023,-39.93134882934295],[-72.03026606326048,-39.93092110271925],[-72.030375839754,-39.930888167284785],[-72.03043406587422,-39.93061558000451],[-72.03027785597952,-39.929574838711275],[-72.02979646468839,-39.928895172270295],[-72.02915996780914,-39.92858093838384],[-72.02853017330318,-39.9281119582538],[-72.02808180287244,-39.92810045670028],[-72.02789163339538,-39.92820282659931],[-72.02733658118942,-39.92815283558595],[-72.02709899661293,-39.92827782049666],[-72.02647817741091,-39.92833738152674],[-72.02625267220999,-39.928089069420636],[-72.02626158987593,-39.92788315320227],[-72.025982592699,-39.927778981664225],[-72.0258100608432,-39.927398640606015],[-72.02599309521588,-39.92680915650453],[-72.02585674656979,-39.92668439426986],[-72.0258032588784,-39.92646474973709],[-72.02665439729624,-39.92645021956324],[-72.02721185666539,-39.9259430998111],[-72.02722181949359,-39.92571295786875],[-72.02743053386753,-39.92525751824719],[-72.02733246642686,-39.92497609950504],[-72.02721027798357,-39.92488808077111],[-72.02720293514076,-39.92469387329218],[-72.02744940547008,-39.92445767384578],[-72.02737021687402,-39.92410398237022],[-72.02759728250253,-39.923952167999396],[-72.02764832879242,-39.92363255800146],[-72.02797608029587,-39.9235694674891],[-72.02818890751884,-39.923300847156774],[-72.02845121196553,-39.92331949205724],[-72.02895366708516,-39.92351112674329],[-72.02977201921391,-39.923555944011675],[-72.03001680616102,-39.92362180235275],[-72.0303017972129,-39.92383168908803],[-72.03134449844276,-39.92414956988351],[-72.0318869366689,-39.92457045018386],[-72.03183345785749,-39.92491959594603],[-72.03196642785427,-39.92506600100693],[-72.03217204308082,-39.92496401989024],[-72.03227872266379,-39.92500250233943],[-72.03239417581426,-39.925196124298324],[-72.0323947190616,-39.92554171751171],[-72.03277660347398,-39.92565874803667],[-72.03273696908944,-39.92621780966302],[-72.03288283253609,-39.92642412657212],[-72.03321422625825,-39.92663519473665],[-72.03318644133172,-39.926856226766446],[-72.03335290354923,-39.92718504936903],[-72.03372350001864,-39.92752837189955],[-72.03355428742127,-39.92782077938376],[-72.03376927945719,-39.928141570927494],[-72.03423613513414,-39.92848735650207],[-72.03432518609381,-39.92865655264737],[-72.03451489065084,-39.928726320856086],[-72.03499615348086,-39.92873863936786],[-72.0350406800075,-39.92882323719236],[-72.03469499506348,-39.92901839824814],[-72.03455701632072,-39.92886649620756],[-72.03399793355338,-39.9287038133421],[-72.03358685985701,-39.92873965365007],[-72.03251487294051,-39.92901821235697],[-72.03173602295527,-39.92892407395081],[-72.03166785645388,-39.929107789937184],[-72.0317340396856,-39.929248582673964],[-72.03215234418492,-39.92932421180803],[-72.03257827788178,-39.92950203929673],[-72.0330591450467,-39.92952362892463],[-72.03325968155632,-39.92962149600903],[-72.0335240049665,-39.92991573192256],[-72.03398161228415,-39.92991817586379],[-72.03413242371109,-39.93005186085686],[-72.03445368158904,-39.930143543390194],[-72.03525858078099,-39.92991377063749],[-72.03536883314264,-39.92959203246932],[-72.0352701465084,-39.9293669517044],[-72.03509287102455,-39.92928822968148],[-72.03510047051846,-39.92911223462146],[-72.03528574450904,-39.92900569862628],[-72.03555203992651,-39.92897542072579],[-72.03594948617548,-39.928735058594626],[-72.03646640563628,-39.92872062105021],[-72.03647403962874,-39.9288228208465],[-72.03614802364675,-39.92912049394978],[-72.03612839514878,-39.92929618135325],[-72.03649817916401,-39.92937982657152],[-72.03671107401392,-39.92891234250599],[-72.03691117477162,-39.928741271162785],[-72.0377593810452,-39.9286238660353],[-72.03837019542223,-39.92870439506841],[-72.03840229502664,-39.928797947088995],[-72.03808627639913,-39.92886405285154],[-72.0377073447547,-39.92927165515431],[-72.03706850632604,-39.92956133132013],[-72.03690409899622,-39.92974258899749],[-72.03708097815615,-39.92983057127392],[-72.03760154238212,-39.9297696991027],[-72.03779165322854,-39.929830199245636],[-72.03790637673973,-39.92996295661584],[-72.03865759021147,-39.93013980544241],[-72.0389631803424,-39.930036339077425],[-72.03928958861235,-39.92972939486768],[-72.03976122485784,-39.92968580875004],[-72.03990366149117,-39.93001400829017],[-72.04087955092129,-39.930567509094494],[-72.04103687705079,-39.931109369859115],[-72.0415666867914,-39.93111362805215],[-72.04155830505536,-39.93130814997874],[-72.04130049892909,-39.93170031095494],[-72.0409864651443,-39.93172010949816],[-72.04058775271444,-39.93146882293818],[-72.04045614438435,-39.93116872028779],[-72.03978514493025,-39.93108666413613],[-72.03951444906929,-39.93121884378331],[-72.03930910524333,-39.931232142221724],[-72.03894605093747,-39.930712840386256],[-72.03861714642981,-39.93051897025938],[-72.03827905389636,-39.93053814648146],[-72.03812552466897,-39.931025697516546],[-72.03791059040124,-39.93126130354505],[-72.03791622847938,-39.93140981788643],[-72.03810474568967,-39.931507369351785],[-72.03874857942296,-39.93221931416828],[-72.03936626652776,-39.93242056473006],[-72.04029315093071,-39.93243497619919],[-72.04146222120242,-39.93214027886058],[-72.04164065088621,-39.931913007073],[-72.0419475613663,-39.93233813565187],[-72.04239640842293,-39.932544331881864],[-72.04254644434138,-39.93269653257865],[-72.0424378154824,-39.93298122666595],[-72.04260148088746,-39.93309668269657],[-72.04332389016359,-39.933384043987786],[-72.04377999446852,-39.93370169786963],[-72.04481040749666,-39.93382999293127],[-72.04515569193183,-39.93364406462043],[-72.04567588176114,-39.93359241994731],[-72.0458138199829,-39.933466113606904],[-72.04561118617778,-39.93313638591072],[-72.04523292480607,-39.93296909501233],[-72.04511858067688,-39.93282708128632],[-72.04513133814277,-39.93253066604308],[-72.04531899894856,-39.93236853594692],[-72.04529319358905,-39.93184858157758],[-72.04535694239387,-39.93176674919055],[-72.04521534631667,-39.931698225666715],[-72.04456401264838,-39.93171870334495],[-72.04437708007092,-39.931584110157885],[-72.04409961084048,-39.931873771260335],[-72.04378557659916,-39.931893577396636],[-72.04393707432418,-39.93145233236446],[-72.04369882449573,-39.93139061376995],[-72.04350823867253,-39.93106118993319],[-72.04333054981373,-39.93099174300491],[-72.04319281663618,-39.93027419548316],[-72.04302756095258,-39.93019579230022],[-72.04205138008163,-39.93020796381691],[-72.04195791825698,-39.930140665379234],[-72.04198271998625,-39.92984455806538],[-72.04170074033695,-39.929679714238425],[-72.04155635860363,-39.92967602717103],[-72.0411341046439,-39.92997125677544],[-72.04092671278865,-39.92975267726455],[-72.04027574376626,-39.92948567289171],[-72.0402332067001,-39.929354762134324],[-72.04108432394192,-39.9297288835935],[-72.0415907989226,-39.92943580494982],[-72.04208849095363,-39.929346508962006],[-72.04267884522942,-39.92934303462653],[-72.04290598108851,-39.92994231400193],[-72.04313943834082,-39.93011518959948],[-72.04371178521494,-39.9302503476317],[-72.04422484134437,-39.9306436381909],[-72.0443840486617,-39.930582788171805],[-72.04440166299588,-39.9304534135143],[-72.04408836424176,-39.93017649862367],[-72.04409434584919,-39.930037554046365],[-72.04438789631403,-39.929933766042375],[-72.04473794573364,-39.92963668247558],[-72.04513188043728,-39.92999911074647],[-72.0454673279596,-39.930601147928925],[-72.04544971556976,-39.93073052281756],[-72.04514851606362,-39.930732113763156],[-72.04504620756546,-39.930590406955766],[-72.04489098749472,-39.93055862812922],[-72.04478596037177,-39.93075995819729],[-72.04452085692373,-39.93076246830339],[-72.04440332779349,-39.93069455780334],[-72.04414587012748,-39.93079926672694],[-72.04410219714953,-39.93097434216],[-72.04425701895424,-39.93101538503492],[-72.04440625852085,-39.93118610932925],[-72.04463486855636,-39.93119194166633],[-72.04461605822337,-39.93134910527684],[-72.04478211595695,-39.931408980395105],[-72.04521599773203,-39.93112330717127],[-72.04579226785316,-39.9308876291601],[-72.0456845511669,-39.930031752527704],[-72.04574941783957,-39.929643934451505],[-72.044917155162,-39.92939087896115],[-72.04459229672057,-39.92938259186815],[-72.04443189626454,-39.929471231220006],[-72.04408616410613,-39.929388224974204],[-72.04381834214684,-39.92973377060367],[-72.04368559304298,-39.92973965618113],[-72.04347699688759,-39.92954886986539],[-72.04343159542366,-39.92920460474077],[-72.04321575633693,-39.92890235535483],[-72.0432321756239,-39.92880076980736],[-72.043465164716,-39.92870471151555],[-72.04350524802553,-39.92861300299434],[-72.04312741535001,-39.92843644323173],[-72.0425711687955,-39.92848715640408],[-72.04192511365729,-39.92866539777059],[-72.04153565257837,-39.92847926277997],[-72.04117430550978,-39.92847930743985],[-72.04060927486229,-39.928733795953555],[-72.04034976929857,-39.92860661557734],[-72.04009790411807,-39.928581634409305],[-72.03951844106052,-39.9288913876337],[-72.03921924750914,-39.92884664877273],[-72.03915540946052,-39.9287708320768],[-72.03969527050215,-39.92870117040718],[-72.03964669361417,-39.928431007967866],[-72.03984319200215,-39.928343297671965],[-72.04046843403255,-39.928368545415495],[-72.04062079720362,-39.92818697482474],[-72.04061714916195,-39.92799214560891],[-72.04041580751561,-39.92791281692541],[-72.03991892287716,-39.92798358016114],[-72.03974933554701,-39.92828526054297],[-72.03940161890567,-39.928248555401154],[-72.0389769203022,-39.928321159308624],[-72.03859510687694,-39.92823721453219],[-72.0384827816781,-39.92804888029838],[-72.03857534443142,-39.92757831631647],[-72.03919094359121,-39.92754768553473],[-72.03935334259462,-39.92741273881979],[-72.03908221242169,-39.927275985432175],[-72.038579691676,-39.92719822862911],[-72.03852712511576,-39.92702069516268],[-72.03874529752278,-39.92676479243068],[-72.0396844245333,-39.926438246294374],[-72.040082652774,-39.926420602196295],[-72.0402319262248,-39.92686952697468],[-72.04061772644891,-39.92686083668671],[-72.04102393991421,-39.92665793043048],[-72.04115582715302,-39.92639237772485],[-72.04144252244815,-39.92616787102923],[-72.0414477104102,-39.926047452600315],[-72.04114972491594,-39.925974930251755],[-72.04068775096405,-39.92607440804321],[-72.04076044925282,-39.92571996313686],[-72.04080990893331,-39.92564972725724],[-72.04093359431864,-39.92565288653475],[-72.04100159183707,-39.92551162480579],[-72.04225646750538,-39.92544680276061],[-72.04234194461762,-39.92569936007032],[-72.04290820531651,-39.92569526910259],[-72.04307218811026,-39.92552326482655],[-72.04300193032785,-39.925196911281425],[-72.04225839980808,-39.92512229185149],[-72.04194080541447,-39.92522546077684],[-72.0417611379466,-39.92520232679244],[-72.04151282547762,-39.92498843692835],[-72.0416749624228,-39.924611247865045],[-72.04195222514237,-39.92464216073625],[-72.04220838824175,-39.924803616268484],[-72.04271755976644,-39.92484044798428],[-72.04277624320595,-39.924555948808084],[-72.04299627733951,-39.92447814939371],[-72.04311526320582,-39.92423093882397],[-72.04322553587302,-39.92418608708634],[-72.04342549588094,-39.924215023447225],[-72.04375383921533,-39.92449748314781],[-72.04387701047288,-39.924512542686195],[-72.04441045879884,-39.92409674863011],[-72.04571814614373,-39.92380876477247],[-72.04672716302264,-39.92373915850674],[-72.04711254152157,-39.923415318271275],[-72.04776750118609,-39.923300928222545],[-72.04852698595091,-39.92291511647367],[-72.04863929934676,-39.922822645242825],[-72.04863304670944,-39.92260798783078],[-72.04943492661705,-39.92267607940928],[-72.04987394593007,-39.92254426088931],[-72.0504236164471,-39.92199817805358],[-72.05060913628708,-39.922002901181294],[-72.0510507046988,-39.92181156016203],[-72.05160917698039,-39.92142061092481],[-72.05182190719508,-39.921151943447335],[-72.05179456422617,-39.9210678316386],[-72.05085036865802,-39.92071013625045],[-72.05058755378295,-39.92070344579105],[-72.05058090877398,-39.92085819202015],[-72.05031247015746,-39.92098244001163],[-72.04981878073835,-39.92094603625095],[-72.0494564400474,-39.92073422713168],[-72.04905755679022,-39.920652568347286],[-72.04893387949446,-39.92064941806143],[-72.04878604766293,-39.92084823395976],[-72.04803005735387,-39.9207932239541],[-72.0474694154986,-39.920874269838265],[-72.04710043004093,-39.92081719938634],[-72.04653917128581,-39.92055264473709],[-72.0462170791662,-39.92048485037331],[-72.04547328597415,-39.91978664042285],[-72.04453785072229,-39.91922653585763],[-72.04446055432886,-39.91922456398965],[-72.04444135320225,-39.919456466187796],[-72.04409653933223,-39.91963313230775],[-72.04402522712891,-39.91989096127396],[-72.04411954630113,-39.92021792831366],[-72.04403596964951,-39.920369637850655],[-72.04318905590056,-39.92035994258763],[-72.04288550292222,-39.920221112807646],[-72.04275559259158,-39.920003298833024],[-72.04239533007203,-39.919743854674415],[-72.04223786229787,-39.91944659769962],[-72.04208585978715,-39.91934071224438],[-72.04207177209896,-39.91910852364952],[-72.04166833858338,-39.91896839851578],[-72.04135276738164,-39.91902525209208],[-72.04136884756909,-39.91921112585572],[-72.04165277966328,-39.91932965430732],[-72.0415828880112,-39.919496696669114],[-72.0407260711266,-39.919315260148345],[-72.04074608254348,-39.91913030820705],[-72.04095458222365,-39.9190429021577],[-72.04096216395584,-39.91886690585227],[-72.04081694866615,-39.91860354846638],[-72.04107669874409,-39.91816507127348],[-72.0408391781761,-39.917528430138724],[-72.040664718915,-39.91738487664354],[-72.0403395193575,-39.917385842657836],[-72.0402329052057,-39.91762422108112],[-72.03988689327102,-39.91782866352496],[-72.03992862555361,-39.917978100263426],[-72.0403825631696,-39.918063882634605],[-72.04049926903325,-39.91815032233183],[-72.04041591551267,-39.91840784139308],[-72.04016408749605,-39.91838286169699],[-72.03998084610649,-39.91844309221316],[-72.0400366596296,-39.91882471753014],[-72.03982536522633,-39.91897696258862],[-72.03979696823473,-39.91935643630448],[-72.03996099706758,-39.9194626320012],[-72.03995620689318,-39.91957378745119],[-72.03982792265215,-39.9197559727972],[-72.03954619450026,-39.919778333666635],[-72.03933335544474,-39.91968947886577],[-72.03855821162944,-39.919002340588555],[-72.03825247901895,-39.91866086174413],[-72.0383355809897,-39.91854286686223],[-72.03866263930874,-39.9185239222786],[-72.03866593173174,-39.91844755262637],[-72.0383978722632,-39.918249565983906],[-72.03835131070686,-39.918013553304654],[-72.03877136788905,-39.91800679884914],[-72.03910216247294,-39.91787225480647],[-72.03964338912441,-39.917164047692864],[-72.03997532641604,-39.91689433424256],[-72.0401380405366,-39.916471926137696],[-72.04005657224272,-39.91612673796427],[-72.03969164360565,-39.91593195090575],[-72.03938983015145,-39.915865708777474],[-72.03920032806472,-39.91592185168857],[-72.03907657554356,-39.91583131321359],[-72.03902648595748,-39.915677125391056],[-72.03927580931956,-39.91548690153926],[-72.03928853576856,-39.91535616302663],[-72.03905426041257,-39.915197268209305],[-72.03898853144887,-39.91474778725452],[-72.03950210666635,-39.914678996929595],[-72.03931409836423,-39.914433909060094],[-72.03935633571527,-39.91427661970393],[-72.03948811021795,-39.914345518897015],[-72.03968605586141,-39.91468915822238],[-72.03993919998288,-39.9147393140493],[-72.04014698677359,-39.9146900127471],[-72.04017258372552,-39.91442510233662],[-72.04039323530445,-39.91412769492579],[-72.04007521029683,-39.91360715842077],[-72.0400550641578,-39.913356395966375],[-72.04024671265218,-39.91321829331155],[-72.04019411185229,-39.91300245144674],[-72.04036876291893,-39.91289966402467],[-72.04042128956183,-39.91275800707499],[-72.04097110462479,-39.912926965959635],[-72.04119179500582,-39.91269684648098],[-72.04156748104438,-39.912641528015754],[-72.04139462753513,-39.9124609240011],[-72.04074142253124,-39.91224950532509],[-72.04069929219844,-39.91210933178617],[-72.04155858033357,-39.91228892051165],[-72.0420104244862,-39.91214281358576],[-72.04223571488409,-39.911944555592775],[-72.0422284713852,-39.91183309268774],[-72.04182182470191,-39.91148887676226],[-72.04117102070464,-39.9112218828902],[-72.04105073494961,-39.91121881096995],[-72.04085109678205,-39.91138062918542],[-72.04043448488696,-39.91126798303891],[-72.0403266848136,-39.911534151037635],[-72.04020440342713,-39.91157739306663],[-72.03982387737489,-39.91146566657842],[-72.03955605514776,-39.9115330087903],[-72.03910186835,-39.91201288004504],[-72.0389551287931,-39.912064768836316],[-72.03860629657798,-39.91205585310324],[-72.0368564570932,-39.91158454818407],[-72.03669129618143,-39.91178433348117],[-72.03702410310623,-39.911885576724956],[-72.03739827952698,-39.912144500575835],[-72.03717732510633,-39.912241875113295],[-72.03720682032126,-39.912395636481044],[-72.03794301799117,-39.91263701632761],[-72.03791496681764,-39.912729030745794],[-72.03756573215377,-39.91272937470611],[-72.0371390868705,-39.91257009433779],[-72.03693193501958,-39.912207780095926],[-72.03597801109267,-39.91184954612229],[-72.03592270346674,-39.91201504798349],[-72.03606025415954,-39.9121762105843],[-72.03621910699702,-39.91268102472352],[-72.03640437531067,-39.91285268073748],[-72.03639901541126,-39.91297693623605],[-72.03611479871229,-39.91286241677412],[-72.03582161544804,-39.912842999641825],[-72.03562493974793,-39.913055296268155],[-72.03547859525274,-39.91309791754],[-72.03542284775324,-39.91299448639218],[-72.03554589541139,-39.912654528152615],[-72.03537305826633,-39.9124739157269],[-72.03527846460517,-39.91271259720739],[-72.03493636846099,-39.91309442832006],[-72.03432534367843,-39.91309070578529],[-72.03421251473665,-39.91319506653785],[-72.03384710482192,-39.9132323501291],[-72.03377773120796,-39.91316566196989],[-72.03381498616592,-39.91286060176884],[-72.0330395159562,-39.91269237527444],[-72.03287791418622,-39.91253059321298],[-72.03250222350064,-39.91258588324845],[-72.03222391242362,-39.91205945807771],[-72.03183257025965,-39.9119196088935],[-72.03164091312365,-39.91189615239849],[-72.03149296812342,-39.91197582022273],[-72.03144727698728,-39.912197205106054],[-72.0321349351614,-39.91244665114951],[-72.03218547552201,-39.91267050139149],[-72.0320623871737,-39.91273226035024],[-72.03182981597135,-39.91254083935725],[-72.03162572821165,-39.91252633750825],[-72.03096697188069,-39.91272274020893],[-72.03074563194386,-39.91255015118051],[-72.03038837451457,-39.91245753638417],[-72.0302155518771,-39.912276916769514],[-72.02984226363529,-39.91227662085544],[-72.02945132610225,-39.91212750088031],[-72.02932260263772,-39.91176254770298],[-72.02906679279886,-39.91169107629614],[-72.0289350739092,-39.91153469167871],[-72.02802650976693,-39.911103370646444],[-72.02717047918424,-39.91057138595446],[-72.02689943552335,-39.91015641258275],[-72.02659552014238,-39.909944604163194],[-72.02662358494742,-39.90985259296416],[-72.02694112721748,-39.909749464055146],[-72.0269840251406,-39.90959292137079],[-72.02683447311189,-39.90943144023579],[-72.02650931344144,-39.9094323687798],[-72.02627236096848,-39.9096210233067],[-72.02640747863747,-39.909837773558124],[-72.02610917981808,-39.90977447833998],[-72.02593236600713,-39.90996467576231],[-72.0259375782963,-39.91012245299727],[-72.02616611547127,-39.9104065135217],[-72.02627758105716,-39.91116977225287],[-72.02605906512088,-39.91121052915905],[-72.02598168235619,-39.91132909366714],[-72.02578601970932,-39.911398256100696],[-72.02578922667917,-39.9116023475394],[-72.02545443455872,-39.91154738688099],[-72.02542636967858,-39.91136120352155],[-72.02530889266922,-39.91129327535137],[-72.025078347453,-39.91133372153782],[-72.02501058483824,-39.9115081712337],[-72.02451982541686,-39.911439929742365],[-72.02422753240342,-39.91151588095255],[-72.02381456184605,-39.91131981047888],[-72.02378649259731,-39.9114118208164],[-72.02404269244316,-39.911613137799854],[-72.02396450333183,-39.91175022647293],[-72.02404909593484,-39.91202132037491],[-72.02376121379417,-39.911995379149815],[-72.02370547567497,-39.91217013691461],[-72.02393320715274,-39.91247272733075],[-72.02423872940304,-39.91264749143591],[-72.0243694258128,-39.91324432906164],[-72.02473308508687,-39.91374514485936],[-72.025204352365,-39.913951408489275],[-72.0255291726616,-39.914271362345964],[-72.02564847420855,-39.914575411936696],[-72.02556226600225,-39.91461956439044],[-72.02559955372638,-39.914870896400274],[-72.02542954282394,-39.91490362409612],[-72.02544557948416,-39.91508949856857],[-72.02643477372324,-39.9158845619244],[-72.02642515082732,-39.91610687023289],[-72.02662898686263,-39.91643265260254],[-72.02673256097334,-39.91690005540228],[-72.02683819455065,-39.916962348954875],[-72.02683922752367,-39.917296038284206],[-72.02652387254217,-39.91743094327695],[-72.02550875840583,-39.917285720015734],[-72.02542122462641,-39.91716284616386],[-72.02563882878646,-39.91702327227073],[-72.02537859375576,-39.9169145864282],[-72.02528957872019,-39.91674538447206],[-72.02603339489245,-39.9168108461284],[-72.02578839773511,-39.91662836727571],[-72.02549368350823,-39.91620350994979],[-72.02433407463849,-39.91572862150502],[-72.02355820916411,-39.915291400339065],[-72.0233693673902,-39.91492489645125],[-72.02097565734938,-39.91402878949157],[-72.02003625191652,-39.91347606225723],[-72.01965738588565,-39.91304902592309],[-72.01954711874515,-39.91309255497559],[-72.01956113010496,-39.91332474367475],[-72.02046642864238,-39.91410842584323],[-72.02093269994388,-39.914741715991006],[-72.02126190018878,-39.91464817599011],[-72.02155579714127,-39.9148133751438],[-72.02220536290586,-39.91483007247166],[-72.02259268509768,-39.91506258217971],[-72.0226941219551,-39.91522283224019],[-72.02262996203075,-39.9153139147385],[-72.02224745638766,-39.91497025135726],[-72.02140462181559,-39.914967131829215],[-72.0211315693742,-39.91487665328856],[-72.02093147353474,-39.91504769775337],[-72.02103129972322,-39.915245000334004],[-72.02145832181019,-39.915395076428716],[-72.02218006762398,-39.91541362962095],[-72.02234365711574,-39.91552911180525],[-72.02296957325275,-39.91553592394874],[-72.02331681270496,-39.91558193864744],[-72.02335009059563,-39.91564770558487],[-72.02310790192159,-39.91567857535834],[-72.02295311513734,-39.915915699462346],[-72.02282079396211,-39.91591229922633],[-72.02227467831996,-39.91573134781816],[-72.02163552676487,-39.91575201103346],[-72.01942822124475,-39.91527795464466],[-72.01933640975044,-39.91517358820423],[-72.01940180703046,-39.91477652619179],[-72.01915043316916,-39.91446404565406],[-72.01886254344973,-39.914438091948846],[-72.01821462373887,-39.91410613193475],[-72.017897853446,-39.914190710063735],[-72.01785255266583,-39.914124632140556],[-72.01806186744697,-39.91401874220969],[-72.01805506533051,-39.9138980164835],[-72.01760484179736,-39.91345059066343],[-72.01630936284057,-39.913333776903514],[-72.01627524836559,-39.913564726461786],[-72.0177070346348,-39.913870511987426],[-72.0176553005466,-39.913952638411104],[-72.01737702967937,-39.91398256739629],[-72.01738503703652,-39.91407550479824],[-72.01790143864822,-39.914385538000346],[-72.01816443327488,-39.914707593407314],[-72.0186892543455,-39.91510129799279],[-72.0191555724091,-39.91517820871108],[-72.01929946259182,-39.91574757152516],[-72.01958223320833,-39.91583421139098],[-72.0204996347743,-39.9163552207778],[-72.02047765671375,-39.91648727221012],[-72.02013403142462,-39.9163578837715],[-72.01956544203033,-39.91641744286038],[-72.01889143236535,-39.916131180924886],[-72.01879439486618,-39.91614723022233],[-72.0189900184348,-39.91663446642441],[-72.0198480638494,-39.91712019762364],[-72.0198789016209,-39.91751973527923],[-72.01976259912398,-39.917702206065606],[-72.01934196949686,-39.917682111841394],[-72.01926419430679,-39.91753174083979],[-72.01880590029185,-39.91726957439893],[-72.0185168246657,-39.91699321484831],[-72.01809258119272,-39.917056481237786],[-72.01798555722873,-39.916747713479594],[-72.01777144282538,-39.916686563374654],[-72.01765956002991,-39.916767141432274],[-72.01765191921251,-39.916943134078345],[-72.01775572478054,-39.91732600425999],[-72.01801792489019,-39.91766658579126],[-72.0180002658438,-39.917795954975205],[-72.01780296858493,-39.91790215396042],[-72.01696299228314,-39.917277776108826],[-72.01656807423775,-39.91694304773501],[-72.01652518692221,-39.91682139273115],[-72.0162007985901,-39.91680376550893],[-72.01624493316851,-39.91661943975576],[-72.01597067473433,-39.916556737348145],[-72.01583513405048,-39.91662743114654],[-72.01582789099463,-39.91679416074862],[-72.0159425504445,-39.9169269377787],[-72.01626170885315,-39.91706498160833],[-72.01587234418949,-39.91715695745515],[-72.01581175236947,-39.917442863446254],[-72.01597774951755,-39.917502777844014],[-72.01599327055393,-39.91758504847029],[-72.01546794533229,-39.91762631038575],[-72.01485214845151,-39.91750583878146],[-72.01463043409589,-39.91760716418218],[-72.01436800157303,-39.91754939924619],[-72.0135415204501,-39.91786192941672],[-72.01299443694363,-39.91756499541721],[-72.01274455689017,-39.917910930935754],[-72.01232507352802,-39.91795938846064],[-72.01182115556405,-39.91780339408589],[-72.01163151082396,-39.9178938344483],[-72.01161735763165,-39.91807659613659],[-72.01125445899842,-39.91811360029041],[-72.01123033855211,-39.91839117138732],[-72.01173833909263,-39.91861755726642],[-72.01167974343252,-39.91885714676332],[-72.01213560115127,-39.91917491706199],[-72.01216484043287,-39.91933331405299],[-72.01203049927305,-39.91937621486181],[-72.01179192049044,-39.91932369581022],[-72.01161866912447,-39.91943050428499],[-72.01095750247251,-39.919125981294805],[-72.01088532470241,-39.91912411904934],[-72.01086724863771,-39.919262749317056],[-72.01089319697411,-39.91977343985373],[-72.01097538971842,-39.91982192604093],[-72.01114420931695,-39.919817008431394],[-72.01133594076234,-39.91956230766505],[-72.0118139054928,-39.91964882176669],[-72.01199958980702,-39.91953306055935],[-72.0121070513506,-39.91955437833328],[-72.01202641118951,-39.919747033882494],[-72.01208851617473,-39.91998046341736],[-72.01287598199188,-39.920427333307984],[-72.01284950515512,-39.92048228929276],[-72.01225042860348,-39.92041120227237],[-72.01208960789326,-39.920509058885685],[-72.0121084293329,-39.920630094741675],[-72.01244002896844,-39.9207591969228],[-72.01291794822711,-39.92112389871458],[-72.01311037357212,-39.92140705335647],[-72.01352296730684,-39.92161242555473],[-72.01353897206113,-39.921798300359605],[-72.01405823012225,-39.92204351273574],[-72.01421779347031,-39.92225163369326],[-72.0150607138946,-39.92225480882198],[-72.01552143988555,-39.922461414129685],[-72.01604589912723,-39.92286439461311],[-72.0160863740091,-39.92304162627887],[-72.01598328919125,-39.92319661402522],[-72.01621343387232,-39.92344364273741],[-72.01607989165585,-39.92346802252094],[-72.01599129495514,-39.92328955136563],[-72.015069784773,-39.92315453443276],[-72.01420646753634,-39.92278918224387],[-72.01335433036543,-39.922720851434725],[-72.01262975025027,-39.92248888773606],[-72.01257685149255,-39.92232060768514],[-72.0128571721259,-39.92224437799036],[-72.01289849996539,-39.92212489317778],[-72.01260419210053,-39.92196893456151],[-72.0122200334789,-39.92194048151669],[-72.01213547834008,-39.92166938064546],[-72.01174573979517,-39.92149241239476],[-72.01165554472057,-39.921350989231414],[-72.01199359444541,-39.92133188934188],[-72.01195192202071,-39.92118244477403],[-72.0114948433354,-39.920892461523984],[-72.01070093175325,-39.92059378570441],[-72.010034180368,-39.920140743572595],[-72.00994392327792,-39.92027751073714],[-72.01017766520971,-39.9204411860838],[-72.01032437676595,-39.92066752682844],[-72.01109583983894,-39.9209285336289],[-72.01141051064369,-39.92144667255382],[-72.01201189437276,-39.922018571392364],[-72.01194287688972,-39.92212030525834],[-72.01130234864347,-39.92177788992607],[-72.01123382899887,-39.92186578464732],[-72.01098783130824,-39.921869400491424],[-72.01118173709098,-39.922184086529676],[-72.01117085896242,-39.92243405220311],[-72.01152220568135,-39.922895942806576],[-72.01154431974157,-39.923099093612],[-72.01196986380162,-39.923634395808364],[-72.01242433766184,-39.92386061376621],[-72.01294679502709,-39.92430307973214],[-72.01332601720542,-39.924479664023785],[-72.0133153865284,-39.92500103209544],[-72.01242275706704,-39.92475546119143],[-72.01237618787277,-39.924995360971494],[-72.01228995823841,-39.92503950267627],[-72.01217448749901,-39.92492524737372],[-72.01177505757911,-39.92497058365596],[-72.01149115890365,-39.92485198307011],[-72.01138254262897,-39.924580261038],[-72.01108822826627,-39.92442429836373],[-72.01082591034385,-39.92464008469993],[-72.01080017148503,-39.9249547060882],[-72.01116079405928,-39.9253859368073],[-72.0114988326443,-39.92550593486573],[-72.01153170012262,-39.9255809675676],[-72.0113724783583,-39.925641771807705],[-72.01076653732603,-39.92558904577547],[-72.0103940205531,-39.925431063425584],[-72.00998756324817,-39.92549939488401],[-72.00930652188983,-39.92509698159065],[-72.0091431712226,-39.92483775418676],[-72.00946799772136,-39.924846139808864],[-72.0094870871736,-39.92468435331079],[-72.00844118097675,-39.92408705377707],[-72.00858877440608,-39.924016680187336],[-72.00858618868959,-39.92393779205998],[-72.00816281511537,-39.923565208099],[-72.00702485429339,-39.92314634405615],[-72.00637554442181,-39.92270764120924],[-72.00596914228885,-39.922636863639724],[-72.00592679264356,-39.92277950216788],[-72.00601960204465,-39.9228607220897],[-72.00669902726705,-39.92316110855521],[-72.00691864134282,-39.92364898389179],[-72.00761794028038,-39.92390814956691],[-72.00813763233457,-39.92400503002362],[-72.00820574216132,-39.924238616494634],[-72.00876185956933,-39.92460535478481],[-72.00875883363528,-39.92467482490863],[-72.00831907497518,-39.92481647547663],[-72.00826671555694,-39.924912490869396],[-72.00871274678165,-39.925318115377216],[-72.0086218744383,-39.92546877507819],[-72.00895906531993,-39.92574640132466],[-72.0090340206009,-39.926011347900776],[-72.00882413178174,-39.92621059257177],[-72.00841749582288,-39.926307340807284],[-72.00796265541811,-39.9259478617917],[-72.00771364142658,-39.925857972240564],[-72.00760253907087,-39.925920014137105],[-72.00770952746029,-39.9262287898742],[-72.00795410326101,-39.92642056888827],[-72.00804268221195,-39.926599045488686],[-72.00800376438207,-39.92666295203548],[-72.0076701278876,-39.926580149870496],[-72.00762717333433,-39.92673668298296],[-72.0080702232082,-39.92707268473148],[-72.00844795127782,-39.92724935534607],[-72.00845554339773,-39.92735155546841],[-72.0080949392561,-39.92761116265818],[-72.00777050373088,-39.9275935100398],[-72.0076338002053,-39.92741379017202],[-72.00686712534768,-39.92704160638928],[-72.00657652834245,-39.92652407761497],[-72.00632832193082,-39.92641565976037],[-72.00616949785223,-39.92646719393616],[-72.00604345063151,-39.92687195256338],[-72.00650013939527,-39.927171220358034],[-72.00680018279478,-39.92830101756871],[-72.00677137490844,-39.92838595293531],[-72.00608793101956,-39.92861853789413],[-72.00605773311821,-39.9287786298235],[-72.00616849985154,-39.92890065719056],[-72.00619473501801,-39.92920340858454],[-72.00642930429281,-39.92934856676383],[-72.0072379503525,-39.92957773835755],[-72.0081942041683,-39.92965606271476],[-72.00877774191143,-39.93011799955674],[-72.00898413511932,-39.930176952810776],[-72.00899259621369,-39.93033804368633],[-72.00950744099143,-39.93057793265396],[-72.0096020089146,-39.9308956590943],[-72.00989535164808,-39.93111637628329],[-72.01013091716867,-39.931435941654534],[-72.00958996077293,-39.93147827340828],[-72.00938920759769,-39.93131414066711],[-72.00833909898174,-39.931195409146326],[-72.00825534771226,-39.93107734501558],[-72.00780968696685,-39.93110446836449],[-72.00758261237331,-39.931018023955644],[-72.00765975743441,-39.93085996265552],[-72.00758677350993,-39.9308238589407],[-72.00744708272507,-39.93083791156937],[-72.0073807890846,-39.93094437346453],[-72.00723103429601,-39.93092615503339],[-72.00720125620568,-39.931050117493555],[-72.00633458251114,-39.9309007844454],[-72.00591340582734,-39.93070548657782],[-72.00580372216699,-39.93069558719349],[-72.00578687936768,-39.930818779781426],[-72.00547557795035,-39.9306977018938],[-72.00540417803582,-39.93075940048146],[-72.00575060293045,-39.93091020985419],[-72.0058751720493,-39.93101277344087],[-72.00585466808701,-39.93108840711612],[-72.0054121696702,-39.93085233795188],[-72.0046985097951,-39.93098844813437],[-72.00450410692936,-39.93123774162668],[-72.00465073520466,-39.93132630649375],[-72.00437048804481,-39.93126124052898],[-72.0044036849569,-39.93145911266003],[-72.00491001005273,-39.93159936480064],[-72.00460068461432,-39.931798399401],[-72.00448265854024,-39.932063796592224],[-72.00415742470571,-39.9321147274379],[-72.00319422399504,-39.93181288734807],[-72.00259202787818,-39.931715983464564],[-72.00260082450261,-39.93179039574011],[-72.00320085163918,-39.93208150785544],[-72.00297088006175,-39.932143074339194],[-72.00307229279254,-39.93230334042288],[-72.00364972587239,-39.93259647014282],[-72.00398540667689,-39.93263297157292],[-72.0038329041231,-39.932794835638624],[-72.00388344081881,-39.93311715126914],[-72.00369764025436,-39.93320277053076],[-72.00326840682393,-39.93321427362217],[-72.00290887818252,-39.932974388770326],[-72.00187122089848,-39.93266269905082],[-72.00286098406781,-39.9332808202268],[-72.00323322954439,-39.93333396785726],[-72.00341002535903,-39.933488307642286],[-72.00323630487415,-39.93351308417586],[-72.003353736161,-39.93368465606605],[-72.00283672113865,-39.93383657735457],[-72.00283983820223,-39.933936984315785],[-72.00269870619407,-39.93396282953286],[-72.00269547092266,-39.93403693046728],[-72.00359542762556,-39.93420237401967],[-72.00379253031174,-39.93431202604142],[-72.00370648021064,-39.93433200459894],[-72.00377913154581,-39.93453491601528],[-72.00368272382356,-39.93460030948727],[-72.00373277814118,-39.93483343120768],[-72.00352378167848,-39.934930029115634],[-72.00351650405378,-39.93509675631455],[-72.00251478666212,-39.93569213644262],[-72.00248344146296,-39.935858240753305],[-72.00258849804821,-39.93593514382174],[-72.00291936084584,-39.935962250760426],[-72.00291631643034,-39.936031980505234],[-72.002767279571,-39.93625453705466],[-72.00234885776518,-39.936457508169696],[-72.00230669260193,-39.93659551318066],[-72.00241973781341,-39.936765353906],[-72.00263228047706,-39.936863584477884],[-72.00274168689462,-39.93711678843503],[-72.00364902470808,-39.93789049957201],[-72.00347127390398,-39.938073109370364],[-72.00336108137584,-39.93838992489224],[-72.00300988724771,-39.938446185326335],[-72.0027243968941,-39.93834038713577],[-72.00241032797564,-39.938360079480475],[-72.00152575113424,-39.938754473799115],[-72.00105312014018,-39.939094615446166],[-72.00041739451535,-39.939031789837415],[-72.00010887785122,-39.93919998878992],[-72.0001248472795,-39.93938586376862],[-72.00038350258724,-39.93953165803997],[-72.00050372297966,-39.93981296322741],[-72.00091446862353,-39.93978650613823],[-72.00127759349519,-39.939471349583684],[-72.00197197587016,-39.93929458874419],[-72.00348429267748,-39.939282796014425],[-72.00364583751967,-39.93943217875832],[-72.00346040980843,-39.9396507330581],[-72.00322008047706,-39.93967926156283],[-72.00302340545863,-39.94004509625064],[-72.0031134423665,-39.94111058316492],[-72.00292023219818,-39.94150107358663],[-72.00289460173299,-39.94208799447016],[-72.0028031651849,-39.942191625424776],[-72.00286179383755,-39.94238522672905],[-72.00246768378378,-39.94291869433031],[-72.00138214025696,-39.94360603849942],[-72.0017185618608,-39.943117576397086],[-72.00160378582106,-39.942859957078376],[-72.00082689548393,-39.942973231771326],[-72.00021780574298,-39.94321210799692],[-72.00007484942739,-39.943348631675775],[-72.00012324117382,-39.943573442288844],[-72.00041958244668,-39.94364174712653],[-72.00047564514652,-39.94380083831299],[-72.00067598185973,-39.943903034750825],[-72.00060721335676,-39.944034641290166],[-72.00028983942363,-39.94408705333125],[-72.00023468852551,-39.9442675167204],[-72.0003169295692,-39.94454854699936],[-72.00048471593408,-39.944736878131486],[-72.00052197133125,-39.945157448490356],[-72.00067892099507,-39.9454408040615],[-72.00048061502396,-39.94604824831502],[-72.00072717116385,-39.94644005492305],[-72.00066403439293,-39.94661158078029],[-72.00048324868273,-39.94670744431064],[-72.0004868981597,-39.94684532258521],[-72.00074267266163,-39.94693455001551],[-72.00110758533513,-39.94682447564613],[-72.00142100184739,-39.94686290486541],[-72.00265722446481,-39.945973316457064],[-72.0031362057056,-39.94582807038935],[-72.00338667198417,-39.94586486555522],[-72.0035134547755,-39.945953584291644],[-72.00349095742243,-39.946247189438],[-72.00368467476076,-39.94646446222485],[-72.00394962515534,-39.9466016516612],[-72.00412884656365,-39.94681854877566],[-72.00452574620489,-39.94692563457322],[-72.00477356568065,-39.94723367798584],[-72.00498219964497,-39.947663595982675],[-72.0049803379071,-39.947927943884444],[-72.0051509989101,-39.94823026752653],[-72.00509861112681,-39.94832201020496],[-72.00551263098504,-39.94881309580721],[-72.00555350998076,-39.94946172700459],[-72.00638220467543,-39.94996819196907],[-72.0077303181331,-39.95043816396477],[-72.00789569845782,-39.95038182986621],[-72.00814334259053,-39.9504764567436],[-72.00822155579209,-39.95077090259296],[-72.00798919028993,-39.95104812111985],[-72.00748096323923,-39.951385037330446],[-72.0073234955485,-39.95182641348641],[-72.0070399870606,-39.951993988068246],[-72.00676877141358,-39.951898674213965],[-72.0065877571815,-39.95215538040513],[-72.00677022939641,-39.95260162315093],[-72.00701792817121,-39.952738442214255],[-72.00711430318242,-39.95312783274024],[-72.00707152144392,-39.95371395837249],[-72.00743623201511,-39.953869085719106],[-72.0075906810453,-39.95404953974864],[-72.00772853356082,-39.95390567121485],[-72.00773960788692,-39.954250348477224],[-72.00779721212325,-39.95432927632381],[-72.00805991941616,-39.954384132622145],[-72.00814078791774,-39.95457890456939],[-72.00834516138622,-39.95460908402993],[-72.0085183680149,-39.954470675702396],[-72.00852465868337,-39.95436174991476],[-72.00829389086627,-39.954247887105204],[-72.00813679150397,-39.95391948699668],[-72.00815267702771,-39.953709798673096],[-72.00830767189296,-39.95360519608377],[-72.00837212872813,-39.95361101101002],[-72.00834363591119,-39.95376975738488],[-72.00846939020701,-39.95381498063916],[-72.00903653724924,-39.953805040052536],[-72.00965542482965,-39.953483467911376],[-72.00972102734721,-39.95358344377239],[-72.0098447406413,-39.95359860235843],[-72.00988119173513,-39.953755940262766],[-72.01006289976289,-39.95384182061494],[-72.01027194433753,-39.95372850658167],[-72.01045773134588,-39.95377176020619],[-72.01089653421855,-39.953685230098046],[-72.01100551921152,-39.953933398796735],[-72.01134223126233,-39.953909304359904],[-72.01149859749765,-39.9540141583272],[-72.01149458424781,-39.95411272579647],[-72.01167500327057,-39.954015683492365],[-72.01187109095963,-39.954219059092395],[-72.01152146969245,-39.95471052021189],[-72.01150855872775,-39.95491199367061],[-72.01167123492009,-39.95487673273063],[-72.01144097633356,-39.95514890681772],[-72.01163261189988,-39.95564161670506],[-72.01256393574504,-39.95569038684433],[-72.01319013494862,-39.955589722076475],[-72.01323705698765,-39.95552141062211],[-72.01335206700051,-39.95491089666926],[-72.01333824877513,-39.954790169642834],[-72.0131775504152,-39.954738341743514],[-72.01315358400566,-39.954569691666315],[-72.01346727192525,-39.95436788464341],[-72.01388872475718,-39.95443417229492],[-72.01398657925314,-39.954369931289726],[-72.01395204066165,-39.95428723877489],[-72.01429970179082,-39.954208006670676],[-72.01482448353032,-39.95420547288189],[-72.01493887161052,-39.95426739781469],[-72.01668165622102,-39.95400008293915],[-72.0173803703549,-39.953729400836174],[-72.01760044275768,-39.95354290131136],[-72.01870384462512,-39.95346230464592],[-72.0198183671092,-39.95325525634188],[-72.02037225490629,-39.95322239408422],[-72.02088860219048,-39.953327598825354],[-72.0212649312915,-39.95357560667929],[-72.02198053271788,-39.9534986757188],[-72.02293168946345,-39.954059367607236],[-72.02270582441774,-39.95462555243631],[-72.02257692267138,-39.95474140365573],[-72.0225279064988,-39.955157219896044],[-72.02262687666091,-39.95537426034026],[-72.02297487169783,-39.95556195209401],[-72.02308931100936,-39.955779389745445],[-72.02328728558335,-39.95585597657689],[-72.02328108729672,-39.95599881485117],[-72.02343214439045,-39.95608611212878],[-72.02385305143116,-39.95595685437678],[-72.0243784286623,-39.9560329459753],[-72.02451450470039,-39.956177276735424],[-72.02451786562341,-39.95656857143043],[-72.02438989530637,-39.95670611891448],[-72.02437090969445,-39.95714378448556],[-72.02464849048553,-39.95730739866724],[-72.02481434507021,-39.957702867358044],[-72.02491522540794,-39.957721106933676],[-72.02512718019607,-39.9570536726315],[-72.02535467343758,-39.956965625318574],[-72.02536619658558,-39.95669989955226],[-72.02535266351222,-39.95654306863931],[-72.02514211856283,-39.95624034287317],[-72.02523692036885,-39.95592981096113],[-72.02503570801974,-39.95579664762248],[-72.02501707434698,-39.95524501289191],[-72.02485777710903,-39.95499067546276],[-72.02488305250112,-39.954764911777715],[-72.02557650350509,-39.9544848097053],[-72.02559713141343,-39.954366174713826],[-72.02591369447074,-39.95420747284401],[-72.02593535374726,-39.95406503131904],[-72.02621685315678,-39.9540007600543],[-72.02656899002262,-39.953735721403056],[-72.02690719614726,-39.953792068875586],[-72.02767693190341,-39.95353774496935],[-72.02787645282497,-39.95357861419843],[-72.02806978616984,-39.95376232204326],[-72.02820898757486,-39.95376589358454],[-72.02825178052429,-39.95349291253529],[-72.02861318726617,-39.953371103091555],[-72.02874516967555,-39.95318382513342],[-72.02863174698848,-39.95294258598443],[-72.02843583638942,-39.95281839534383],[-72.02818682375408,-39.952847756177114],[-72.02807288791529,-39.952618419809276],[-72.02792234756313,-39.95251922535951],[-72.02789554301756,-39.952065711402184],[-72.02778264064719,-39.95181256831079],[-72.02760271682298,-39.95167687003518],[-72.02769941693238,-39.95127502894265],[-72.02762845676871,-39.95130742073421],[-72.02762305972583,-39.95121470667926],[-72.02754749924398,-39.95132442435299],[-72.02756391084226,-39.95123532896833],[-72.02747176566862,-39.951279629532245],[-72.02753236584918,-39.951174924042974],[-72.02734086769938,-39.951148266136194],[-72.02673712685245,-39.95128524350647],[-72.02668454714754,-39.951069397222504],[-72.02683251184138,-39.950870615181046],[-72.02751508564968,-39.95084046769984],[-72.02768561470727,-39.95076212829539],[-72.02793679546704,-39.95034388123865],[-72.02884310855903,-39.94985666382811],[-72.02903573892667,-39.94983326858258],[-72.02931483066358,-39.95001084047732],[-72.02946554783193,-39.950023979423996],[-72.03061997992431,-39.94952914220647],[-72.03096923217383,-39.94965289340387],[-72.03159502082268,-39.949695479967815],[-72.03223219857772,-39.94997431723828],[-72.03296404003548,-39.94993239532684],[-72.03340908551387,-39.9496534568561],[-72.03398435733625,-39.94966555095275],[-72.03420272190952,-39.94943638963217],[-72.03459573179757,-39.94952981644976],[-72.03501748424944,-39.94924958486812],[-72.03508567041739,-39.94913006853346],[-72.0350426980767,-39.94885698720105],[-72.03535027787186,-39.948497099499036],[-72.03587714154126,-39.94848674994221],[-72.03610086028888,-39.948325643606424],[-72.03674836415428,-39.94838987590561],[-72.03739998097372,-39.948358877766736],[-72.03800617708221,-39.94794538637378],[-72.03854331148746,-39.94769695713887],[-72.03899792166409,-39.947208085726004],[-72.0394031061523,-39.94714694346821],[-72.03957008601583,-39.94686521496843],[-72.04004534497899,-39.946615197172974],[-72.04032372186221,-39.94662231027946],[-72.04052380950475,-39.947008750857805],[-72.04067538418659,-39.94708412243334],[-72.04080218810356,-39.947015862873286],[-72.04068917664871,-39.946940452874024],[-72.04070639781624,-39.946841267782744],[-72.04121493937247,-39.94675463361704],[-72.04122223385191,-39.94658545733359],[-72.04142175346746,-39.946461040921044],[-72.0414886890682,-39.94617540981884],[-72.04175175517908,-39.94593877740818],[-72.04174020663228,-39.94573505330045],[-72.04149102273156,-39.94538442449645],[-72.04135156016957,-39.94531826886496],[-72.04078292800983,-39.94530374359141],[-72.0406671449555,-39.94515995008948],[-72.04085396328593,-39.94507083232794],[-72.04142663691509,-39.94499157006153],[-72.04151797777692,-39.94475917697732],[-72.04206225519881,-39.94486696708447],[-72.04217534591763,-39.94507328407612],[-72.0421821796763,-39.9453864265819],[-72.04240499557451,-39.945877216288736],[-72.0420184607067,-39.94588299474201],[-72.04206456319262,-39.946228436777275],[-72.0423862293968,-39.946784344262504],[-72.0425656397989,-39.946867167010566],[-72.04258190653165,-39.94696147271228],[-72.04292715633085,-39.9469702869054],[-72.04364806670492,-39.94675396234134],[-72.04399398914336,-39.94674714210313],[-72.04420863271378,-39.94695604865409],[-72.04467102365892,-39.94707738553074],[-72.04457138672473,-39.94655844611011],[-72.04469660500484,-39.94648339885649],[-72.0447222991227,-39.94635886715336],[-72.04383477859976,-39.946195385003406],[-72.0437000258084,-39.946019813547494],[-72.04377374568367,-39.94572437531223],[-72.04317526817012,-39.945458725648564],[-72.04291115784177,-39.94498253159156],[-72.04243790735633,-39.944641832932916],[-72.0423115662185,-39.94432563904229],[-72.04245427059189,-39.94388826316049],[-72.04248607487392,-39.9431502509883],[-72.04360141699863,-39.94241606467189],[-72.0440034936839,-39.942426325720895],[-72.0443365357575,-39.94260165527981],[-72.04539017470847,-39.94258086854225],[-72.04634692801059,-39.942652934052425],[-72.04663982375634,-39.94247545685328],[-72.04699182146076,-39.94248443071033],[-72.04778664236407,-39.94291154890142],[-72.04805696359168,-39.94292887020451],[-72.04806010114437,-39.94285592420136],[-72.04778968955456,-39.94252563221646],[-72.04706032265533,-39.94215234403553],[-72.04691902373592,-39.94197139322616],[-72.04738470490463,-39.94185807658884],[-72.04749928702762,-39.94171494519808],[-72.04703845142352,-39.941400662363144],[-72.04695085813216,-39.94123151292215],[-72.04746261747898,-39.941307151611674],[-72.04741429269936,-39.94117030023289],[-72.04673183351733,-39.94065215377173],[-72.0458337576854,-39.940420608688626],[-72.04551325153783,-39.93999514345073],[-72.04559957203357,-39.93956402257025],[-72.04591473686095,-39.939483768598265],[-72.04636139839357,-39.93918218978108],[-72.0463536901477,-39.939046373574],[-72.04605237966892,-39.93901782594252],[-72.04616951521949,-39.93870185499277],[-72.0461013230537,-39.938612214998734],[-72.0455476271585,-39.93856679777564],[-72.04486656616452,-39.938921054408716],[-72.04444080146757,-39.93893499013009],[-72.04425965163325,-39.93905033932438],[-72.04411907680544,-39.93901023940657],[-72.04415853033738,-39.93888084264798],[-72.04465827432341,-39.938725076128755],[-72.04506943086848,-39.93818425469088],[-72.04537851033095,-39.93808781561839],[-72.04540419913783,-39.93796328344745],[-72.04521871180239,-39.93786466180105],[-72.04513718291703,-39.9375548298871],[-72.04446996072275,-39.9373135145309],[-72.04381760476238,-39.936947387374914],[-72.04333934277084,-39.93618927350373],[-72.04297810580681,-39.93608094636714],[-72.04270399760028,-39.93615219118195],[-72.04261129272477,-39.936259363450525],[-72.0424965542361,-39.93672067059908],[-72.04272806782174,-39.93685176838121],[-72.04262070235448,-39.936984647069615],[-72.04263315155622,-39.93716752976471],[-72.04248087421313,-39.93724188419766],[-72.0424066774196,-39.93739125790236],[-72.0426242409478,-39.937688916182985],[-72.04259136372514,-39.93798018060475],[-72.04190958497038,-39.93823401202032],[-72.04168868676508,-39.93817099347202],[-72.04159969943231,-39.93772013304948],[-72.04178335118343,-39.937153655939355],[-72.04181101420667,-39.93630423703649],[-72.04162694990907,-39.935995679682804],[-72.0413873326243,-39.93585008482025],[-72.04134686647215,-39.93551281624389],[-72.04110431159891,-39.93521023608546],[-72.04108228767025,-39.93497057304281],[-72.04090063316315,-39.93483143896232],[-72.04085921919388,-39.93459128057394],[-72.04132717172418,-39.93454345804453],[-72.04164219224386,-39.934648043002895],[-72.04189344423025,-39.93459882027271],[-72.04273995273213,-39.93466216225102],[-72.04301078584118,-39.934601265955045],[-72.04341060602924,-39.934757522937865],[-72.04357489192937,-39.934928632307304],[-72.04400807110949,-39.934939686630884],[-72.04447281064208,-39.934847221696806],[-72.04447903968504,-39.93449268293709],[-72.04426240013484,-39.934278509904836],[-72.04386108481881,-39.934156991996666],[-72.04347333211629,-39.9341401416887],[-72.04301034423696,-39.93398227256853],[-72.04189345462646,-39.93411371947727],[-72.04161027400039,-39.933557054545346],[-72.04130220555254,-39.93336836056918],[-72.04124318451663,-39.93306083955183],[-72.04103951811527,-39.93296522446567],[-72.04062500002719,-39.932940726168134],[-72.0404806515785,-39.93314568413965],[-72.04008837455639,-39.93302438416502],[-72.03935897569389,-39.933068532662865],[-72.03905392240543,-39.93295969679428],[-72.03813109365515,-39.933269938713345],[-72.03769464925283,-39.93324177824578],[-72.03729174311349,-39.93262253886202],[-72.03632145416123,-39.93193932732168],[-72.03616300077418,-39.93170344514424],[-72.03561548914689,-39.93127214505785],[-72.03539018323896,-39.93120186834166],[-72.03497305547698,-39.93121346454361],[-72.03454466934765,-39.9315229326294],[-72.03435264854934,-39.93145478656535],[-72.0343157554558,-39.93135411400117]],[[-72.0048983636249,-39.935838285949124],[-72.00473559450923,-39.9356398882877],[-72.00480631859962,-39.935327133594214],[-72.00506673932736,-39.935151834296704],[-72.00512490804097,-39.93493992074009],[-72.0054010083726,-39.934965889507744],[-72.00555810793178,-39.93523300700274],[-72.00559307616498,-39.93581811515643],[-72.00540773996856,-39.9359246011424],[-72.00514688568228,-39.93593061503814],[-72.0048983636249,-39.935838285949124]],[[-72.03983763989437,-39.933961605072284],[-72.03964108151902,-39.93398169030648],[-72.03956774422598,-39.933791505592644],[-72.03981208972725,-39.93379774968236],[-72.03983763989437,-39.933961605072284]],[[-72.02418069022814,-39.95242911303768],[-72.02464179248919,-39.952704592025164],[-72.02452066445028,-39.95286468220283],[-72.02420455136576,-39.953007209015965],[-72.02395576374498,-39.95347786816239],[-72.02377163207774,-39.95358612280403],[-72.02370775275448,-39.95343555229128],[-72.02382603854609,-39.953079186278515],[-72.02370658731894,-39.952771116982554],[-72.02378256370838,-39.95253869731991],[-72.02385417371023,-39.95256691568553],[-72.02418069022814,-39.95242911303768]],[[-72.02400344433856,-39.93219665229675],[-72.02414086645965,-39.93193340673133],[-72.02457723061646,-39.931677839607126],[-72.02463860503393,-39.93135200923285],[-72.02431817020432,-39.931113381367275],[-72.02314024282187,-39.93103461342227],[-72.02319112003396,-39.93095103758923],[-72.02424475141655,-39.93099023369019],[-72.02447760717769,-39.93106897198861],[-72.02491971363685,-39.93140773362546],[-72.02489978086606,-39.93150423112607],[-72.02447652808527,-39.931820767147705],[-72.02401287778379,-39.932342408718284],[-72.02400344433856,-39.93219665229675]],[[-72.02469780867341,-39.92544201680585],[-72.02489393404525,-39.92564107262991],[-72.02491752756445,-39.9258235713087],[-72.02479166743622,-39.92582033904602],[-72.02444084146529,-39.92555667875782],[-72.02423213453775,-39.92528454189605],[-72.02425364050039,-39.92515170628108],[-72.02457091170889,-39.92509922449965],[-72.02469780867341,-39.92544201680585]],[[-72.0463151832797,-39.941830810542264],[-72.0460678239044,-39.941594992914986],[-72.04560251028903,-39.94138491301722],[-72.04526577173169,-39.941021626779886],[-72.04542733136842,-39.94104661216589],[-72.04575501824789,-39.94130534431649],[-72.04619729182869,-39.94142094559221],[-72.04648795633682,-39.94159527342214],[-72.04655312713842,-39.942285465434736],[-72.04643486982697,-39.94219899202423],[-72.0463151832797,-39.941830810542264]],[[-72.03578464664122,-39.92581923279991],[-72.03603530019745,-39.92587201166746],[-72.03606579630359,-39.92600261585505],[-72.03595351821707,-39.92609247462099],[-72.0352051558444,-39.92585076968709],[-72.03505755040113,-39.925642983043176],[-72.03467615724554,-39.92554976312693],[-72.03453135399937,-39.925277135585894],[-72.0345690155057,-39.924962812913535],[-72.0347021554471,-39.92494767457488],[-72.03534222758007,-39.92518661150438],[-72.03543411141555,-39.925569161551344],[-72.03576458284843,-39.92572598803279],[-72.03578464664122,-39.92581923279991]],[[-72.03530830491805,-39.92653034852383],[-72.03538452531016,-39.926717761822516],[-72.03533763415352,-39.92696693656376],[-72.03514513388885,-39.92696201014582],[-72.03461732731043,-39.92663321436382],[-72.03466062082832,-39.92646740607748],[-72.03497259882782,-39.9262157434048],[-72.03522245325053,-39.92628704986481],[-72.03530830491805,-39.92653034852383]],[[-72.03478782761628,-39.92714760107441],[-72.03505774826415,-39.92731215289244],[-72.03490697280847,-39.92745666412186],[-72.03443171955739,-39.92730540213837],[-72.03424481935298,-39.92717079366785],[-72.03424721970626,-39.92711521630355],[-72.03460655821156,-39.92716150748809],[-72.03465828341874,-39.927079373273344],[-72.03478782761628,-39.92714760107441]],[[-72.03402271188824,-39.927851319401576],[-72.03548131299075,-39.92782374197381],[-72.03567018169768,-39.9276338390535],[-72.0359653324099,-39.927493020831506],[-72.03643815377585,-39.92742165902166],[-72.03655283204145,-39.92727622238106],[-72.03655119418222,-39.92703507886684],[-72.03690245959409,-39.92671023081537],[-72.03762513353033,-39.92671016635446],[-72.03777794357559,-39.92679753204608],[-72.0375036650126,-39.92701307385691],[-72.03674973038437,-39.927179254430044],[-72.03666031459662,-39.927297518061984],[-72.03665711670523,-39.927371621373894],[-72.03710147754681,-39.92740153335801],[-72.03779250397741,-39.927576848188906],[-72.03780258123425,-39.92790166577177],[-72.03755116222271,-39.92814561154726],[-72.03668969172712,-39.92801230119395],[-72.0360612202867,-39.92778294141008],[-72.03569627907993,-39.92786633526281],[-72.03562732449211,-39.928068579844854],[-72.03599350273254,-39.9282355925782],[-72.0361050215711,-39.928442454798535],[-72.03585475854428,-39.928380412851354],[-72.03568388290748,-39.928153485311014],[-72.03535783325813,-39.928172961267],[-72.034735027862,-39.92837030352975],[-72.0346303136938,-39.928005970915294],[-72.03442937961684,-39.927917369177074],[-72.03397138540598,-39.92792419038325],[-72.03402271188824,-39.927851319401576]],[[-72.03983487663996,-39.91232835166667],[-72.04001371170264,-39.91237001336236],[-72.04009112898848,-39.91252963495633],[-72.0397615623212,-39.912632492800576],[-72.03983487663996,-39.91232835166667]],[[-72.02485130622924,-39.91685468121227],[-72.0251368023677,-39.916936197474804],[-72.02520416518246,-39.91704920477688],[-72.02489099910451,-39.91705043632709],[-72.0247181806248,-39.91686980873706],[-72.02485130622924,-39.91685468121227]],[[-72.01401071647769,-39.92092024152965],[-72.01416146870054,-39.92105395055909],[-72.01414702261273,-39.921109216914715],[-72.01387677588657,-39.92095388166595],[-72.01401071647769,-39.92092024152965]],[[-72.01584796056001,-39.92437081344606],[-72.01594782773597,-39.924289927880395],[-72.01612546934301,-39.92435941525042],[-72.01641689434081,-39.92513658930418],[-72.01609041088017,-39.9254434662765],[-72.01595118538323,-39.92587571632402],[-72.01566078894598,-39.92618352153189],[-72.0155765725407,-39.92618135200668],[-72.01546869689447,-39.92616929978992],[-72.01524297507821,-39.925820379363714],[-72.01471044590728,-39.925602649405384],[-72.01476662235187,-39.92541863483511],[-72.01454246729952,-39.925310854272084],[-72.0144566914678,-39.92506754293469],[-72.01424336056697,-39.924987860080726],[-72.01410543615988,-39.92483593553746],[-72.0138768536013,-39.924830043782066],[-72.01383039469172,-39.92451356056263],[-72.01422821014083,-39.92450526795641],[-72.01458434586937,-39.92434753014797],[-72.01474034080994,-39.924360823137356],[-72.01497647583479,-39.92474710528105],[-72.01529526494329,-39.92489441561883],[-72.015535073604,-39.92491913999915],[-72.01574482817455,-39.92480399303155],[-72.01574889817473,-39.92443317343073],[-72.01584796056001,-39.92437081344606]],[[-72.01499139031928,-39.92662065753768],[-72.01517507608456,-39.92655120552411],[-72.01521273195264,-39.92679327653451],[-72.01496239929428,-39.927287574245696],[-72.01485250869118,-39.92732183505084],[-72.01481394993752,-39.92765467328626],[-72.01464586626719,-39.92791926196586],[-72.01468427605555,-39.928420999468784],[-72.01460881602081,-39.92877143283834],[-72.01437256780662,-39.928941533350674],[-72.01426181668656,-39.929272510692165],[-72.01398947144969,-39.92944168002763],[-72.01375569062417,-39.92927801113233],[-72.01335502717606,-39.92935114008914],[-72.01333579918277,-39.92923936713891],[-72.01372563913009,-39.92913813992303],[-72.01404852610973,-39.92891463531691],[-72.01405537378818,-39.92875716905607],[-72.01388134879292,-39.92860431373232],[-72.01395968488764,-39.92791085014095],[-72.01381254423426,-39.927693775956634],[-72.01347048939951,-39.92752731547348],[-72.01360887448345,-39.927391786403845],[-72.01412983711703,-39.92732175711751],[-72.01428347358055,-39.92711243546344],[-72.0139430314959,-39.92690892552858],[-72.0132464410839,-39.92686314885927],[-72.0129982220514,-39.926754744877144],[-72.01248687599089,-39.926880655721746],[-72.01248169577879,-39.9267228793695],[-72.0129858446857,-39.92648550570353],[-72.0132376886878,-39.926510545218086],[-72.0138464866137,-39.92635932370724],[-72.01407467148549,-39.92637447843422],[-72.01430884638731,-39.92652888369291],[-72.01429077432446,-39.92666751452477],[-72.01413155218805,-39.92672832254696],[-72.0141760513428,-39.926812927427264],[-72.01449046852117,-39.92678393832672],[-72.01476396031482,-39.92686517106194],[-72.01499139031928,-39.92662065753768]],[[-72.01142672440419,-39.92605582432377],[-72.01161720251089,-39.92610710355045],[-72.01168213211737,-39.92627569430737],[-72.01116440094256,-39.9262716111836],[-72.01107984574988,-39.926000509673784],[-72.01142672440419,-39.92605582432377]],[[-72.03890672387963,-39.914177753539626],[-72.0388954077822,-39.914275762133265],[-72.03848433223203,-39.9144345457311],[-72.03821064409311,-39.914367478586364],[-72.03823777530648,-39.91423164744548],[-72.03866160719159,-39.914105956704276],[-72.03887577139588,-39.91407320364847],[-72.03890672387963,-39.914177753539626]],[[-72.03834531667779,-39.917494606349166],[-72.03807852162359,-39.917760835170675],[-72.03808375214143,-39.917968486372075],[-72.03797254736419,-39.918080323992385],[-72.03804838601944,-39.91829524136994],[-72.03788853088012,-39.91838399114361],[-72.03764026191966,-39.91789161552913],[-72.0379005002707,-39.91794195731013],[-72.03800694504405,-39.91761155860673],[-72.03776464021202,-39.91747429982974],[-72.03773415878484,-39.917358839750925],[-72.03814125536482,-39.91729279414394],[-72.03830090089123,-39.91737332921195],[-72.03834531667779,-39.917494606349166]]],[[[-72.00600220910222,-39.93058012338346],[-72.00603027194902,-39.930466629872114],[-72.00621684309219,-39.930353843186914],[-72.00572985342959,-39.9302306612815],[-72.00571975946573,-39.93029773344651],[-72.00550904216168,-39.930132232712545],[-72.00503089610015,-39.92995098738317],[-72.00498744492583,-39.9298295475525],[-72.00472185922287,-39.929870145129584],[-72.0045892019753,-39.92998592768002],[-72.00406759503382,-39.93001217669765],[-72.00401404907126,-39.92976832882189],[-72.00372933724778,-39.929668234315336],[-72.0037771532387,-39.92940055151557],[-72.00370981562602,-39.92928753281003],[-72.00323857264675,-39.92932170868295],[-72.0031090580478,-39.929253446606744],[-72.00248464302437,-39.92920947205845],[-72.00239850211585,-39.92897541595117],[-72.0024948518239,-39.92869971647467],[-72.00194515796981,-39.9283238413776],[-72.00161586806045,-39.92841732285989],[-72.00097155103455,-39.9280019017156],[-72.00030660517209,-39.928058870178965],[-72.0002144031581,-39.92796375182205],[-72.00019085441775,-39.92767567642412],[-72.00000200046516,-39.92758732814689],[-71.9995648375819,-39.927668737127064],[-71.99956877376682,-39.92785430073922],[-71.99967300576498,-39.92794973117201],[-71.99961800102562,-39.92810594897418],[-71.99968128338168,-39.92831159579147],[-71.99957005872545,-39.928651819124205],[-71.99965063423515,-39.92873736378146],[-72.00078013953681,-39.929350816499046],[-72.00102278854295,-39.92931073304333],[-72.00116888745812,-39.92899923031031],[-72.00116858793311,-39.92873030311207],[-72.00169957887888,-39.92870695514558],[-72.0020307907299,-39.92884535032433],[-72.00217587337552,-39.929108751261175],[-72.00202502715452,-39.92925321692324],[-72.00178197434336,-39.929302565125845],[-72.00189288278816,-39.92979690902868],[-72.00263023879707,-39.93028891722475],[-72.00390385140456,-39.930373124546385],[-72.00384653839649,-39.93057075505076],[-72.00391414122493,-39.93066303315895],[-72.00381641214607,-39.93070907216008],[-72.00396011211213,-39.93092384066736],[-72.00419405735948,-39.93097757597302],[-72.00438624952497,-39.930899997735274],[-72.00425651963265,-39.930807878350734],[-72.00465276838108,-39.930664472965866],[-72.00496102910046,-39.93070157862868],[-72.004398432975,-39.93042741864639],[-72.00482527920705,-39.930404237243934],[-72.00506697881157,-39.93048176370969],[-72.00475370425046,-39.93027014891807],[-72.00488684042223,-39.930268292860575],[-72.00479360001505,-39.93019700370588],[-72.00520895450488,-39.93024659667387],[-72.00512064742819,-39.93027257153723],[-72.00541989015039,-39.93035448415042],[-72.00537515468463,-39.93027561874268],[-72.0054928661095,-39.9302592343421],[-72.00562631133877,-39.930392443191636],[-72.00574346101507,-39.93040209418793],[-72.00536632301902,-39.93042551005773],[-72.00540022637996,-39.93057383655884],[-72.00575569442287,-39.93063959630562],[-72.00600220910222,-39.93058012338346]]],[[[-72.04846389968986,-39.91609085075948],[-72.04819358943006,-39.91593559338704],[-72.04783270519353,-39.915926398209045],[-72.04783987041712,-39.91575966374159],[-72.04731933409586,-39.91554238904882],[-72.0470076801306,-39.915228431406646],[-72.04651240389585,-39.914983977463535],[-72.04538316700982,-39.914639897317606],[-72.04480417081867,-39.91466222290509],[-72.04454184463133,-39.91432169744862],[-72.04418136859363,-39.914303228215324],[-72.04397281527432,-39.914112444012645],[-72.04308020074677,-39.91386711025492],[-72.04321005925392,-39.91364786846446],[-72.042904082631,-39.913482415509385],[-72.04272437790844,-39.913181087433856],[-72.04227445649148,-39.91300268541506],[-72.04193884383227,-39.91296629766877],[-72.04143598413755,-39.913451250263456],[-72.04126910151489,-39.91373298611255],[-72.0414742362038,-39.9140003889364],[-72.04189681130437,-39.914249510217196],[-72.04191645170992,-39.91451217604874],[-72.04150633724326,-39.91469236922875],[-72.04155586750313,-39.91497963146732],[-72.04140538579335,-39.914880456295464],[-72.04131161094156,-39.91490189469212],[-72.04128700322666,-39.915473261147184],[-72.04113652088871,-39.91537408560788],[-72.04105505020883,-39.91510984059783],[-72.04109929681962,-39.9148011400743],[-72.04082309955687,-39.91474641965371],[-72.04038411576913,-39.914878205193666],[-72.0403449941411,-39.91506787074459],[-72.04061093663012,-39.91536066154342],[-72.04066228634288,-39.9156056075981],[-72.04060342497964,-39.91573268892181],[-72.04030993143977,-39.91583646955995],[-72.04019972802118,-39.91615821475034],[-72.04042281459428,-39.91685012741408],[-72.04032942855758,-39.91706102440179],[-72.04051027148206,-39.917056370952146],[-72.04068666671127,-39.916875413623735],[-72.04057594855178,-39.91665002971258],[-72.04067936748629,-39.91648575456084],[-72.04073175770384,-39.91582869851967],[-72.04086527788846,-39.91580428940834],[-72.04103654188773,-39.91602194625481],[-72.04129560372274,-39.91615838661114],[-72.04119430226561,-39.91683274013524],[-72.04134629801378,-39.91693862654774],[-72.04132269853511,-39.9172069454603],[-72.04141135542383,-39.917385399513776],[-72.04170212398307,-39.917624653426095],[-72.0419955042127,-39.91770783242931],[-72.04217486039512,-39.91785541028422],[-72.0422284953609,-39.91804744451163],[-72.04238308519673,-39.9180513910758],[-72.04244799622046,-39.91798154879784],[-72.04261386055421,-39.917723618582905],[-72.04262308512982,-39.91750935599668],[-72.04244270379462,-39.91738558577758],[-72.04241896120496,-39.917218147851315],[-72.0422056133004,-39.917141201925325],[-72.04215095386044,-39.91697297463609],[-72.04249412111702,-39.916910235977845],[-72.04276315439071,-39.91713160147773],[-72.04275598016477,-39.91729825018873],[-72.04345479038692,-39.917602082837575],[-72.04328073158538,-39.91805047012375],[-72.04360443549773,-39.9184400607726],[-72.04375800182007,-39.91846781250955],[-72.04375372280836,-39.917848042198685],[-72.04384135386924,-39.91796944382799],[-72.04383008383127,-39.9182313205884],[-72.04407025728158,-39.91840428047706],[-72.04419237311916,-39.91838356296215],[-72.04472785978467,-39.91867555624165],[-72.04464596774557,-39.91833963346948],[-72.04499682617464,-39.91830221719969],[-72.04500360039651,-39.91814474622608],[-72.04518843088026,-39.91804745556657],[-72.04518317481555,-39.91788967774746],[-72.04501547925682,-39.917588659450495],[-72.0448009366164,-39.91753682136572],[-72.04461809967404,-39.91758779646309],[-72.04475655323003,-39.91800862052252],[-72.04451794993938,-39.917956168160174],[-72.04441605875512,-39.917805198271935],[-72.04418657376662,-39.9178590863208],[-72.04406886431558,-39.91699809069474],[-72.04415239733721,-39.917214720037386],[-72.04452136058525,-39.91727179911992],[-72.04466654005716,-39.916775006885835],[-72.04493148362205,-39.917091595603054],[-72.04545503525917,-39.917152614598734],[-72.04557645755284,-39.916488383360466],[-72.04662253074025,-39.91663421994592],[-72.04665958929081,-39.91649216580949],[-72.04681827007626,-39.91640087814315],[-72.0474733158175,-39.91641757339388],[-72.04769856409393,-39.91652573601749],[-72.04835780296123,-39.916598172136624],[-72.04865098146998,-39.91678183120497],[-72.0487970199063,-39.91702665372755],[-72.04896344570565,-39.91707725881458],[-72.04914588055162,-39.91703553971887],[-72.04925892239227,-39.9169271407951],[-72.04921915956294,-39.91673139149895],[-72.04873470006866,-39.916515041921514],[-72.0486379748954,-39.916243656036855],[-72.04846389968986,-39.91609085075948]],[[-72.04305385960213,-39.91404884918631],[-72.04304986819864,-39.914141584202326],[-72.04286572469123,-39.914300714096136],[-72.04281112630953,-39.91408634179724],[-72.04305385960213,-39.91404884918631]]]]}},{"type":"Feature","id":"2026","properties":{"year":2026,"source":"2025-2026/1_DASHBOARD/AnexosDigitales/2_Variaciones_de_glaciares/2_Polígonos/2026/Surface2026.geojson","sourceCrs":"EPSG:32718","geometryAreaKm2":12.130905669955641,"area":12.12,"error":0.42509845471372865},"geometry":{"type":"MultiPolygon","coordinates":[[[[-72.04102655366019,-39.954271539377736],[-72.04089799550661,-39.953886554762285],[-72.0407054599568,-39.95386301635788],[-72.04053919464205,-39.95435218593591],[-72.0402989390283,-39.95430907765295],[-72.04041429927388,-39.954678747225444],[-72.04064398510742,-39.954727253903705],[-72.04130172250828,-39.95462302985129],[-72.04102655366019,-39.954271539377736]]],[[[-72.03577912051426,-39.952655728914],[-72.03607336035573,-39.95337525928874],[-72.03623010520296,-39.95351228121575],[-72.03620471432825,-39.95359898446204],[-72.03705585087634,-39.954058318597646],[-72.03710421979044,-39.95433884868087],[-72.0373760900594,-39.95463498976976],[-72.03828245261481,-39.955095143152704],[-72.03881576778299,-39.95504361037874],[-72.03935887938641,-39.955219726957736],[-72.03952507905329,-39.955137908936834],[-72.03970635761907,-39.95515016294559],[-72.03995641206136,-39.9555088452391],[-72.04020221468282,-39.95570280103516],[-72.04078111486318,-39.95575483147243],[-72.04094016207529,-39.95543305301115],[-72.04082534045489,-39.95529047315307],[-72.04043138750887,-39.95516869065301],[-72.04030608843928,-39.954988603522764],[-72.03996974830305,-39.95493345994361],[-72.03971998313982,-39.95462649396783],[-72.03953066394563,-39.954066137980035],[-72.03930079943176,-39.95397419660306],[-72.03908826466788,-39.953775139003035],[-72.0388369179698,-39.95371285505803],[-72.03884695281909,-39.95348036751254],[-72.03863908349237,-39.953251618886206],[-72.03864871743568,-39.95302843086493],[-72.03835305469221,-39.95287191525368],[-72.03811572473441,-39.95220485353547],[-72.03789256628731,-39.952050190752786],[-72.03790986380079,-39.951575730125185],[-72.03767125142733,-39.95129044003641],[-72.03711267159339,-39.9510620287019],[-72.03702725184661,-39.95079917030301],[-72.0368858700571,-39.95071176579155],[-72.03643920034422,-39.950691028800485],[-72.0362865399695,-39.95058471547489],[-72.0360694479943,-39.95056985090529],[-72.03573035084841,-39.95085908588483],[-72.03532678907222,-39.95096047466351],[-72.03519872536464,-39.95112477252995],[-72.03538605526093,-39.95154850649586],[-72.03534243988364,-39.95199798258075],[-72.03547176723829,-39.95236437325648],[-72.03577912051426,-39.952655728914]]],[[[-72.0425436628402,-39.9447851953971],[-72.04228742067903,-39.94476701567257],[-72.04211628250178,-39.944879018005],[-72.0421845107711,-39.94533234277606],[-72.04236182631145,-39.945496241944134],[-72.04227361569912,-39.94562348733007],[-72.04240701664337,-39.945830322692906],[-72.04218496024932,-39.94591648448093],[-72.04214748949047,-39.94608426738418],[-72.04234815715725,-39.946339591526225],[-72.0426890109645,-39.946499578037674],[-72.04288288174124,-39.94673727191261],[-72.04307721682927,-39.94678878177081],[-72.04334252090749,-39.94677227946044],[-72.0431551980916,-39.9465580279302],[-72.04316926105722,-39.946407103010316],[-72.04392269422392,-39.94664162150766],[-72.04418799764629,-39.94662511723098],[-72.04417435606464,-39.94641529909012],[-72.04366156858805,-39.94621019868644],[-72.0435952403581,-39.94564410046178],[-72.04317526817012,-39.945458725648564],[-72.04291115784177,-39.94498253159156],[-72.0425436628402,-39.9447851953971]]],[[[-72.0420751833649,-39.93022203878025],[-72.04173575634067,-39.93024130102331],[-72.04159973544101,-39.93059159970468],[-72.04126276828141,-39.9308343584105],[-72.04128938921072,-39.93105847336385],[-72.0414101409077,-39.93112817640809],[-72.04155545298924,-39.93109479488239],[-72.04155830505536,-39.93130814997874],[-72.04117116797693,-39.93183747653475],[-72.0404721467416,-39.931782381393745],[-72.04026307739358,-39.931302240685774],[-72.0399763735356,-39.93122043700197],[-72.03982740867859,-39.93130972854762],[-72.03988630605052,-39.93190706014092],[-72.0400832423565,-39.93210759776439],[-72.039759545047,-39.932322761584565],[-72.03976681325315,-39.932434664790264],[-72.03984816441486,-39.9325112218846],[-72.04002976305105,-39.9325065523016],[-72.0404647972217,-39.93236517633884],[-72.04093685046762,-39.93231232314286],[-72.04151154761622,-39.93211371916374],[-72.04164065088621,-39.931913007073],[-72.04199791931704,-39.93229615012159],[-72.04254644434138,-39.93269653257865],[-72.0424378154824,-39.93298122666595],[-72.04260148088746,-39.93309668269657],[-72.04311995910578,-39.93329301362232],[-72.04346504931904,-39.933329750782086],[-72.04431639498074,-39.933779725954395],[-72.04478591846049,-39.93382894376372],[-72.04503712769115,-39.93361191680445],[-72.04533225304596,-39.93349841715144],[-72.04516178610952,-39.9329634107615],[-72.04468284882122,-39.932290197990945],[-72.04468845301531,-39.9321600037968],[-72.04498517352447,-39.93200930644886],[-72.04499077709002,-39.93187911221283],[-72.04482406169568,-39.93181900069418],[-72.04417240154334,-39.9318303046344],[-72.04387303067672,-39.93199955184943],[-72.04342607822484,-39.93198814570175],[-72.04334839326316,-39.93210719036091],[-72.04316112383837,-39.93196276370669],[-72.0424833923842,-39.931694098823485],[-72.04236860416259,-39.931551521320586],[-72.04245716800946,-39.931460684446954],[-72.04299314435876,-39.931651252825034],[-72.04327057768288,-39.93166764389768],[-72.04325202500611,-39.9315368332326],[-72.04278205471938,-39.931217613886304],[-72.0427638402325,-39.93079820810512],[-72.04262449313963,-39.93066431372262],[-72.0428644821022,-39.93070767921279],[-72.0429892827978,-39.93061776689311],[-72.04300696939275,-39.93048788119274],[-72.04288170448461,-39.93030779758111],[-72.04263255734348,-39.93018949321657],[-72.0420751833649,-39.93022203878025]]],[[[-72.03354641556997,-39.92895679351013],[-72.0335492542168,-39.929170991241186],[-72.03393177125284,-39.929273883465925],[-72.03389071299134,-39.929384549642094],[-72.0334453577358,-39.92964816811523],[-72.03337185451196,-39.92977979821793],[-72.0335240049665,-39.92991573192256],[-72.03427356690277,-39.929896299683506],[-72.03472052847384,-39.93005902530185],[-72.03493911632886,-39.930016872044035],[-72.03512410676431,-39.92986547057699],[-72.03518573775358,-39.92966339632536],[-72.03484145042559,-39.92941020270945],[-72.03486734213965,-39.92916066491698],[-72.03452106923747,-39.92912852696661],[-72.03404039456882,-39.928883476874795],[-72.03367802032574,-39.92887419864498],[-72.03354641556997,-39.92895679351013]]],[[[-72.03505985984282,-39.928353162633925],[-72.03497946673319,-39.92853469406837],[-72.03540879767957,-39.92874081482944],[-72.03559371303756,-39.9289391903581],[-72.03594948617548,-39.928735058594626],[-72.03634768896333,-39.928680491499236],[-72.03671061069892,-39.928923078282686],[-72.03691117477162,-39.928741271162785],[-72.03748145571993,-39.92864457850271],[-72.0379518864204,-39.92862878828224],[-72.03837019542223,-39.92870439506841],[-72.03843958844433,-39.928771081058],[-72.03808627639913,-39.92886405285154],[-72.0377073447547,-39.92927165515431],[-72.037022993453,-39.929661525588884],[-72.03700537481458,-39.92978958119106],[-72.0372012960488,-39.929833648496384],[-72.03760154238212,-39.9297696991027],[-72.03779165322854,-39.929830199245636],[-72.03790637673973,-39.92996295661584],[-72.0385853990569,-39.930137960018904],[-72.0389631803424,-39.930036339077425],[-72.03928958861235,-39.92972939486768],[-72.03976122485784,-39.92968580875004],[-72.0398508009835,-39.929843173621286],[-72.04020151606717,-39.929984832873096],[-72.04099234491966,-39.930153992024415],[-72.0411163453884,-39.93008268088582],[-72.04113323381455,-39.92997139470372],[-72.04079174837416,-39.92975785675399],[-72.04042089551037,-39.92966459487925],[-72.04035964313778,-39.92940235579192],[-72.04108432394192,-39.9297288835935],[-72.04135805683799,-39.92960474494086],[-72.04165819906025,-39.92957517077987],[-72.04195771862052,-39.92935938400696],[-72.04298599828306,-39.92906910243029],[-72.04306207820238,-39.92898725616515],[-72.04303224804859,-39.92883753798332],[-72.04273987957701,-39.928606639840325],[-72.04188901874687,-39.928664476109745],[-72.0417973026308,-39.92859188448517],[-72.04148444611397,-39.928555965783765],[-72.04110878979853,-39.92857430104857],[-72.04098885632604,-39.92883191202163],[-72.04075208153863,-39.92871414645133],[-72.04013849771982,-39.92861468306139],[-72.03977534183998,-39.92888226615331],[-72.03934951231908,-39.92888627988561],[-72.03889144598114,-39.92874051138096],[-72.03877155954288,-39.92837995092113],[-72.03852737311318,-39.92820985655328],[-72.03807580326031,-39.92836216429597],[-72.03759135568379,-39.92837956852243],[-72.03637051211066,-39.9279759515111],[-72.03609865784408,-39.92799878790411],[-72.03607810583775,-39.92847492329713],[-72.03553439307842,-39.92852059390964],[-72.03546800747944,-39.928265668882396],[-72.0352360897293,-39.92825973387689],[-72.03505985984282,-39.928353162633925]]],[[[-72.04086487888179,-39.915813552376044],[-72.04107143318657,-39.916050656847176],[-72.04129560372274,-39.91615838661114],[-72.04123551416117,-39.916435114512176],[-72.04143666314089,-39.91683621623239],[-72.04145223987086,-39.917372859085155],[-72.04170212398307,-39.917624653426095],[-72.04176567130774,-39.91765409552647],[-72.04199073583437,-39.9174461919421],[-72.04191654396963,-39.91692294824553],[-72.04201828667745,-39.91680638035418],[-72.04213486761826,-39.91679446108894],[-72.04258584856409,-39.91693641062905],[-72.04276315439071,-39.91713160147773],[-72.04275598016477,-39.91729825018873],[-72.043699007572,-39.91775791735479],[-72.04385551795453,-39.91771722384724],[-72.04411404339471,-39.91738674658594],[-72.04406886431558,-39.91699809069474],[-72.04415239733721,-39.917214720037386],[-72.04455330253538,-39.91724878082812],[-72.04463562259775,-39.91677421821914],[-72.04493148362205,-39.917091595603054],[-72.04545503525917,-39.917152614598734],[-72.04557645755284,-39.916488383360466],[-72.04662253074025,-39.91663421994592],[-72.04665958929081,-39.91649216580949],[-72.04681827007626,-39.91640087814315],[-72.0474733158175,-39.91641757339388],[-72.0476071042073,-39.91649558586059],[-72.0477797311645,-39.916431985588304],[-72.04778868344198,-39.91622367372272],[-72.04790909925121,-39.91612247204711],[-72.04779237999476,-39.9156875222171],[-72.0470657752581,-39.91549025644004],[-72.04679553221672,-39.91512101909912],[-72.04562175970092,-39.91469234752654],[-72.04531139008353,-39.91462879366496],[-72.04480417081867,-39.91466222290509],[-72.04454184463133,-39.91432169744862],[-72.04418136859363,-39.914303228215324],[-72.04397281527432,-39.914112444012645],[-72.04308020074677,-39.91386711025492],[-72.04321005925392,-39.91364786846446],[-72.042904082631,-39.913482415509385],[-72.0427476383488,-39.9132002274809],[-72.04214333498744,-39.91297151848175],[-72.04193884383227,-39.91296629766877],[-72.04176525439766,-39.91308241664173],[-72.04160060076536,-39.91336012130113],[-72.04127217734673,-39.91366156528911],[-72.04144434530902,-39.91397579252019],[-72.0419256774099,-39.91429791347868],[-72.04188348515451,-39.91455900058757],[-72.04172890324051,-39.91455505364255],[-72.04150633724326,-39.91469236922875],[-72.04158780928336,-39.91495661398312],[-72.04131161094156,-39.91490189469212],[-72.04128700322666,-39.915473261147184],[-72.04113652088871,-39.91537408560788],[-72.04105505020883,-39.91510984059783],[-72.04109929681962,-39.9148011400743],[-72.04082309955687,-39.91474641965371],[-72.0403511480043,-39.91492502924899],[-72.0403449941411,-39.91506787074459],[-72.04086487888179,-39.915813552376044]],[[-72.04305409439,-39.91404339418531],[-72.04304986819864,-39.914141584202326],[-72.04286572469123,-39.914300714096136],[-72.04281112630953,-39.91408634179724],[-72.04305409439,-39.91404339418531]]],[[[-72.02158499518454,-39.95718237459071],[-72.02173525191667,-39.95706521174408],[-72.02180014153018,-39.95668518114846],[-72.02200882517432,-39.95633677684289],[-72.02244265835037,-39.956096567354265],[-72.0220609670816,-39.955302874817804],[-72.02163235194546,-39.954977185175366],[-72.02156149435983,-39.95465883210067],[-72.02110878091729,-39.9544982341871],[-72.02094523403969,-39.95464298369575],[-72.0209282729001,-39.95503355634072],[-72.02082433471429,-39.9551984582373],[-72.02160045554993,-39.9557118341121],[-72.021687435403,-39.9559375043452],[-72.02160925099956,-39.95634512225326],[-72.02142156270602,-39.956209959556745],[-72.02110617215955,-39.95622977779204],[-72.02070380429177,-39.9560239243586],[-72.02057892756416,-39.95611380954139],[-72.02054505462638,-39.956336638115175],[-72.02092000458676,-39.95689529047007],[-72.02100532139117,-39.95721355024054],[-72.02121919863805,-39.95730283847784],[-72.02140570819289,-39.957186608406765],[-72.02158499518454,-39.95718237459071]]],[[[-72.03264997212867,-39.95368187879139],[-72.03248804387216,-39.953510154773866],[-72.03195072564208,-39.95334743153299],[-72.03183833385259,-39.953009400388424],[-72.03135660337314,-39.95282016961056],[-72.03124904966477,-39.952510191168734],[-72.03104322142889,-39.95223493270755],[-72.03087647111296,-39.9521747999223],[-72.03063079925234,-39.952820184919524],[-72.03056151938873,-39.95274393084676],[-72.03034281237831,-39.952766253066216],[-72.03000891424048,-39.95293457732499],[-72.03000166775549,-39.95310196703392],[-72.0302147401371,-39.9532098375215],[-72.03022763532438,-39.95347084116957],[-72.02987681342577,-39.95347115557463],[-72.0297841865544,-39.9542135603433],[-72.02961098633087,-39.95402292382287],[-72.02934474631641,-39.95402540562588],[-72.02914738297484,-39.954113441167934],[-72.0288360306073,-39.95404028672925],[-72.02854642881701,-39.95430284035526],[-72.02857301238383,-39.95452695625703],[-72.02881951812815,-39.954700855238386],[-72.02890652005647,-39.954647228462775],[-72.0289093382873,-39.954302840091934],[-72.02905635464919,-39.95426006234417],[-72.02912523149041,-39.954345616714036],[-72.02921505839943,-39.95506477122171],[-72.02908656944989,-39.95523836082584],[-72.02907720289382,-39.95552797155919],[-72.02892746891544,-39.95583941339644],[-72.02890974691203,-39.95624858762289],[-72.02923521052521,-39.95683413989104],[-72.02960740194104,-39.957178836237375],[-72.03020757964293,-39.95728732382131],[-72.03069771703238,-39.95779790683172],[-72.03117552506922,-39.95756350110063],[-72.03173139650117,-39.957577747694245],[-72.03215352420425,-39.95732789177674],[-72.03271700557666,-39.956606858328605],[-72.03255507068937,-39.95643513422144],[-72.03257157977819,-39.95633314991782],[-72.0330935856639,-39.9560113711698],[-72.03308874148158,-39.9558436715491],[-72.03277335403729,-39.95586352176181],[-72.03270083461553,-39.95558237141203],[-72.03285748830366,-39.95503710909542],[-72.03289410731081,-39.95447015220589],[-72.03280424202553,-39.9537509991071],[-72.03264997212867,-39.95368187879139]]],[[[-72.01346727192525,-39.95436788464341],[-72.01380900762672,-39.95435674135535],[-72.01450355217663,-39.95417856712429],[-72.01493887161052,-39.95426739781469],[-72.0155868546899,-39.95410500452595],[-72.01660200468794,-39.953988987925854],[-72.016798086042,-39.95389852934679],[-72.01703652675926,-39.95363119691528],[-72.01758131462309,-39.953447393957106],[-72.01826956212008,-39.953441839009784],[-72.01958929940331,-39.95328961035554],[-72.02034614892754,-39.95332653831269],[-72.02122871201637,-39.953547070536544],[-72.02175937690579,-39.95351416779223],[-72.02253746372789,-39.95387746836464],[-72.02286773986691,-39.95393250661322],[-72.02287547434281,-39.95428433557912],[-72.02259578575976,-39.954798304229406],[-72.02282585435857,-39.95507187299048],[-72.02263678002143,-39.95524738912179],[-72.02328108729672,-39.95599881485117],[-72.02343214439045,-39.95608611212878],[-72.02354035053203,-39.956009107029814],[-72.02351040654915,-39.95582796136954],[-72.02359147809825,-39.955702035795774],[-72.02345881445802,-39.95562298503964],[-72.023514202649,-39.955566222535765],[-72.02391571226607,-39.95589656196004],[-72.02457024730732,-39.95597156375342],[-72.02463067680095,-39.955798558468686],[-72.02485699553657,-39.95581019051744],[-72.02487187759331,-39.95529271847285],[-72.02469365748182,-39.9550437599094],[-72.02465919364398,-39.95461811769262],[-72.02533023764094,-39.954573817183615],[-72.02550610651775,-39.954144665920914],[-72.02607363818284,-39.95388925628214],[-72.02647602861585,-39.95353650700809],[-72.02687478081793,-39.9535467429741],[-72.02716156457689,-39.95334928944482],[-72.02744713327185,-39.953459025642616],[-72.0280267335425,-39.953483208396364],[-72.02840977807061,-39.953297531321326],[-72.02851248690729,-39.95316052003914],[-72.02851732033419,-39.9530489270525],[-72.02805050178475,-39.95293454312594],[-72.02783260231605,-39.95265896936406],[-72.02759375752987,-39.9525876721624],[-72.02751562144456,-39.95243671105024],[-72.02760222217799,-39.95211309222532],[-72.02730619210739,-39.95168655652495],[-72.02729572553687,-39.95136975645324],[-72.02695504945105,-39.95125860551008],[-72.02653580126784,-39.951459640577575],[-72.02648334205085,-39.95141407259081],[-72.02647383545083,-39.95111009802296],[-72.02661858478727,-39.9509101631007],[-72.02726577941404,-39.950804584361876],[-72.02772745171863,-39.950444041995375],[-72.02870118514517,-39.94990711965631],[-72.0289705164581,-39.949832239677406],[-72.02920139299776,-39.94990930472623],[-72.02944049280116,-39.94988750754836],[-72.03025360448441,-39.949546440617816],[-72.03190416407836,-39.94969929995471],[-72.03254818851218,-39.94991130568072],[-72.03280152573309,-39.9499271053149],[-72.0328518495349,-39.94960255285566],[-72.03375765613598,-39.94963506217243],[-72.0340210953022,-39.949326207155984],[-72.03424019245767,-39.94929457806028],[-72.0344540394437,-39.94910454817675],[-72.03449312610499,-39.94931967339581],[-72.03472510959688,-39.94926975376503],[-72.03490391268551,-39.949050896626616],[-72.03500536917738,-39.94866248362045],[-72.03530901365579,-39.94835372368527],[-72.03594132528704,-39.94827680801076],[-72.03645923625834,-39.94804800576826],[-72.03665215532148,-39.948062251114656],[-72.03707789130236,-39.948287266514704],[-72.03739444778027,-39.94823950473844],[-72.03800696753703,-39.947780370996945],[-72.0383895528923,-39.947603958094476],[-72.03869799357989,-39.94718359437603],[-72.03908904485496,-39.94709118346289],[-72.03985214723316,-39.94650555184238],[-72.04006842539722,-39.946539007934184],[-72.04029442888125,-39.94690786396695],[-72.04047125276584,-39.94701478939837],[-72.04085949385964,-39.9469874690764],[-72.04121493937247,-39.94675463361704],[-72.04111251167264,-39.946418588379785],[-72.04140287342037,-39.945820869581084],[-72.0411571532939,-39.94555857443716],[-72.04080474643243,-39.94549138609822],[-72.04052857389716,-39.945234130298424],[-72.04052503305982,-39.945140942075966],[-72.04063451087615,-39.94505645991111],[-72.04102111214158,-39.94507510219889],[-72.04129544888751,-39.94480568753074],[-72.04173113259985,-39.944694624185715],[-72.04195763487708,-39.944525850120364],[-72.0426045374305,-39.942890172752335],[-72.04360141699863,-39.94241606467189],[-72.0440034936839,-39.942426325720895],[-72.04426119647205,-39.94256433838477],[-72.04445689489948,-39.942562585358104],[-72.04503274124448,-39.942391080638124],[-72.04528645571047,-39.94239755248524],[-72.04609949484,-39.94264662469716],[-72.04634692801059,-39.942652934052425],[-72.04656957904504,-39.942515612688716],[-72.04637900713801,-39.942304388112504],[-72.04620611290424,-39.94182518037218],[-72.04524672491601,-39.94135384294147],[-72.04515000273771,-39.94107208214205],[-72.04472748510547,-39.94077270027927],[-72.04473269048555,-39.94065180584287],[-72.04490222951516,-39.940646821178255],[-72.04523370098462,-39.94081354305053],[-72.04545076524944,-39.94082838940211],[-72.04567190522728,-39.941029535062],[-72.04562725475607,-39.941223901850606],[-72.04569654107749,-39.941300147224226],[-72.04604890455865,-39.94126258427276],[-72.04632237572852,-39.94137196528546],[-72.04653376349314,-39.94123770825474],[-72.04641447404846,-39.94091813391166],[-72.0461333255835,-39.94070614967725],[-72.04594362616962,-39.9406175241401],[-72.04538788485057,-39.94060335066196],[-72.04523603205493,-39.9404784501368],[-72.04525211675501,-39.94038576253071],[-72.04557991280234,-39.94035688409431],[-72.0452669291543,-39.940041678171454],[-72.045260052243,-39.93992047550454],[-72.04536299820576,-39.93966428917128],[-72.04591549157504,-39.93930412628117],[-72.04594270701838,-39.93867175451004],[-72.04568980667169,-39.93864668543054],[-72.04543337619319,-39.93898460759656],[-72.04513662548389,-39.9391353048721],[-72.04453295903673,-39.939054736403165],[-72.04417210311702,-39.939233586944674],[-72.0437375850792,-39.93921318898965],[-72.04386600541982,-39.939039580259404],[-72.04466361639794,-39.938492034625405],[-72.04495629125277,-39.93815503874844],[-72.04501862663051,-39.93783078619114],[-72.04492878581135,-39.93767022796707],[-72.04458124519263,-39.937596193271084],[-72.04373185434125,-39.93709972066699],[-72.0432823374371,-39.93658551951587],[-72.04327506345993,-39.93647361637534],[-72.04303058473651,-39.936253250931394],[-72.04286105661808,-39.93625823324907],[-72.04267183598215,-39.93643959858947],[-72.04272806782174,-39.93685176838121],[-72.04262070235448,-39.936984647069615],[-72.04263315155622,-39.93716752976471],[-72.04240847338488,-39.937349574644905],[-72.0426242409478,-39.937688916182985],[-72.04259136372514,-39.93798018060475],[-72.04236260798203,-39.938099527586495],[-72.0421248044538,-39.93811432031717],[-72.04175830798391,-39.938386224444386],[-72.04160125630959,-39.938382213681294],[-72.04153358068821,-39.93826876790039],[-72.04141300435528,-39.93741849791861],[-72.04154343076024,-39.9371983940582],[-72.04167093595785,-39.936484796697215],[-72.0415170379978,-39.93612709446946],[-72.04120168686491,-39.935867676048055],[-72.04124995266864,-39.93558961518212],[-72.04099254656956,-39.93510824125702],[-72.04066712609115,-39.93480201527104],[-72.04078180697745,-39.93438600436688],[-72.04094686611097,-39.934204024898285],[-72.04130455413491,-39.93423178054394],[-72.04142357247765,-39.93416755384937],[-72.04146630428959,-39.93401784976742],[-72.04129026414567,-39.93381247501434],[-72.04132641693388,-39.933615794882904],[-72.0411536328432,-39.93341587621824],[-72.04058501652203,-39.93314067731409],[-72.04005590391236,-39.93307130039036],[-72.03907582460205,-39.933083493316886],[-72.0387565317984,-39.93319635913347],[-72.03811308487765,-39.933254387635586],[-72.03772853262238,-39.93319800587448],[-72.03739791896867,-39.93301266528596],[-72.03698230730444,-39.932555165978556],[-72.03629248008714,-39.93200686208789],[-72.03586927021409,-39.931445555227455],[-72.03561548914689,-39.93127214505785],[-72.03539018323896,-39.93120186834166],[-72.03497305547698,-39.93121346454361],[-72.03449654112114,-39.93152170060964],[-72.03435264854934,-39.93145478656535],[-72.03429696678052,-39.931191221907156],[-72.0340853729665,-39.931039822491556],[-72.03361319073598,-39.9310853232964],[-72.033007247393,-39.93150584989651],[-72.03295637903044,-39.93169377380086],[-72.03327860960508,-39.931951612901045],[-72.03392801321368,-39.93196824198146],[-72.03392287077583,-39.932087275518576],[-72.03354149604272,-39.932315840577246],[-72.0335054286794,-39.93243408217477],[-72.03376008944386,-39.93298876302431],[-72.03375288935491,-39.93315540992066],[-72.03394876975656,-39.93332725664802],[-72.03394325544004,-39.93345489286732],[-72.033531639933,-39.93447830675543],[-72.03313941549827,-39.93491337213026],[-72.03298211503784,-39.93529226390594],[-72.0330453976108,-39.93606659611954],[-72.03196704457027,-39.93639274353813],[-72.03176610026493,-39.93628518735538],[-72.0313892048751,-39.935878496091945],[-72.03102730198579,-39.93586922123689],[-72.03079283268494,-39.935463047667675],[-72.0304954432658,-39.93541904619076],[-72.03020697691852,-39.935532913055546],[-72.03020226079377,-39.93564192777171],[-72.03040157394125,-39.93576829913241],[-72.03039790605601,-39.935853088367836],[-72.03022121893434,-39.935933393795416],[-72.03029792260365,-39.93611722174141],[-72.03022302648313,-39.93617116031223],[-72.02998408245105,-39.935951614862425],[-72.03002498518879,-39.935734392314664],[-72.02968405943415,-39.93560438928777],[-72.02950991733161,-39.935260390936406],[-72.02957474273302,-39.93503929468867],[-72.02936534467258,-39.934736012426654],[-72.02932682561769,-39.93366716623186],[-72.02954342668045,-39.93339381834734],[-72.02959533435643,-39.93292222822666],[-72.02892289697462,-39.93217632812809],[-72.02805954273573,-39.93249424169246],[-72.02703920978786,-39.93259839762515],[-72.02745763211918,-39.93208603352791],[-72.02724789301502,-39.93201220275862],[-72.02666641894203,-39.932062575143924],[-72.02635999413347,-39.93243641039353],[-72.02595653571616,-39.93259271093004],[-72.02579498592058,-39.933180904434025],[-72.02551005466094,-39.933505016361075],[-72.02537314848006,-39.933538740018015],[-72.02523220067586,-39.93321303347915],[-72.02499611081738,-39.9330859128912],[-72.02496503153252,-39.93291009111033],[-72.02514154112188,-39.93292647399707],[-72.02517603037892,-39.932729314343945],[-72.02579270291528,-39.932482824975615],[-72.02589121851953,-39.93237048505233],[-72.02582809126264,-39.932152772233096],[-72.02597667229358,-39.93207279887575],[-72.02594768443022,-39.931904478822275],[-72.02475732034631,-39.931039777685896],[-72.02459607669674,-39.93065368273692],[-72.02425787121429,-39.930260967674],[-72.02414691796837,-39.9296820755586],[-72.0238771519486,-39.929628596616986],[-72.02368564369358,-39.92968768118943],[-72.02345314013169,-39.92929767948355],[-72.02283535732359,-39.92907815330725],[-72.02226538322363,-39.92897622486079],[-72.02203916629485,-39.928790033152545],[-72.02212951925333,-39.92862361620687],[-72.02253316356892,-39.92855253086404],[-72.02278953589027,-39.928588239659284],[-72.02307403438748,-39.92874712804183],[-72.02365563648912,-39.92877419832989],[-72.0244512050749,-39.928952275848914],[-72.02454979011345,-39.929221583941846],[-72.0249643074339,-39.92931933838041],[-72.0248203276324,-39.9298390187824],[-72.02526730536947,-39.930900098156584],[-72.02571207556888,-39.93135242910857],[-72.02611680555673,-39.931489880865165],[-72.0265162845648,-39.9317424859672],[-72.0273314377526,-39.93184682196251],[-72.02809860684468,-39.931802576805325],[-72.02878060336995,-39.931936443096625],[-72.02959949881254,-39.931875983021335],[-72.03018257574466,-39.931501085522186],[-72.03049988223978,-39.9308051677021],[-72.03043166745114,-39.93046012104586],[-72.03049204740287,-39.930112552110735],[-72.03032744064043,-39.92954974585198],[-72.03000203527006,-39.92903518451479],[-72.02948136227988,-39.92866689934108],[-72.02917585999906,-39.928565967517294],[-72.02887186294129,-39.92825560348716],[-72.02838014508251,-39.928091707450115],[-72.02741282379223,-39.928090164840675],[-72.02701346416836,-39.9282370192008],[-72.02656050354024,-39.92822539394104],[-72.02641661046954,-39.92851146728175],[-72.02634091753058,-39.92830470930926],[-72.02641983472259,-39.92815777860501],[-72.02638400322236,-39.927868255843514],[-72.02556434084667,-39.9273612432334],[-72.02577371293413,-39.92699422777238],[-72.02548423244122,-39.926698192370885],[-72.02527526950959,-39.92677661480681],[-72.02521407740927,-39.92651436980979],[-72.02500431681469,-39.92633209758429],[-72.02470396363178,-39.926287144974786],[-72.02472410052725,-39.92610146665089],[-72.02462345208485,-39.9259126862028],[-72.0238862840479,-39.92534447420141],[-72.0239680236144,-39.92513244921924],[-72.024152423069,-39.925062707899],[-72.02439237861729,-39.92510611057172],[-72.02454335363498,-39.92524963494134],[-72.02473660808246,-39.925254598324926],[-72.02489605251873,-39.924923541173904],[-72.02525317271052,-39.924774445576496],[-72.02540496026654,-39.924620076827196],[-72.02552735958274,-39.92430668709234],[-72.0256976633219,-39.92428313023675],[-72.02562760571001,-39.924504766241874],[-72.02574718028644,-39.92453576553144],[-72.02610228599778,-39.924153871067155],[-72.02620857392802,-39.924212458140595],[-72.02632090210606,-39.92413155347092],[-72.02647751639218,-39.92414488318918],[-72.02677504346848,-39.924254927041325],[-72.0265588419445,-39.92450074217598],[-72.02643483621435,-39.92485133092617],[-72.02611355036812,-39.92501065986163],[-72.02589734783493,-39.92497718032654],[-72.0257822027134,-39.92484388734779],[-72.02561270314347,-39.92484884540289],[-72.02534818205471,-39.92509341758678],[-72.02543312779359,-39.92536558223659],[-72.0252752960758,-39.92565944243381],[-72.02531877607528,-39.92577227620644],[-72.02561469684258,-39.92591952093963],[-72.0259339744208,-39.92580669079729],[-72.0261018654744,-39.92583893011458],[-72.02597584462963,-39.925956722114286],[-72.02598872494936,-39.92621772652049],[-72.0264062385698,-39.92662876443415],[-72.02657533988808,-39.926633104819466],[-72.02691595840332,-39.92630669485495],[-72.02691716620168,-39.92599950317771],[-72.02721832374282,-39.92574655776052],[-72.02715551452431,-39.925521511305156],[-72.02721872339451,-39.92517867148132],[-72.02708626235525,-39.92488666917715],[-72.0268523446235,-39.92470378034709],[-72.02688213770217,-39.92457420803479],[-72.02724327757835,-39.924332111568305],[-72.02713859729353,-39.92395703414526],[-72.02747513488269,-39.92404014791301],[-72.02759728250253,-39.923952167999396],[-72.02764832879242,-39.92363255800146],[-72.02797608029587,-39.9235694674891],[-72.02818890751884,-39.923300847156774],[-72.02838988711305,-39.92330600254224],[-72.02878463678816,-39.92348295869353],[-72.03001680616102,-39.92362180235275],[-72.0303017972129,-39.92383168908803],[-72.03134449844276,-39.92414956988351],[-72.03174670237455,-39.92445689382264],[-72.03209513151184,-39.92442858144947],[-72.03207662284169,-39.92457706388495],[-72.03187107979048,-39.92468557784489],[-72.03183345785749,-39.92491959594603],[-72.03196642785427,-39.92506600100693],[-72.03217204308082,-39.92496401989024],[-72.03233850672984,-39.92505169992751],[-72.0323947190616,-39.92554171751171],[-72.03277660347398,-39.92565874803667],[-72.03279665448076,-39.92591111426758],[-72.03293388655813,-39.925968410548634],[-72.03304420015144,-39.92628106551473],[-72.03325345046287,-39.92645325574638],[-72.03327717238041,-39.92662069461887],[-72.03392755390574,-39.92661351514472],[-72.03458615999484,-39.926415878057675],[-72.03507006904897,-39.926156313750674],[-72.03542359712895,-39.926370176482635],[-72.03559189630022,-39.92639310273039],[-72.03561451860088,-39.92698950818371],[-72.0357474214774,-39.92727220259637],[-72.03587667637036,-39.92735929793316],[-72.0362414515864,-39.92731277186844],[-72.0363022094137,-39.927025722714355],[-72.03682400755042,-39.92698321173087],[-72.03710097710696,-39.92672962155816],[-72.0376989693582,-39.92673384649326],[-72.03775157010269,-39.92694968914523],[-72.03737023695618,-39.92717826850273],[-72.03723627755848,-39.92741317330832],[-72.03747749134979,-39.92756234040266],[-72.03818870022815,-39.92758052560799],[-72.03856239514066,-39.92718399735488],[-72.03852712511576,-39.92702069516268],[-72.03874529752278,-39.92676479243068],[-72.040154694231,-39.926227599628696],[-72.04047288770492,-39.92602718928109],[-72.04088248831886,-39.92550140792232],[-72.04103965919334,-39.92544583967058],[-72.04154143024837,-39.92547491078756],[-72.04145575719254,-39.925218135737964],[-72.04116907670365,-39.925136335809384],[-72.04125150800496,-39.9250192756437],[-72.04144476473246,-39.92502421115655],[-72.04154459809199,-39.92495228222823],[-72.04157776902649,-39.92463138256831],[-72.04177909740015,-39.92460199043572],[-72.04186252523121,-39.9247578193852],[-72.04271755976644,-39.92484044798428],[-72.04277624320595,-39.924555948808084],[-72.04303936047907,-39.92438567935345],[-72.04297166845525,-39.92416051626871],[-72.04314982576,-39.92421990441706],[-72.04333375851591,-39.924188849123105],[-72.04354004381675,-39.9243132791196],[-72.04531007466412,-39.923940370393744],[-72.04546873257846,-39.92385007051327],[-72.046476856798,-39.923792360233726],[-72.04703551926396,-39.92323636938076],[-72.04797400533904,-39.923007059897785],[-72.04806025977008,-39.92280071789793],[-72.04831788174712,-39.92265832485942],[-72.04840477411,-39.922437103127386],[-72.04868107965262,-39.92231008095722],[-72.04872548414335,-39.92217715080659],[-72.04909969150978,-39.92202283014925],[-72.04956540837935,-39.92199000442967],[-72.04970451809997,-39.92190417282528],[-72.05043758823992,-39.92195263020207],[-72.05080141075902,-39.921589499639744],[-72.05111699723669,-39.92144857577786],[-72.05118136003532,-39.9213012569084],[-72.05095521235233,-39.92116143914263],[-72.04921023307814,-39.92125106897867],[-72.04858210737089,-39.92101163328526],[-72.04710043004093,-39.92081719938634],[-72.04653917128581,-39.92055264473709],[-72.0462170791662,-39.92048485037331],[-72.0460192269116,-39.92027042193323],[-72.04532264098903,-39.9198802661326],[-72.04469012625927,-39.919687246660494],[-72.04435075178016,-39.91970651852807],[-72.04411814659828,-39.920054356929086],[-72.04403596964951,-39.920369637850655],[-72.04374457399207,-39.92039795229177],[-72.0432349220288,-39.92037302972893],[-72.04288550292222,-39.920221112807646],[-72.04247471493146,-39.919751740259706],[-72.04163328651103,-39.91963715908343],[-72.0410054445581,-39.9193921039831],[-72.04058327979688,-39.91931242825552],[-72.04022896823258,-39.91911718093219],[-72.04005908183011,-39.91913146026578],[-72.04006554897283,-39.91926196277533],[-72.0405342254546,-39.91960908898266],[-72.04051814101965,-39.919701776167116],[-72.03992794182284,-39.91964945881643],[-72.03982024709643,-39.9197615032157],[-72.03954619450026,-39.919778333666635],[-72.03927305748311,-39.91965218827463],[-72.03885867098539,-39.919212601823055],[-72.03836377506919,-39.91891124842794],[-72.03791771199684,-39.91888122503673],[-72.03773445340023,-39.91836450029085],[-72.03756291895189,-39.918136678949935],[-72.03758141321107,-39.917988194996504],[-72.03786881489509,-39.91777210823151],[-72.03787362708398,-39.91766051361573],[-72.03769848445724,-39.91751638845681],[-72.03774033043996,-39.917387121147925],[-72.0380792930904,-39.917377167853246],[-72.03838688441573,-39.91753398811835],[-72.03840702940046,-39.91762760113682],[-72.03815786660232,-39.91779811783331],[-72.03817600644159,-39.91793822864719],[-72.03836683701276,-39.91799896589287],[-72.03904436751364,-39.91798835441582],[-72.03954506803925,-39.91731157872796],[-72.03947212303227,-39.917040375852835],[-72.03961499062743,-39.91681128135067],[-72.03970353776724,-39.91672044582121],[-72.03996803117668,-39.9167551331621],[-72.04006871326466,-39.9166834375667],[-72.04010309347763,-39.91616501912777],[-72.03993537482428,-39.9160653729507],[-72.03940831784604,-39.91599604688496],[-72.03907657554356,-39.91583131321359],[-72.03902648595748,-39.915677125391056],[-72.03927580931956,-39.91548690153926],[-72.03928853576856,-39.91535616302663],[-72.03905426041257,-39.915197268209305],[-72.03898853144887,-39.91474778725452],[-72.03950210666635,-39.914678996929595],[-72.03931409836423,-39.914433909060094],[-72.03935633571527,-39.91427661970393],[-72.03948811021795,-39.914345518897015],[-72.03968605586141,-39.91468915822238],[-72.03993919998288,-39.9147393140493],[-72.04016209489261,-39.91466855475798],[-72.04017258372552,-39.91442510233662],[-72.04037431608069,-39.914207642249224],[-72.04034422230816,-39.9139741281821],[-72.04015899561726,-39.91371337647199],[-72.0401287330263,-39.91336348537237],[-72.04060742568406,-39.912950953457646],[-72.040761134739,-39.91289087459514],[-72.04101799073436,-39.91291624685845],[-72.04129746419943,-39.9126136404484],[-72.04125643298521,-39.91251367583271],[-72.04066087748436,-39.912306450392926],[-72.0406749342607,-39.91215552494517],[-72.04083160820139,-39.91211271135486],[-72.0411934289006,-39.91219613738822],[-72.04132081947328,-39.91242222192596],[-72.04150826077742,-39.91245610161777],[-72.0421968373311,-39.9120084752423],[-72.04217032178565,-39.911785242347115],[-72.04166606343344,-39.911598973001325],[-72.04138246850526,-39.91134153007338],[-72.04091176458103,-39.91139351411786],[-72.04088336434296,-39.911526617372424],[-72.04103660751939,-39.9116527225223],[-72.04100191133556,-39.91175657183417],[-72.04066022794225,-39.911619834926114],[-72.0407074789544,-39.91139993369755],[-72.04059247552159,-39.911263167614756],[-72.04043322537558,-39.91127655568164],[-72.04004007178668,-39.911633086109035],[-72.03973967714852,-39.91146351525831],[-72.03938206652899,-39.91165838716273],[-72.03924309818817,-39.91189201680878],[-72.0389551287931,-39.912064768836316],[-72.03860629657798,-39.91205585310324],[-72.03794061592123,-39.91178308261758],[-72.03756223287208,-39.911796682776966],[-72.0369624346011,-39.911688246703214],[-72.03697780833063,-39.911857380183164],[-72.03739827952698,-39.912144500575835],[-72.0376126778193,-39.9125543947078],[-72.03794301799117,-39.91263701632761],[-72.03789050984489,-39.91273767862471],[-72.03703529319434,-39.912626909592866],[-72.03681359774707,-39.912336126847194],[-72.03666264441887,-39.91233226598857],[-72.03661384050376,-39.912088366569584],[-72.03597801109267,-39.91184954612229],[-72.03592270346674,-39.91201504798349],[-72.03624348539545,-39.91224008351028],[-72.03614880900636,-39.91250806895017],[-72.03643068686175,-39.91295823616894],[-72.03601538916473,-39.91284214975504],[-72.03591515615565,-39.913019962978474],[-72.03566961616808,-39.913106778954514],[-72.03559391208258,-39.91328521947112],[-72.03547314788432,-39.913282129469046],[-72.0352643187386,-39.913218599559954],[-72.03541750733542,-39.9129955929378],[-72.03541447401139,-39.91289078000042],[-72.03530301390553,-39.91284719749918],[-72.03493636846099,-39.91309442832006],[-72.03432534367843,-39.91309070578529],[-72.03421251473665,-39.91319506653785],[-72.03346340437882,-39.91337601354054],[-72.0337161751052,-39.91312181096082],[-72.03372340229882,-39.912954419531324],[-72.03328300285096,-39.91279418644043],[-72.03294446465354,-39.91279482698535],[-72.03282972601208,-39.91265224150288],[-72.032357947881,-39.91265877774186],[-72.03209550817299,-39.912856870834126],[-72.03173402259293,-39.91282899058867],[-72.0316800696311,-39.912678651494595],[-72.03147649913396,-39.91256887979609],[-72.03092611667591,-39.91278035993829],[-72.03043581271902,-39.912656076373736],[-72.03005016045203,-39.91234827749751],[-72.02971283113625,-39.91232101019549],[-72.02935778322284,-39.912144330833875],[-72.02942565313994,-39.91188574083197],[-72.02932260263772,-39.91176254770298],[-72.02876401883121,-39.91161706615128],[-72.0282742101254,-39.91120210688948],[-72.02761194695216,-39.91086135100135],[-72.02697836235802,-39.9106961377973],[-72.02664144245396,-39.91038026846003],[-72.02635202547613,-39.91036353084944],[-72.02616164986017,-39.91050968922566],[-72.02635967746991,-39.91102472271607],[-72.02626387736554,-39.91156223194909],[-72.02603443309634,-39.91155634258647],[-72.02597526052153,-39.91180618810223],[-72.02582269919203,-39.9119791579005],[-72.02605013221367,-39.91231083883364],[-72.02576795370973,-39.91212670921145],[-72.02556306435343,-39.911832845675434],[-72.02513879544144,-39.91157989801751],[-72.0246670258942,-39.911586403161905],[-72.02438686136838,-39.91163506673164],[-72.02423469934982,-39.91179873486245],[-72.02416303352022,-39.912336861982894],[-72.02404025819074,-39.912380257353526],[-72.02403703570147,-39.912454652898425],[-72.0244037438853,-39.91264095772608],[-72.02463479651628,-39.912888946216626],[-72.02461829014621,-39.91299093000245],[-72.02434737660441,-39.91310499950883],[-72.02442264676067,-39.91332105786385],[-72.02488113872626,-39.91362143595971],[-72.02497009827172,-39.91380060634328],[-72.02521921759202,-39.91396549095879],[-72.02556327589474,-39.914382802950826],[-72.02579988446645,-39.91448197516972],[-72.0258087386113,-39.914835974482905],[-72.02594842401237,-39.91496058758634],[-72.02574915903833,-39.915095119079986],[-72.02574352236788,-39.915225311424],[-72.0260844861621,-39.91544818931234],[-72.02611943663737,-39.915657884344284],[-72.02636305577659,-39.91571601372198],[-72.0264431651389,-39.91582047752587],[-72.02645843197455,-39.916172636390385],[-72.02662898686263,-39.91643265260254],[-72.02673256097334,-39.91690005540228],[-72.02683819455065,-39.916962348954875],[-72.02686989048263,-39.91741409325807],[-72.0255732177406,-39.91748321760105],[-72.0254327228128,-39.91737720282234],[-72.02455271150647,-39.917317365995935],[-72.02456882381746,-39.91694538839782],[-72.02469442669403,-39.91683689669357],[-72.02497219602083,-39.916844029853046],[-72.02503982995778,-39.91667819044979],[-72.02572338188219,-39.916807458359365],[-72.02578980608602,-39.91666951680174],[-72.02494442854321,-39.9163685177096],[-72.02508170384246,-39.916269635081996],[-72.02531035825226,-39.916294125799546],[-72.02529264771897,-39.91614471446739],[-72.02511406316962,-39.91601697427874],[-72.02396260699017,-39.91558920859967],[-72.02350328744043,-39.91564257742],[-72.02343580989744,-39.915860554729825],[-72.02333661707037,-39.915917588838916],[-72.02288809210371,-39.91591402859479],[-72.02210358708166,-39.91580211404221],[-72.02111128081505,-39.9158231528551],[-72.02038909880913,-39.91574872304513],[-72.0199257730385,-39.91555992029633],[-72.019684240108,-39.91555370724013],[-72.01953770652673,-39.91558717676513],[-72.0195791543006,-39.915746509281426],[-72.02070463787514,-39.91655747889736],[-72.02073643188233,-39.91666070408131],[-72.02057822282023,-39.91668456487851],[-72.02035561992503,-39.91652057375247],[-72.02013460658002,-39.916598677350095],[-72.01998002828162,-39.916538842704135],[-72.01950661150973,-39.91658252314296],[-72.01950015574909,-39.91673131350958],[-72.01995501595054,-39.91711540560157],[-72.0200665066028,-39.917332398252434],[-72.0198301723981,-39.917624232034754],[-72.01984021883145,-39.91781068601046],[-72.01929830841345,-39.91831809237862],[-72.01893763944838,-39.91799228006938],[-72.0189312125171,-39.917861777835924],[-72.01901857678725,-39.917798857372205],[-72.019403831352,-39.9178366988869],[-72.01940948054867,-39.917706507352655],[-72.01895781824607,-39.917527310497654],[-72.01845788270381,-39.91706757630526],[-72.01797315809365,-39.91737163310001],[-72.01803142325895,-39.91758911958224],[-72.01823431661632,-39.91759434169495],[-72.01841103133094,-39.91770129725396],[-72.01838122618365,-39.91783086704098],[-72.01812888021902,-39.91796215702687],[-72.01795042157838,-39.9182852677108],[-72.01770326242392,-39.91812994921795],[-72.01748873777663,-39.91777996510272],[-72.01612290815866,-39.91721413837245],[-72.01597758143706,-39.917219705085785],[-72.01601102106281,-39.91756854664743],[-72.01580761098216,-39.91779253290065],[-72.01547470778135,-39.91766293036371],[-72.01539618513935,-39.917800554058026],[-72.01523478474905,-39.917619510325004],[-72.01485214845151,-39.91750583878146],[-72.01452987558177,-39.917703754869365],[-72.01430203008314,-39.917660644129754],[-72.01411521657094,-39.917786166304126],[-72.01378711692966,-39.91782425857172],[-72.01357614806695,-39.917949157229685],[-72.01281529755582,-39.91792954177122],[-72.01259265413333,-39.91804482782261],[-72.01206369319829,-39.91797532813231],[-72.01163897596236,-39.91801092239696],[-72.01144129363664,-39.91810823053126],[-72.0113932146281,-39.91828697903915],[-72.01151086289103,-39.91845448640283],[-72.01192506497951,-39.91866067531141],[-72.01212071337093,-39.91905486947262],[-72.01240773430104,-39.91912743986297],[-72.01220675548895,-39.91957843528622],[-72.0123323245065,-39.91974924936206],[-72.012193810952,-39.91987601387964],[-72.01226434897447,-39.92006704267635],[-72.01247462128859,-39.92024079476563],[-72.01281945825941,-39.9203424178744],[-72.01291753091512,-39.92047188167454],[-72.01349077830722,-39.92063561696371],[-72.01372105890316,-39.92062293357126],[-72.01375122650623,-39.92076335766302],[-72.01440012802637,-39.92113385340477],[-72.01438400804064,-39.92122653562515],[-72.01416580303568,-39.92123953154234],[-72.01329788920191,-39.92090062749919],[-72.0128284841081,-39.92085128597419],[-72.01281846335154,-39.921081688528716],[-72.01297608403057,-39.92117176322094],[-72.01306467035553,-39.92135023635046],[-72.01344303924334,-39.921490186331305],[-72.01408032328406,-39.92157178171652],[-72.01436973256328,-39.92186784325298],[-72.01475177267855,-39.92198009575502],[-72.01505200300325,-39.922212290177846],[-72.01538410517244,-39.922099260972175],[-72.01562117022748,-39.922487068553984],[-72.01617226302432,-39.92288296418649],[-72.01625595771135,-39.923183032298944],[-72.01655624913506,-39.92350729804959],[-72.01619750234954,-39.923693563828955],[-72.01591692313828,-39.923472212330154],[-72.01512583853187,-39.923312186172346],[-72.0147477943081,-39.92303828066665],[-72.01444831035585,-39.9230433639965],[-72.01424864604809,-39.92290788160925],[-72.01362221419046,-39.922854496060644],[-72.01339324180766,-39.92272570451788],[-72.01258999101242,-39.92267892658467],[-72.0124249468579,-39.922581572877384],[-72.01234612406105,-39.922169910673915],[-72.01196564588314,-39.922299744307246],[-72.01152686233308,-39.922102231051355],[-72.01129698129591,-39.922105610558866],[-72.01154431974157,-39.923099093612],[-72.01179387807213,-39.92341054157234],[-72.01210467718967,-39.92355083794238],[-72.01228778804602,-39.92379750980992],[-72.01343662801904,-39.92459145838881],[-72.01326260113761,-39.92483007084951],[-72.01332764895228,-39.925161179196635],[-72.01269674295204,-39.92504940134233],[-72.01238562532285,-39.925250308114705],[-72.01209959428961,-39.925230992426336],[-72.01194110911896,-39.92513139397612],[-72.01166334229033,-39.92510035152851],[-72.01132807118086,-39.92478726209336],[-72.0110009841406,-39.92482060932656],[-72.01100635164205,-39.92505355525383],[-72.01120491382308,-39.92540322766538],[-72.01168286423034,-39.92554259232341],[-72.0116784531488,-39.92564395870732],[-72.01147086485665,-39.92578186983215],[-72.01127183967547,-39.92572301059382],[-72.01101393082543,-39.92577008134791],[-72.01106269317317,-39.92589669729781],[-72.01151480914051,-39.926039688575834],[-72.0116264108922,-39.926170835527834],[-72.01149886843918,-39.926385503777574],[-72.0109557420325,-39.92621628655302],[-72.01079959244123,-39.92606302202049],[-72.00996892406766,-39.92573117549659],[-72.00979884640589,-39.92554173363447],[-72.0095778880054,-39.92545245827016],[-72.00940776657528,-39.92544209730651],[-72.0093160840583,-39.92558896598158],[-72.00909071130383,-39.925601055859005],[-72.00897388390676,-39.925820968719115],[-72.00914634288266,-39.92610392332502],[-72.00879207158773,-39.92640518622199],[-72.00839787138491,-39.9263770988959],[-72.00806385969528,-39.92621326810645],[-72.00795309606242,-39.92626413215832],[-72.00796819826311,-39.926451364048376],[-72.00820623467507,-39.9266825596691],[-72.00820047041627,-39.92699282050954],[-72.0085377668282,-39.92743729837168],[-72.00836884244441,-39.927755284675065],[-72.00806060746942,-39.92771150782529],[-72.00785352545286,-39.927837486510214],[-72.00770581007306,-39.92763309872925],[-72.00699946163876,-39.92715281882604],[-72.00674388428062,-39.927146215445845],[-72.006659771913,-39.92733267563561],[-72.00687533538547,-39.92786594170852],[-72.00693303076636,-39.92832110793933],[-72.00685064328546,-39.92843239816817],[-72.00620735437445,-39.92871090324352],[-72.0062702452108,-39.929046815705576],[-72.00642587075076,-39.929212011548564],[-72.00671174935516,-39.9293398443896],[-72.00748895357053,-39.92937104400089],[-72.00871101350377,-39.92979658739352],[-72.00894950503785,-39.93001764435559],[-72.00892643433035,-39.930369244196726],[-72.01023072964529,-39.93139980607728],[-72.00991105091182,-39.93161839292354],[-72.00979350165979,-39.93158750146583],[-72.00999395706373,-39.9314951751012],[-72.00999062627504,-39.93139360906439],[-72.00957856887037,-39.931418789287726],[-72.00938920759769,-39.93131414066711],[-72.0084073638295,-39.93120821028145],[-72.00798076485266,-39.93107032202319],[-72.00755685703815,-39.9310116171876],[-72.00698937756445,-39.931044712086845],[-72.00678820882122,-39.93121262734575],[-72.00660076361885,-39.93124360037121],[-72.00630722499493,-39.93121810669434],[-72.00635013816076,-39.931034163891155],[-72.00576017480621,-39.93113830465261],[-72.00541970257024,-39.93094445208655],[-72.00512486537865,-39.930948768913325],[-72.00493585966036,-39.93101551536231],[-72.00495721638272,-39.931236935736166],[-72.00473696869062,-39.93130884351327],[-72.00488895353648,-39.93155751900975],[-72.00454553689725,-39.93188457259134],[-72.00450127696058,-39.93204378628836],[-72.00461941424194,-39.93219047054036],[-72.00460119435455,-39.932323714201296],[-72.00441530632568,-39.93231890744026],[-72.0041848438148,-39.93219833497939],[-72.00388700730643,-39.932200183257535],[-72.00385472808446,-39.93237126737506],[-72.00397449015689,-39.93246987538883],[-72.00528925871559,-39.93276175030946],[-72.00486374750278,-39.93284625990124],[-72.00429493542737,-39.93280289848852],[-72.00420892317047,-39.933068103677044],[-72.00381975425611,-39.933172651338644],[-72.00378913973898,-39.933305574253694],[-72.00368791618915,-39.93335071135378],[-72.00374113581442,-39.93355266001393],[-72.00351838316855,-39.93382387877798],[-72.00352244766077,-39.934015004957324],[-72.00366616485667,-39.93413333504988],[-72.00398546460377,-39.934208450964256],[-72.00383790086369,-39.93446251280849],[-72.00385685740136,-39.93459671783509],[-72.00430947118683,-39.93502866981571],[-72.00367409607047,-39.93508864535074],[-72.00302539192352,-39.93545390612712],[-72.00288282010213,-39.93559348320374],[-72.00287698867372,-39.935727047013906],[-72.00303185172585,-39.93587431942089],[-72.00298342619563,-39.93613094487738],[-72.00236129482275,-39.93644855693422],[-72.00230669260193,-39.93659551318066],[-72.00241973781341,-39.936765353906],[-72.00263228047706,-39.936863584477884],[-72.00274168689462,-39.93711678843503],[-72.00318828900173,-39.937406534347325],[-72.0034807338759,-39.937528712272204],[-72.0040256300334,-39.937552357454095],[-72.00403959061795,-39.93780104577963],[-72.0034958410991,-39.93803530858055],[-72.00340273750774,-39.93846269724006],[-72.00325068179113,-39.93853517199551],[-72.00241333088907,-39.93838934292194],[-72.0018308316279,-39.938374267861946],[-72.00166679771326,-39.93843687944794],[-72.00128737708272,-39.93888550799941],[-72.00142776567526,-39.93908016304679],[-72.00196149050434,-39.93929829075401],[-72.00348429267748,-39.939282796014425],[-72.00364583751967,-39.93943217875832],[-72.00346040980843,-39.9396507330581],[-72.00322008047706,-39.93967926156283],[-72.00302340545863,-39.94004509625064],[-72.0031134423665,-39.94111058316492],[-72.00292023219818,-39.94150107358663],[-72.00289460173299,-39.94208799447016],[-72.0028031651849,-39.942191625424776],[-72.00286179383755,-39.94238522672905],[-72.00267019566985,-39.9426103873214],[-72.00218703853882,-39.942824721378535],[-72.00198425934916,-39.94302840223072],[-72.00177354026135,-39.94305876462451],[-72.00151302413231,-39.942986357818064],[-72.0012829039102,-39.943105758076186],[-72.00090950725011,-39.9431319073811],[-72.00096053562775,-39.94338394327602],[-72.00060047420075,-39.94363727392947],[-72.00073697501809,-39.9438855536927],[-72.0003912886762,-39.944342215342786],[-72.00037337745076,-39.94457455798311],[-72.00067892099507,-39.9454408040615],[-72.00051205726498,-39.94593769899178],[-72.00078450018638,-39.94636930702296],[-72.00064569428719,-39.94670596840084],[-72.00074607210584,-39.94689361879777],[-72.00142100184739,-39.94686290486541],[-72.00265722446481,-39.945973316457064],[-72.0031362057056,-39.94582807038935],[-72.00338667198417,-39.94586486555522],[-72.00349095742243,-39.946247189438],[-72.00368467476076,-39.94646446222485],[-72.00394962515534,-39.9466016516612],[-72.00412884656365,-39.94681854877566],[-72.00452574620489,-39.94692563457322],[-72.00477356568065,-39.94723367798584],[-72.00498219964497,-39.947663595982675],[-72.0049803379071,-39.947927943884444],[-72.0051509989101,-39.94823026752653],[-72.00509861112681,-39.94832201020496],[-72.00551263098504,-39.94881309580721],[-72.00555350998076,-39.94946172700459],[-72.00632031053976,-39.949942340078294],[-72.0077303181331,-39.95043816396477],[-72.00789569845782,-39.95038182986621],[-72.0080440287221,-39.95043111848054],[-72.00837566699386,-39.95069375387074],[-72.00828441256613,-39.951007775101964],[-72.00796717948313,-39.95134580609707],[-72.0077547680058,-39.95177011568881],[-72.00745926585921,-39.95196544102559],[-72.00703350149897,-39.95247974717051],[-72.00732670461788,-39.95304844640847],[-72.00732410355623,-39.95310807317256],[-72.00711362994093,-39.95316770131813],[-72.00707152144392,-39.95371395837249],[-72.00775463619004,-39.953907156565755],[-72.00779872787501,-39.95414110207559],[-72.00792575964788,-39.95425183280114],[-72.00809288498827,-39.954154670163504],[-72.00812119631813,-39.95379007437225],[-72.00794193751467,-39.953703066209215],[-72.00793783056363,-39.95361938856027],[-72.00831882402136,-39.95342030087124],[-72.00843426010502,-39.95344119057552],[-72.00852588058044,-39.95365248580728],[-72.0088696582562,-39.95382235351561],[-72.00913699813688,-39.95372581251704],[-72.00932793406201,-39.95343824213153],[-72.00965542482965,-39.953483467911376],[-72.00997401884221,-39.95374145339943],[-72.01061942402438,-39.953704387800684],[-72.01108974700249,-39.95359116795764],[-72.01133992364082,-39.95390206285575],[-72.01175882531302,-39.953900932085624],[-72.01184993727964,-39.95412415047106],[-72.01207202778967,-39.95418957382398],[-72.01198957120917,-39.954479947329816],[-72.01212634972224,-39.954901333762585],[-72.01205969142687,-39.95500706342263],[-72.01165727331039,-39.95516382487445],[-72.0116073640743,-39.955419221367634],[-72.01190014144396,-39.95582075518787],[-72.01209613636927,-39.95595116871267],[-72.01244921353164,-39.95585879652453],[-72.01264464982226,-39.955623568978574],[-72.01267711299681,-39.95554605787744],[-72.01252234151863,-39.955426408878374],[-72.01253750158531,-39.95534546681999],[-72.0126682918273,-39.95530332348373],[-72.01289440257895,-39.95545465911595],[-72.01299855652705,-39.955423021093054],[-72.01315689878025,-39.95496979704714],[-72.01290699156138,-39.9548086312389],[-72.01299406917455,-39.95447572682235],[-72.0130939756387,-39.954403825421664],[-72.01346727192525,-39.95436788464341]],[[-72.03978337565688,-39.933760534310814],[-72.04000801750274,-39.93391901320219],[-72.03973908596818,-39.93413033940662],[-72.03959814855658,-39.934112191266806],[-72.03924151889076,-39.93383760257903],[-72.03925596965698,-39.933721599571726],[-72.03942786026597,-39.933653544034726],[-72.03978337565688,-39.933760534310814]],[[-72.0237855032826,-39.95314684299162],[-72.02370658731894,-39.952771116982554],[-72.02380603440123,-39.95252310700734],[-72.02388608744766,-39.95255011280715],[-72.02425654807615,-39.95239671031237],[-72.02468347255636,-39.95266369547648],[-72.02467540655555,-39.952849683150525],[-72.02440730406971,-39.952930074880875],[-72.0238685399109,-39.953672649532535],[-72.0237137152324,-39.95375595013842],[-72.02361202002807,-39.95366023956401],[-72.02359441964337,-39.95336885789374],[-72.0237855032826,-39.95314684299162]],[[-72.02459245354736,-39.931326571511455],[-72.02431817020432,-39.931113381367275],[-72.02312503431442,-39.931022096434326],[-72.02319112003396,-39.93095103758923],[-72.02376744288154,-39.930965845679935],[-72.02352730117718,-39.93072514324059],[-72.02376134736963,-39.930556598352105],[-72.0232306192002,-39.93042077118905],[-72.0234213929694,-39.930030008045534],[-72.0235421852716,-39.93003311167349],[-72.02369492168803,-39.930345421969314],[-72.02392240781818,-39.930502550086246],[-72.02381872074982,-39.93062789561203],[-72.02412320780489,-39.93092664808067],[-72.02447760717769,-39.93106897198861],[-72.02491971363685,-39.93140773362546],[-72.02485047988655,-39.93155146967729],[-72.0241807180519,-39.93210419688845],[-72.02406165488432,-39.93230728325694],[-72.0238259316819,-39.932379480798566],[-72.02384531440848,-39.93228106249959],[-72.0247475410276,-39.93151872653235],[-72.02459245354736,-39.931326571511455]],[[-72.0357966777133,-39.925819540636745],[-72.03605776317825,-39.9259096789336],[-72.03595351821707,-39.92609247462099],[-72.0352051558444,-39.92585076968709],[-72.03505755040113,-39.925642983043176],[-72.03467615724554,-39.92554976312693],[-72.03453135399937,-39.925277135585894],[-72.0345690155057,-39.924962812913535],[-72.0347021554471,-39.92494767457488],[-72.03534222758007,-39.92518661150438],[-72.03543411141555,-39.925569161551344],[-72.03576458284843,-39.92572598803279],[-72.0357966777133,-39.925819540636745]],[[-72.04003624338088,-39.91259888151988],[-72.03985863913987,-39.912687442077896],[-72.03967069731416,-39.912665184191496],[-72.03979879037448,-39.912327429666774],[-72.04004820172433,-39.912407987161515],[-72.04003624338088,-39.91259888151988]],[[-72.01406555080582,-39.92461615874004],[-72.01453462834105,-39.92439550399249],[-72.015078953277,-39.92439091066178],[-72.01523394832982,-39.924441452926274],[-72.01532769773165,-39.9247883294922],[-72.01547142393295,-39.92481996159593],[-72.01590507232913,-39.92457976898807],[-72.01592927293633,-39.924301099452606],[-72.0160887131091,-39.924249347671534],[-72.01645541706303,-39.924714970713005],[-72.01656125126884,-39.92506215756908],[-72.01649318361834,-39.92523729011145],[-72.01600273365918,-39.92567152681753],[-72.01583116668029,-39.92600225890656],[-72.01520890773541,-39.926579896522725],[-72.01521273195264,-39.92679327653451],[-72.01482391408177,-39.927754472227264],[-72.01473719138482,-39.92863666443438],[-72.01445326052158,-39.92904828640683],[-72.01398947144969,-39.92944168002763],[-72.01375569062417,-39.92927801113233],[-72.01347534163429,-39.92935424190055],[-72.01330963436321,-39.92930417716935],[-72.01383035859287,-39.92919049723163],[-72.01398223458466,-39.92875685357908],[-72.01369765309612,-39.92834919841223],[-72.01373556141156,-39.92803364391804],[-72.013621244788,-39.92788174092492],[-72.013432029575,-39.92778376546042],[-72.01332486568602,-39.92760644475318],[-72.01306567948765,-39.927588125091845],[-72.0129899711918,-39.92766065107677],[-72.01290224137337,-39.92745357437585],[-72.01305001690075,-39.92739221638427],[-72.01312855631937,-39.92725459505656],[-72.01327104509397,-39.92745377363803],[-72.01355327598948,-39.9274982887445],[-72.01355171286332,-39.927256194778415],[-72.0137828245687,-39.92722491343083],[-72.01392175537289,-39.92708884825592],[-72.01375872104256,-39.9269449993878],[-72.01324015120291,-39.92691301126873],[-72.01297903522281,-39.92675425016111],[-72.01266774401834,-39.92687604679295],[-72.01247524797728,-39.9268710827485],[-72.01248169577879,-39.9267228793695],[-72.01264664155933,-39.926657953569546],[-72.01263269835539,-39.92642255077051],[-72.01317380310023,-39.92649236160929],[-72.01332117182173,-39.92644030250679],[-72.0133505867349,-39.92632003400937],[-72.01366745781286,-39.926263034506825],[-72.01415727699,-39.926413699963064],[-72.01442107264994,-39.92672932731125],[-72.01466143083738,-39.92676345079104],[-72.01499503041119,-39.92659981651463],[-72.01537335179388,-39.92624182848219],[-72.01518701533803,-39.92579946891615],[-72.01419663914903,-39.92549465486232],[-72.01419871228556,-39.92516886669786],[-72.01390362968698,-39.92500299511428],[-72.01364982649916,-39.92462476066002],[-72.0137296116102,-39.924527901139726],[-72.01406555080582,-39.92461615874004]],[[-72.03827745363351,-39.9144158965227],[-72.03812574378738,-39.91442947407625],[-72.03812295697949,-39.91431884885445],[-72.03863103024295,-39.91411654720603],[-72.03889102997063,-39.9141188491206],[-72.03901636453192,-39.91427768028515],[-72.03902190836979,-39.91432437101979],[-72.03874149011052,-39.914311385379605],[-72.03848433223203,-39.9144345457311],[-72.03827745363351,-39.9144158965227]],[[-72.0055619996471,-39.935041951959],[-72.00582124039394,-39.93564081830571],[-72.00579719570601,-39.93590762630259],[-72.00565837366243,-39.93596134429451],[-72.00512588226175,-39.93593802764803],[-72.00476065186676,-39.936062299272926],[-72.00460078900878,-39.93602951247047],[-72.00452976023446,-39.93595126736609],[-72.00461452670493,-39.93571468300281],[-72.00450964924713,-39.935559154210054],[-72.00450766367938,-39.93532032657003],[-72.00470146901084,-39.935143867995315],[-72.0048052867547,-39.934754959211574],[-72.00504533174228,-39.93465610402116],[-72.00524237060273,-39.93468985127592],[-72.00556574498079,-39.934956089288804],[-72.0055619996471,-39.935041951959]],[[-72.039867834425,-39.91212326956613],[-72.0397785145741,-39.91209189429404],[-72.03975887669502,-39.9120215689375],[-72.03991462288866,-39.91208955317191],[-72.039867834425,-39.91212326956613]],[[-72.0400610332618,-39.91202347011109],[-72.04006428844576,-39.911947911031994],[-72.04019059534859,-39.91199768688471],[-72.04023062318315,-39.9121209007683],[-72.0400610332618,-39.91202347011109]],[[-72.02385692189263,-39.92741002404385],[-72.02388670947457,-39.92755974564113],[-72.0235134760514,-39.927522227347126],[-72.02309234695782,-39.92719487419538],[-72.02278396174202,-39.92677731934137],[-72.02291602057396,-39.92679933264703],[-72.02337056084943,-39.927192713308024],[-72.02385692189263,-39.92741002404385]],[[-72.02606768223916,-39.9515151182708],[-72.02596214954328,-39.951717223102655],[-72.02584091571279,-39.95172342000063],[-72.02576480010728,-39.95152596088913],[-72.02583327779566,-39.951341524276344],[-72.02598995375675,-39.95135485687508],[-72.02606768223916,-39.9515151182708]]],[[[-72.0042879160716,-39.9302848197852],[-72.00447879332401,-39.930175143007695],[-72.00421289654065,-39.930005327220314],[-72.00391832973166,-39.92994097470422],[-72.00372933724778,-39.929668234315336],[-72.00381938754762,-39.92936535224839],[-72.00370981562602,-39.92928753281003],[-72.00316094652848,-39.92938652477838],[-72.00239847454067,-39.92923308267183],[-72.00212126963494,-39.92933097096201],[-72.00197745985025,-39.9294991682785],[-72.00201578069922,-39.92975803849203],[-72.00230860807201,-39.92987067795939],[-72.00235562548457,-39.9300724667759],[-72.00339484790986,-39.93028082375198],[-72.0042879160716,-39.9302848197852]]],[[[-72.00097622807556,-39.92827937047921],[-72.00064331738544,-39.9282325472995],[-72.00037850613805,-39.92833075232462],[-72.00031779763074,-39.92830052719428],[-72.00037319945582,-39.928168246997025],[-72.00001175500437,-39.928206642649194],[-71.99986794274072,-39.92837483726914],[-72.00015659245399,-39.928582884445035],[-72.00006109659071,-39.92878098361557],[-72.00020479714838,-39.928899317471426],[-72.0003287158516,-39.928902526285164],[-72.00077034920972,-39.92873249105789],[-72.00125701115311,-39.92871643660831],[-72.0013579434922,-39.92860682439277],[-72.00132813653748,-39.92850815451964],[-72.00097622807556,-39.92827937047921]]],[[[-72.0330173923227,-39.929445974062304],[-72.03336485208948,-39.9292407474318],[-72.03334049316213,-39.92894143032121],[-72.03250287990691,-39.92907126124799],[-72.03230937012988,-39.9291768578542],[-72.0323113930593,-39.92930491918462],[-72.03246541105383,-39.9294135996836],[-72.03285522301327,-39.929487589261015],[-72.0330173923227,-39.929445974062304]]]]}}],"availableYears":[1979,1987,2000,2005,2017,2020,2022,2023,2024,2025,2026],"missingYears":[1976,1986,2015],"source":"Archivo SIG de Mocho_DGA y Anexo 2. Cada geometría conserva ruta, CRS y año del archivo original.","note":"Los contornos de 1979 y 1987 están identificados con esos años en el proyecto QGIS 2022–2023; no se reasignan a 1976 ni 1986. Las áreas publicadas proceden del Excel, no de las geometrías simplificadas."}